--------------------------------------------------------
--  파일이 생성됨 - 목요일-11월-25-2021   
--------------------------------------------------------
--------------------------------------------------------
--  DDL for Sequence ANS_SEQ
--------------------------------------------------------

   CREATE SEQUENCE  "TEAM4_202104F"."ANS_SEQ"  MINVALUE 1 MAXVALUE 9999999999999999999999999999 INCREMENT BY 1 START WITH 401 CACHE 20 NOORDER  NOCYCLE ;
--------------------------------------------------------
--  DDL for Sequence ATCH_SEQ
--------------------------------------------------------

   CREATE SEQUENCE  "TEAM4_202104F"."ATCH_SEQ"  MINVALUE 1 MAXVALUE 9999999999999999999999999999 INCREMENT BY 1 START WITH 661 CACHE 20 NOORDER  NOCYCLE ;
--------------------------------------------------------
--  DDL for Sequence CTSN_SEQ
--------------------------------------------------------

   CREATE SEQUENCE  "TEAM4_202104F"."CTSN_SEQ"  MINVALUE 1 MAXVALUE 9999999999999999999999999999 INCREMENT BY 1 START WITH 341 CACHE 20 NOORDER  NOCYCLE ;
--------------------------------------------------------
--  DDL for Sequence DBXCCR_SEQ
--------------------------------------------------------

   CREATE SEQUENCE  "TEAM4_202104F"."DBXCCR_SEQ"  MINVALUE 1 MAXVALUE 9999999999999999999999999999 INCREMENT BY 1 START WITH 361 CACHE 20 NOORDER  NOCYCLE ;
--------------------------------------------------------
--  DDL for Sequence DBX_SEQ
--------------------------------------------------------

   CREATE SEQUENCE  "TEAM4_202104F"."DBX_SEQ"  MINVALUE 1 MAXVALUE 9999999999999999999999999999 INCREMENT BY 1 START WITH 341 CACHE 20 NOORDER  NOCYCLE ;
--------------------------------------------------------
--  DDL for Sequence DCLZ_MNGT_SEQ
--------------------------------------------------------

   CREATE SEQUENCE  "TEAM4_202104F"."DCLZ_MNGT_SEQ"  MINVALUE 1 MAXVALUE 9999999999999999999999999999 INCREMENT BY 1 START WITH 1 CACHE 20 NOORDER  NOCYCLE ;
--------------------------------------------------------
--  DDL for Sequence DCLZ_SEQ
--------------------------------------------------------

   CREATE SEQUENCE  "TEAM4_202104F"."DCLZ_SEQ"  MINVALUE 1 MAXVALUE 9999 INCREMENT BY 1 START WITH 21 CACHE 20 NOORDER  NOCYCLE ;
--------------------------------------------------------
--  DDL for Sequence ECCST_BKMK_SANCTN_LN_DTLS_SEQ
--------------------------------------------------------

   CREATE SEQUENCE  "TEAM4_202104F"."ECCST_BKMK_SANCTN_LN_DTLS_SEQ"  MINVALUE 1 MAXVALUE 9999999999999999999999999999 INCREMENT BY 1 START WITH 261 CACHE 20 NOORDER  NOCYCLE ;
--------------------------------------------------------
--  DDL for Sequence ECCST_BKMK_SANCTN_LN_SEQ
--------------------------------------------------------

   CREATE SEQUENCE  "TEAM4_202104F"."ECCST_BKMK_SANCTN_LN_SEQ"  MINVALUE 1 MAXVALUE 9999999999999999999999999999 INCREMENT BY 1 START WITH 221 CACHE 20 NOORDER  NOCYCLE ;
--------------------------------------------------------
--  DDL for Sequence ECCST_DBX_SEQ
--------------------------------------------------------

   CREATE SEQUENCE  "TEAM4_202104F"."ECCST_DBX_SEQ"  MINVALUE 1 MAXVALUE 9999999999999999999999999999 INCREMENT BY 1 START WITH 521 CACHE 20 NOORDER  NOCYCLE ;
--------------------------------------------------------
--  DDL for Sequence ECCST_SANCTNER_SEQ
--------------------------------------------------------

   CREATE SEQUENCE  "TEAM4_202104F"."ECCST_SANCTNER_SEQ"  MINVALUE 1 MAXVALUE 9999999999999999999999999999 INCREMENT BY 1 START WITH 481 CACHE 20 NOORDER  NOCYCLE ;
--------------------------------------------------------
--  DDL for Sequence ECCST_SANCTN_MNGT_SEQ
--------------------------------------------------------

   CREATE SEQUENCE  "TEAM4_202104F"."ECCST_SANCTN_MNGT_SEQ"  MINVALUE 1 MAXVALUE 9999999999999999999999999999 INCREMENT BY 1 START WITH 301 CACHE 20 NOORDER  NOCYCLE ;
--------------------------------------------------------
--  DDL for Sequence ERF_SEQ
--------------------------------------------------------

   CREATE SEQUENCE  "TEAM4_202104F"."ERF_SEQ"  MINVALUE 1 MAXVALUE 9999999999999999999999999999 INCREMENT BY 1 START WITH 21 CACHE 20 NOORDER  NOCYCLE ;
--------------------------------------------------------
--  DDL for Sequence FREE_SEQ
--------------------------------------------------------

   CREATE SEQUENCE  "TEAM4_202104F"."FREE_SEQ"  MINVALUE 1 MAXVALUE 9999999999999999999999999999 INCREMENT BY 1 START WITH 81 CACHE 20 NOORDER  NOCYCLE ;
--------------------------------------------------------
--  DDL for Sequence JANS_SEQ
--------------------------------------------------------

   CREATE SEQUENCE  "TEAM4_202104F"."JANS_SEQ"  MINVALUE 1 MAXVALUE 9999999999999999999999999999 INCREMENT BY 1 START WITH 1 CACHE 20 NOORDER  NOCYCLE ;
--------------------------------------------------------
--  DDL for Sequence JOB_SEQ
--------------------------------------------------------

   CREATE SEQUENCE  "TEAM4_202104F"."JOB_SEQ"  MINVALUE 1 MAXVALUE 9999999999999999999999999999 INCREMENT BY 1 START WITH 481 CACHE 20 NOORDER  NOCYCLE ;
--------------------------------------------------------
--  DDL for Sequence JRCV_SEQ
--------------------------------------------------------

   CREATE SEQUENCE  "TEAM4_202104F"."JRCV_SEQ"  MINVALUE 1 MAXVALUE 9999999999999999999999999999 INCREMENT BY 1 START WITH 361 CACHE 20 NOORDER  NOCYCLE ;
--------------------------------------------------------
--  DDL for Sequence MNGT_SEQ
--------------------------------------------------------

   CREATE SEQUENCE  "TEAM4_202104F"."MNGT_SEQ"  MINVALUE 1 MAXVALUE 9999999999999999999999999999 INCREMENT BY 1 START WITH 201 CACHE 20 NOORDER  NOCYCLE ;
--------------------------------------------------------
--  DDL for Sequence NEWS_SEQ
--------------------------------------------------------

   CREATE SEQUENCE  "TEAM4_202104F"."NEWS_SEQ"  MINVALUE 1 MAXVALUE 9999999999999999999999999999 INCREMENT BY 1 START WITH 221 CACHE 20 NOORDER  NOCYCLE ;
--------------------------------------------------------
--  DDL for Sequence NOTICE_SEQ
--------------------------------------------------------

   CREATE SEQUENCE  "TEAM4_202104F"."NOTICE_SEQ"  MINVALUE 1 MAXVALUE 9999999999999999999999999999 INCREMENT BY 1 START WITH 221 CACHE 20 NOORDER  NOCYCLE ;
--------------------------------------------------------
--  DDL for Sequence NTCN_SEQ
--------------------------------------------------------

   CREATE SEQUENCE  "TEAM4_202104F"."NTCN_SEQ"  MINVALUE 1 MAXVALUE 9999999999999999999999999999 INCREMENT BY 1 START WITH 1 CACHE 20 NOORDER  NOCYCLE ;
--------------------------------------------------------
--  DDL for Sequence SCH_SEQ
--------------------------------------------------------

   CREATE SEQUENCE  "TEAM4_202104F"."SCH_SEQ"  MINVALUE 1 MAXVALUE 9999999999999999999999999999 INCREMENT BY 1 START WITH 421 CACHE 20 NOORDER  NOCYCLE ;
--------------------------------------------------------
--  DDL for Sequence VCATNCODE_SEQ
--------------------------------------------------------

   CREATE SEQUENCE  "TEAM4_202104F"."VCATNCODE_SEQ"  MINVALUE 1 MAXVALUE 9999999999999999999999999999 INCREMENT BY 1 START WITH 1 CACHE 20 NOORDER  NOCYCLE ;
--------------------------------------------------------
--  DDL for Sequence VCATN_SEQ
--------------------------------------------------------

   CREATE SEQUENCE  "TEAM4_202104F"."VCATN_SEQ"  MINVALUE 1 MAXVALUE 9999999999999999999999999999 INCREMENT BY 1 START WITH 81 CACHE 20 NOORDER  NOCYCLE ;
--------------------------------------------------------
--  DDL for Table ACT_DTLS
--------------------------------------------------------

  CREATE TABLE "TEAM4_202104F"."ACT_DTLS" 
   (	"ACT_DTLS_NO" VARCHAR2(20 BYTE), 
	"EMPNO" NUMBER, 
	"ACT_DE" DATE, 
	"ACT_CN" VARCHAR2(4000 BYTE)
   ) SEGMENT CREATION IMMEDIATE 
  PCTFREE 10 PCTUSED 40 INITRANS 1 MAXTRANS 255 NOCOMPRESS LOGGING
  STORAGE(INITIAL 65536 NEXT 1048576 MINEXTENTS 1 MAXEXTENTS 2147483645
  PCTINCREASE 0 FREELISTS 1 FREELIST GROUPS 1 BUFFER_POOL DEFAULT FLASH_CACHE DEFAULT CELL_FLASH_CACHE DEFAULT)
  TABLESPACE "TS_202104F" ;

   COMMENT ON COLUMN "TEAM4_202104F"."ACT_DTLS"."ACT_DTLS_NO" IS '활동내역번호';
   COMMENT ON COLUMN "TEAM4_202104F"."ACT_DTLS"."EMPNO" IS '사번';
   COMMENT ON COLUMN "TEAM4_202104F"."ACT_DTLS"."ACT_DE" IS '활동일자';
   COMMENT ON COLUMN "TEAM4_202104F"."ACT_DTLS"."ACT_CN" IS '활동내용';
   COMMENT ON TABLE "TEAM4_202104F"."ACT_DTLS"  IS '활동내역';
--------------------------------------------------------
--  DDL for Table ATCH_MNFL
--------------------------------------------------------

  CREATE TABLE "TEAM4_202104F"."ATCH_MNFL" 
   (	"FILE_NO" VARCHAR2(50 BYTE), 
	"FILE_NM" VARCHAR2(500 BYTE), 
	"FILE_TYPE" VARCHAR2(50 BYTE), 
	"BBSCTT_NO" VARCHAR2(20 BYTE), 
	"ATCH_ORDER" NUMBER, 
	"UPLOADPATH" VARCHAR2(50 BYTE)
   ) SEGMENT CREATION IMMEDIATE 
  PCTFREE 10 PCTUSED 40 INITRANS 1 MAXTRANS 255 NOCOMPRESS LOGGING
  STORAGE(INITIAL 65536 NEXT 1048576 MINEXTENTS 1 MAXEXTENTS 2147483645
  PCTINCREASE 0 FREELISTS 1 FREELIST GROUPS 1 BUFFER_POOL DEFAULT FLASH_CACHE DEFAULT CELL_FLASH_CACHE DEFAULT)
  TABLESPACE "TS_202104F" ;

   COMMENT ON COLUMN "TEAM4_202104F"."ATCH_MNFL"."FILE_NO" IS '파일번호';
   COMMENT ON COLUMN "TEAM4_202104F"."ATCH_MNFL"."FILE_NM" IS '파일명';
   COMMENT ON COLUMN "TEAM4_202104F"."ATCH_MNFL"."FILE_TYPE" IS '확장자명';
   COMMENT ON COLUMN "TEAM4_202104F"."ATCH_MNFL"."BBSCTT_NO" IS '게시글번호';
   COMMENT ON COLUMN "TEAM4_202104F"."ATCH_MNFL"."ATCH_ORDER" IS '저장순번
';
   COMMENT ON COLUMN "TEAM4_202104F"."ATCH_MNFL"."UPLOADPATH" IS '저장경로';
   COMMENT ON TABLE "TEAM4_202104F"."ATCH_MNFL"  IS '첨부파일';
--------------------------------------------------------
--  DDL for Table BBS_CMPNY_DSPTCH
--------------------------------------------------------

  CREATE TABLE "TEAM4_202104F"."BBS_CMPNY_DSPTCH" 
   (	"BBSCTT_NO" VARCHAR2(20 BYTE), 
	"SJ" VARCHAR2(100 BYTE), 
	"RGSDE" DATE, 
	"EMPNO" NUMBER, 
	"RDCNT" NUMBER DEFAULT 0, 
	"EMP_NM" VARCHAR2(20 BYTE), 
	"CN" VARCHAR2(4000 BYTE)
   ) SEGMENT CREATION IMMEDIATE 
  PCTFREE 10 PCTUSED 40 INITRANS 1 MAXTRANS 255 NOCOMPRESS LOGGING
  STORAGE(INITIAL 65536 NEXT 1048576 MINEXTENTS 1 MAXEXTENTS 2147483645
  PCTINCREASE 0 FREELISTS 1 FREELIST GROUPS 1 BUFFER_POOL DEFAULT FLASH_CACHE DEFAULT CELL_FLASH_CACHE DEFAULT)
  TABLESPACE "TS_202104F" ;

   COMMENT ON COLUMN "TEAM4_202104F"."BBS_CMPNY_DSPTCH"."BBSCTT_NO" IS '게시글번호';
   COMMENT ON COLUMN "TEAM4_202104F"."BBS_CMPNY_DSPTCH"."SJ" IS '제목';
   COMMENT ON COLUMN "TEAM4_202104F"."BBS_CMPNY_DSPTCH"."RGSDE" IS '등록일';
   COMMENT ON COLUMN "TEAM4_202104F"."BBS_CMPNY_DSPTCH"."EMPNO" IS '사번';
   COMMENT ON COLUMN "TEAM4_202104F"."BBS_CMPNY_DSPTCH"."RDCNT" IS '조회수';
   COMMENT ON COLUMN "TEAM4_202104F"."BBS_CMPNY_DSPTCH"."EMP_NM" IS '작성자이름';
   COMMENT ON COLUMN "TEAM4_202104F"."BBS_CMPNY_DSPTCH"."CN" IS '내용';
   COMMENT ON TABLE "TEAM4_202104F"."BBS_CMPNY_DSPTCH"  IS '회사소식게시판';
--------------------------------------------------------
--  DDL for Table BBS_CTSNNBD
--------------------------------------------------------

  CREATE TABLE "TEAM4_202104F"."BBS_CTSNNBD" 
   (	"BBSCTT_NO" VARCHAR2(20 BYTE), 
	"SJ" VARCHAR2(100 BYTE), 
	"RGSDE" DATE DEFAULT SYSDATE, 
	"EMPNO" NUMBER, 
	"RDCNT" NUMBER DEFAULT 0, 
	"EMP_NM" VARCHAR2(20 BYTE), 
	"CN" VARCHAR2(4000 BYTE)
   ) SEGMENT CREATION IMMEDIATE 
  PCTFREE 10 PCTUSED 40 INITRANS 1 MAXTRANS 255 NOCOMPRESS LOGGING
  STORAGE(INITIAL 65536 NEXT 1048576 MINEXTENTS 1 MAXEXTENTS 2147483645
  PCTINCREASE 0 FREELISTS 1 FREELIST GROUPS 1 BUFFER_POOL DEFAULT FLASH_CACHE DEFAULT CELL_FLASH_CACHE DEFAULT)
  TABLESPACE "TS_202104F" ;

   COMMENT ON COLUMN "TEAM4_202104F"."BBS_CTSNNBD"."BBSCTT_NO" IS '게시글번호';
   COMMENT ON COLUMN "TEAM4_202104F"."BBS_CTSNNBD"."SJ" IS '제목';
   COMMENT ON COLUMN "TEAM4_202104F"."BBS_CTSNNBD"."RGSDE" IS '등록일';
   COMMENT ON COLUMN "TEAM4_202104F"."BBS_CTSNNBD"."EMPNO" IS '사번';
   COMMENT ON COLUMN "TEAM4_202104F"."BBS_CTSNNBD"."RDCNT" IS '조회수';
   COMMENT ON COLUMN "TEAM4_202104F"."BBS_CTSNNBD"."EMP_NM" IS '작성자이름';
   COMMENT ON COLUMN "TEAM4_202104F"."BBS_CTSNNBD"."CN" IS '내용';
   COMMENT ON TABLE "TEAM4_202104F"."BBS_CTSNNBD"  IS '경조사게시판';
--------------------------------------------------------
--  DDL for Table BBS_FREEBD
--------------------------------------------------------

  CREATE TABLE "TEAM4_202104F"."BBS_FREEBD" 
   (	"BBSCTT_NO" VARCHAR2(20 BYTE), 
	"SJ" VARCHAR2(50 BYTE), 
	"RGSDE" DATE DEFAULT sysdate, 
	"EMPNO" NUMBER, 
	"RDCNT" NUMBER DEFAULT 0, 
	"EMP_NM" VARCHAR2(20 BYTE), 
	"CN" VARCHAR2(4000 BYTE)
   ) SEGMENT CREATION IMMEDIATE 
  PCTFREE 10 PCTUSED 40 INITRANS 1 MAXTRANS 255 NOCOMPRESS LOGGING
  STORAGE(INITIAL 65536 NEXT 1048576 MINEXTENTS 1 MAXEXTENTS 2147483645
  PCTINCREASE 0 FREELISTS 1 FREELIST GROUPS 1 BUFFER_POOL DEFAULT FLASH_CACHE DEFAULT CELL_FLASH_CACHE DEFAULT)
  TABLESPACE "TS_202104F" ;

   COMMENT ON COLUMN "TEAM4_202104F"."BBS_FREEBD"."BBSCTT_NO" IS '게시글번호';
   COMMENT ON COLUMN "TEAM4_202104F"."BBS_FREEBD"."SJ" IS '제목';
   COMMENT ON COLUMN "TEAM4_202104F"."BBS_FREEBD"."RGSDE" IS '등록일';
   COMMENT ON COLUMN "TEAM4_202104F"."BBS_FREEBD"."EMPNO" IS '사번';
   COMMENT ON COLUMN "TEAM4_202104F"."BBS_FREEBD"."RDCNT" IS '조회수';
   COMMENT ON COLUMN "TEAM4_202104F"."BBS_FREEBD"."EMP_NM" IS '작성자이름';
   COMMENT ON COLUMN "TEAM4_202104F"."BBS_FREEBD"."CN" IS '내용';
   COMMENT ON TABLE "TEAM4_202104F"."BBS_FREEBD"  IS '자유게시판';
--------------------------------------------------------
--  DDL for Table BBS_MNGTBD
--------------------------------------------------------

  CREATE TABLE "TEAM4_202104F"."BBS_MNGTBD" 
   (	"BBSCTT_NO" VARCHAR2(20 BYTE), 
	"SJ" VARCHAR2(100 BYTE), 
	"RGSDE" DATE, 
	"EMPNO" NUMBER, 
	"RDCNT" NUMBER DEFAULT 0, 
	"EMP_NM" VARCHAR2(20 BYTE), 
	"CN" VARCHAR2(4000 BYTE)
   ) SEGMENT CREATION IMMEDIATE 
  PCTFREE 10 PCTUSED 40 INITRANS 1 MAXTRANS 255 NOCOMPRESS LOGGING
  STORAGE(INITIAL 65536 NEXT 1048576 MINEXTENTS 1 MAXEXTENTS 2147483645
  PCTINCREASE 0 FREELISTS 1 FREELIST GROUPS 1 BUFFER_POOL DEFAULT FLASH_CACHE DEFAULT CELL_FLASH_CACHE DEFAULT)
  TABLESPACE "TS_202104F" ;

   COMMENT ON COLUMN "TEAM4_202104F"."BBS_MNGTBD"."BBSCTT_NO" IS '게시글번호';
   COMMENT ON COLUMN "TEAM4_202104F"."BBS_MNGTBD"."SJ" IS '제목';
   COMMENT ON COLUMN "TEAM4_202104F"."BBS_MNGTBD"."RGSDE" IS '등록일';
   COMMENT ON COLUMN "TEAM4_202104F"."BBS_MNGTBD"."EMPNO" IS '사번';
   COMMENT ON COLUMN "TEAM4_202104F"."BBS_MNGTBD"."RDCNT" IS '조회수';
   COMMENT ON COLUMN "TEAM4_202104F"."BBS_MNGTBD"."EMP_NM" IS '작성자이름';
   COMMENT ON COLUMN "TEAM4_202104F"."BBS_MNGTBD"."CN" IS '내용';
   COMMENT ON TABLE "TEAM4_202104F"."BBS_MNGTBD"  IS '관리부게시판';
--------------------------------------------------------
--  DDL for Table BBS_NTBD
--------------------------------------------------------

  CREATE TABLE "TEAM4_202104F"."BBS_NTBD" 
   (	"BBSCTT_NO" VARCHAR2(20 BYTE), 
	"SJ" VARCHAR2(100 BYTE), 
	"RGSDE" DATE, 
	"EMPNO" NUMBER, 
	"RDCNT" NUMBER DEFAULT 0, 
	"EMP_NM" VARCHAR2(20 BYTE), 
	"CN" VARCHAR2(4000 BYTE)
   ) SEGMENT CREATION IMMEDIATE 
  PCTFREE 10 PCTUSED 40 INITRANS 1 MAXTRANS 255 NOCOMPRESS LOGGING
  STORAGE(INITIAL 65536 NEXT 1048576 MINEXTENTS 1 MAXEXTENTS 2147483645
  PCTINCREASE 0 FREELISTS 1 FREELIST GROUPS 1 BUFFER_POOL DEFAULT FLASH_CACHE DEFAULT CELL_FLASH_CACHE DEFAULT)
  TABLESPACE "TS_202104F" ;

   COMMENT ON COLUMN "TEAM4_202104F"."BBS_NTBD"."BBSCTT_NO" IS '게시글번호';
   COMMENT ON COLUMN "TEAM4_202104F"."BBS_NTBD"."SJ" IS '제목';
   COMMENT ON COLUMN "TEAM4_202104F"."BBS_NTBD"."RGSDE" IS '등록일';
   COMMENT ON COLUMN "TEAM4_202104F"."BBS_NTBD"."EMPNO" IS '사번';
   COMMENT ON COLUMN "TEAM4_202104F"."BBS_NTBD"."RDCNT" IS '조회수';
   COMMENT ON COLUMN "TEAM4_202104F"."BBS_NTBD"."EMP_NM" IS '작성자이름';
   COMMENT ON COLUMN "TEAM4_202104F"."BBS_NTBD"."CN" IS '내용';
   COMMENT ON TABLE "TEAM4_202104F"."BBS_NTBD"  IS '공지사항게시판';
--------------------------------------------------------
--  DDL for Table CODE
--------------------------------------------------------

  CREATE TABLE "TEAM4_202104F"."CODE" 
   (	"CODE_NO" VARCHAR2(20 BYTE), 
	"CODE_CL" VARCHAR2(50 BYTE), 
	"CODE_DC" VARCHAR2(50 BYTE), 
	"CODE_DTLS" VARCHAR2(100 BYTE)
   ) SEGMENT CREATION IMMEDIATE 
  PCTFREE 10 PCTUSED 40 INITRANS 1 MAXTRANS 255 NOCOMPRESS LOGGING
  STORAGE(INITIAL 65536 NEXT 1048576 MINEXTENTS 1 MAXEXTENTS 2147483645
  PCTINCREASE 0 FREELISTS 1 FREELIST GROUPS 1 BUFFER_POOL DEFAULT FLASH_CACHE DEFAULT CELL_FLASH_CACHE DEFAULT)
  TABLESPACE "TS_202104F" ;

   COMMENT ON COLUMN "TEAM4_202104F"."CODE"."CODE_NO" IS '코드번호';
   COMMENT ON COLUMN "TEAM4_202104F"."CODE"."CODE_CL" IS '코드분류';
   COMMENT ON COLUMN "TEAM4_202104F"."CODE"."CODE_DC" IS '코드설명';
   COMMENT ON COLUMN "TEAM4_202104F"."CODE"."CODE_DTLS" IS '코드상세';
   COMMENT ON TABLE "TEAM4_202104F"."CODE"  IS '코드';
--------------------------------------------------------
--  DDL for Table DBX
--------------------------------------------------------

  CREATE TABLE "TEAM4_202104F"."DBX" 
   (	"DBX_NO" VARCHAR2(20 BYTE), 
	"EMPNO" NUMBER, 
	"DBX_SE" VARCHAR2(20 BYTE), 
	"SJ" VARCHAR2(50 BYTE), 
	"RGSDE" DATE, 
	"EMP_NM" VARCHAR2(20 BYTE), 
	"CN" VARCHAR2(4000 BYTE)
   ) SEGMENT CREATION IMMEDIATE 
  PCTFREE 10 PCTUSED 40 INITRANS 1 MAXTRANS 255 NOCOMPRESS LOGGING
  STORAGE(INITIAL 65536 NEXT 1048576 MINEXTENTS 1 MAXEXTENTS 2147483645
  PCTINCREASE 0 FREELISTS 1 FREELIST GROUPS 1 BUFFER_POOL DEFAULT FLASH_CACHE DEFAULT CELL_FLASH_CACHE DEFAULT)
  TABLESPACE "TS_202104F" ;

   COMMENT ON COLUMN "TEAM4_202104F"."DBX"."DBX_NO" IS '문서함번호';
   COMMENT ON COLUMN "TEAM4_202104F"."DBX"."EMPNO" IS '사번';
   COMMENT ON COLUMN "TEAM4_202104F"."DBX"."DBX_SE" IS '문서함구분';
   COMMENT ON COLUMN "TEAM4_202104F"."DBX"."SJ" IS '제목';
   COMMENT ON COLUMN "TEAM4_202104F"."DBX"."RGSDE" IS '등록일';
   COMMENT ON COLUMN "TEAM4_202104F"."DBX"."EMP_NM" IS '작성자이름';
   COMMENT ON COLUMN "TEAM4_202104F"."DBX"."CN" IS '내용';
   COMMENT ON TABLE "TEAM4_202104F"."DBX"  IS '문서함';
--------------------------------------------------------
--  DDL for Table DBX_COCNR
--------------------------------------------------------

  CREATE TABLE "TEAM4_202104F"."DBX_COCNR" 
   (	"COCNR_NO" VARCHAR2(20 BYTE), 
	"DBX_NO" VARCHAR2(20 BYTE), 
	"COCNR_EMPNO" NUMBER, 
	"COCNR_NM" VARCHAR2(20 BYTE), 
	"RCVR_EMPNO" NUMBER
   ) SEGMENT CREATION IMMEDIATE 
  PCTFREE 10 PCTUSED 40 INITRANS 1 MAXTRANS 255 NOCOMPRESS LOGGING
  STORAGE(INITIAL 65536 NEXT 1048576 MINEXTENTS 1 MAXEXTENTS 2147483645
  PCTINCREASE 0 FREELISTS 1 FREELIST GROUPS 1 BUFFER_POOL DEFAULT FLASH_CACHE DEFAULT CELL_FLASH_CACHE DEFAULT)
  TABLESPACE "TS_202104F" ;

   COMMENT ON COLUMN "TEAM4_202104F"."DBX_COCNR"."COCNR_NO" IS '공유자번호';
   COMMENT ON COLUMN "TEAM4_202104F"."DBX_COCNR"."DBX_NO" IS '문서함번호';
   COMMENT ON COLUMN "TEAM4_202104F"."DBX_COCNR"."COCNR_EMPNO" IS '공유자사번';
   COMMENT ON COLUMN "TEAM4_202104F"."DBX_COCNR"."COCNR_NM" IS '공유자이름
';
   COMMENT ON COLUMN "TEAM4_202104F"."DBX_COCNR"."RCVR_EMPNO" IS '수신자사번';
   COMMENT ON TABLE "TEAM4_202104F"."DBX_COCNR"  IS '공유자';
--------------------------------------------------------
--  DDL for Table DCLZ_COMMUTE
--------------------------------------------------------

  CREATE TABLE "TEAM4_202104F"."DCLZ_COMMUTE" 
   (	"CMTE_CODE" VARCHAR2(20 BYTE), 
	"BGNTIME" NUMBER, 
	"ENDTIME" NUMBER
   ) SEGMENT CREATION IMMEDIATE 
  PCTFREE 10 PCTUSED 40 INITRANS 1 MAXTRANS 255 NOCOMPRESS LOGGING
  STORAGE(INITIAL 65536 NEXT 1048576 MINEXTENTS 1 MAXEXTENTS 2147483645
  PCTINCREASE 0 FREELISTS 1 FREELIST GROUPS 1 BUFFER_POOL DEFAULT FLASH_CACHE DEFAULT CELL_FLASH_CACHE DEFAULT)
  TABLESPACE "TS_202104F" ;

   COMMENT ON COLUMN "TEAM4_202104F"."DCLZ_COMMUTE"."CMTE_CODE" IS '시차출퇴근제코드';
   COMMENT ON COLUMN "TEAM4_202104F"."DCLZ_COMMUTE"."BGNTIME" IS '시작시간';
   COMMENT ON COLUMN "TEAM4_202104F"."DCLZ_COMMUTE"."ENDTIME" IS '종료시간';
   COMMENT ON TABLE "TEAM4_202104F"."DCLZ_COMMUTE"  IS '시차출퇴근제코드';
--------------------------------------------------------
--  DDL for Table DCLZ_COMMUTE_LOG
--------------------------------------------------------

  CREATE TABLE "TEAM4_202104F"."DCLZ_COMMUTE_LOG" 
   (	"CMTE_CODE" VARCHAR2(20 BYTE), 
	"EMPNO" NUMBER, 
	"BGNDE" DATE, 
	"ENDDE" DATE
   ) SEGMENT CREATION IMMEDIATE 
  PCTFREE 10 PCTUSED 40 INITRANS 1 MAXTRANS 255 NOCOMPRESS LOGGING
  STORAGE(INITIAL 65536 NEXT 1048576 MINEXTENTS 1 MAXEXTENTS 2147483645
  PCTINCREASE 0 FREELISTS 1 FREELIST GROUPS 1 BUFFER_POOL DEFAULT FLASH_CACHE DEFAULT CELL_FLASH_CACHE DEFAULT)
  TABLESPACE "TS_202104F" ;

   COMMENT ON COLUMN "TEAM4_202104F"."DCLZ_COMMUTE_LOG"."CMTE_CODE" IS '시차출퇴근제코드';
   COMMENT ON COLUMN "TEAM4_202104F"."DCLZ_COMMUTE_LOG"."EMPNO" IS '사번';
   COMMENT ON COLUMN "TEAM4_202104F"."DCLZ_COMMUTE_LOG"."BGNDE" IS '시작일자';
   COMMENT ON COLUMN "TEAM4_202104F"."DCLZ_COMMUTE_LOG"."ENDDE" IS '종료일자';
   COMMENT ON TABLE "TEAM4_202104F"."DCLZ_COMMUTE_LOG"  IS '시차출퇴근제 로그';
--------------------------------------------------------
--  DDL for Table DCLZ_MNGT
--------------------------------------------------------

  CREATE TABLE "TEAM4_202104F"."DCLZ_MNGT" 
   (	"DCLZ_NO" VARCHAR2(20 BYTE), 
	"EMPNO" NUMBER, 
	"ATTEND_TIME" DATE, 
	"LVFFC_TIME" DATE, 
	"ADIT_WORK_TIME" NUMBER, 
	"RGSDE" DATE, 
	"STTUS_CODE" VARCHAR2(20 BYTE)
   ) SEGMENT CREATION IMMEDIATE 
  PCTFREE 10 PCTUSED 40 INITRANS 1 MAXTRANS 255 NOCOMPRESS LOGGING
  STORAGE(INITIAL 65536 NEXT 1048576 MINEXTENTS 1 MAXEXTENTS 2147483645
  PCTINCREASE 0 FREELISTS 1 FREELIST GROUPS 1 BUFFER_POOL DEFAULT FLASH_CACHE DEFAULT CELL_FLASH_CACHE DEFAULT)
  TABLESPACE "TS_202104F" ;

   COMMENT ON COLUMN "TEAM4_202104F"."DCLZ_MNGT"."DCLZ_NO" IS '근태번호';
   COMMENT ON COLUMN "TEAM4_202104F"."DCLZ_MNGT"."EMPNO" IS '사번';
   COMMENT ON COLUMN "TEAM4_202104F"."DCLZ_MNGT"."ATTEND_TIME" IS '출근시간';
   COMMENT ON COLUMN "TEAM4_202104F"."DCLZ_MNGT"."LVFFC_TIME" IS '퇴근시간';
   COMMENT ON COLUMN "TEAM4_202104F"."DCLZ_MNGT"."ADIT_WORK_TIME" IS '추가근무시간';
   COMMENT ON COLUMN "TEAM4_202104F"."DCLZ_MNGT"."RGSDE" IS '등록일';
   COMMENT ON COLUMN "TEAM4_202104F"."DCLZ_MNGT"."STTUS_CODE" IS '상태코드';
   COMMENT ON TABLE "TEAM4_202104F"."DCLZ_MNGT"  IS '근태관리';
--------------------------------------------------------
--  DDL for Table DCLZ_VCATN
--------------------------------------------------------

  CREATE TABLE "TEAM4_202104F"."DCLZ_VCATN" 
   (	"VCATN_NO" VARCHAR2(20 BYTE), 
	"VCATN_CODE" VARCHAR2(20 BYTE), 
	"EMPNO" NUMBER, 
	"TOT_VCATN_DAYCNT" NUMBER, 
	"USE_VCATN_DAYCNT" NUMBER, 
	"EMPNM" VARCHAR2(20 BYTE), 
	"SANCTN_NO" VARCHAR2(20 BYTE)
   ) SEGMENT CREATION IMMEDIATE 
  PCTFREE 10 PCTUSED 40 INITRANS 1 MAXTRANS 255 NOCOMPRESS LOGGING
  STORAGE(INITIAL 65536 NEXT 1048576 MINEXTENTS 1 MAXEXTENTS 2147483645
  PCTINCREASE 0 FREELISTS 1 FREELIST GROUPS 1 BUFFER_POOL DEFAULT FLASH_CACHE DEFAULT CELL_FLASH_CACHE DEFAULT)
  TABLESPACE "TS_202104F" ;

   COMMENT ON COLUMN "TEAM4_202104F"."DCLZ_VCATN"."VCATN_NO" IS '휴가번호';
   COMMENT ON COLUMN "TEAM4_202104F"."DCLZ_VCATN"."VCATN_CODE" IS '휴가코드';
   COMMENT ON COLUMN "TEAM4_202104F"."DCLZ_VCATN"."EMPNO" IS '사번';
   COMMENT ON COLUMN "TEAM4_202104F"."DCLZ_VCATN"."TOT_VCATN_DAYCNT" IS '총 휴가일자';
   COMMENT ON COLUMN "TEAM4_202104F"."DCLZ_VCATN"."USE_VCATN_DAYCNT" IS '사용 휴가일자';
   COMMENT ON COLUMN "TEAM4_202104F"."DCLZ_VCATN"."EMPNM" IS '휴가자';
   COMMENT ON COLUMN "TEAM4_202104F"."DCLZ_VCATN"."SANCTN_NO" IS '결재번호
';
--------------------------------------------------------
--  DDL for Table DCLZ_VCATN_CODE
--------------------------------------------------------

  CREATE TABLE "TEAM4_202104F"."DCLZ_VCATN_CODE" 
   (	"VCATN_CODE" VARCHAR2(20 BYTE), 
	"VCATN_NM" VARCHAR2(50 BYTE), 
	"VCATN_DAYCNT" NUMBER
   ) SEGMENT CREATION IMMEDIATE 
  PCTFREE 10 PCTUSED 40 INITRANS 1 MAXTRANS 255 NOCOMPRESS LOGGING
  STORAGE(INITIAL 65536 NEXT 1048576 MINEXTENTS 1 MAXEXTENTS 2147483645
  PCTINCREASE 0 FREELISTS 1 FREELIST GROUPS 1 BUFFER_POOL DEFAULT FLASH_CACHE DEFAULT CELL_FLASH_CACHE DEFAULT)
  TABLESPACE "TS_202104F" ;

   COMMENT ON COLUMN "TEAM4_202104F"."DCLZ_VCATN_CODE"."VCATN_CODE" IS '휴가코드';
   COMMENT ON COLUMN "TEAM4_202104F"."DCLZ_VCATN_CODE"."VCATN_NM" IS '휴가명';
   COMMENT ON COLUMN "TEAM4_202104F"."DCLZ_VCATN_CODE"."VCATN_DAYCNT" IS '휴가일수';
   COMMENT ON TABLE "TEAM4_202104F"."DCLZ_VCATN_CODE"  IS '휴가코드';
--------------------------------------------------------
--  DDL for Table ECCST_BKMK_FORM
--------------------------------------------------------

  CREATE TABLE "TEAM4_202104F"."ECCST_BKMK_FORM" 
   (	"BKMK_NO" VARCHAR2(20 BYTE), 
	"EMPNO" NUMBER, 
	"FORM_NO" VARCHAR2(20 BYTE)
   ) SEGMENT CREATION IMMEDIATE 
  PCTFREE 10 PCTUSED 40 INITRANS 1 MAXTRANS 255 NOCOMPRESS LOGGING
  STORAGE(INITIAL 65536 NEXT 1048576 MINEXTENTS 1 MAXEXTENTS 2147483645
  PCTINCREASE 0 FREELISTS 1 FREELIST GROUPS 1 BUFFER_POOL DEFAULT FLASH_CACHE DEFAULT CELL_FLASH_CACHE DEFAULT)
  TABLESPACE "TS_202104F" ;

   COMMENT ON COLUMN "TEAM4_202104F"."ECCST_BKMK_FORM"."BKMK_NO" IS '즐겨찾기번호';
   COMMENT ON COLUMN "TEAM4_202104F"."ECCST_BKMK_FORM"."EMPNO" IS '사번';
   COMMENT ON COLUMN "TEAM4_202104F"."ECCST_BKMK_FORM"."FORM_NO" IS '양식번호';
   COMMENT ON TABLE "TEAM4_202104F"."ECCST_BKMK_FORM"  IS '즐겨찾기양식';
--------------------------------------------------------
--  DDL for Table ECCST_BKMK_SANCTN_LN
--------------------------------------------------------

  CREATE TABLE "TEAM4_202104F"."ECCST_BKMK_SANCTN_LN" 
   (	"BKMK_NO" VARCHAR2(20 BYTE), 
	"RGSTR_EMPNO" NUMBER, 
	"FORM_NO" VARCHAR2(20 BYTE), 
	"BKMK_SJ" VARCHAR2(4000 BYTE), 
	"BKMK_INFO" VARCHAR2(4000 BYTE)
   ) SEGMENT CREATION IMMEDIATE 
  PCTFREE 10 PCTUSED 40 INITRANS 1 MAXTRANS 255 NOCOMPRESS LOGGING
  STORAGE(INITIAL 65536 NEXT 1048576 MINEXTENTS 1 MAXEXTENTS 2147483645
  PCTINCREASE 0 FREELISTS 1 FREELIST GROUPS 1 BUFFER_POOL DEFAULT FLASH_CACHE DEFAULT CELL_FLASH_CACHE DEFAULT)
  TABLESPACE "TS_202104F" ;

   COMMENT ON COLUMN "TEAM4_202104F"."ECCST_BKMK_SANCTN_LN"."BKMK_NO" IS '즐겨찾기 번호';
   COMMENT ON COLUMN "TEAM4_202104F"."ECCST_BKMK_SANCTN_LN"."RGSTR_EMPNO" IS '등록자사번
';
   COMMENT ON COLUMN "TEAM4_202104F"."ECCST_BKMK_SANCTN_LN"."FORM_NO" IS '양식번호';
   COMMENT ON COLUMN "TEAM4_202104F"."ECCST_BKMK_SANCTN_LN"."BKMK_SJ" IS '즐겨찾기제목';
   COMMENT ON COLUMN "TEAM4_202104F"."ECCST_BKMK_SANCTN_LN"."BKMK_INFO" IS '즐겨찾기설명
';
   COMMENT ON TABLE "TEAM4_202104F"."ECCST_BKMK_SANCTN_LN"  IS '즐겨찾기 결재선';
--------------------------------------------------------
--  DDL for Table ECCST_BKMK_SANCTN_LN_DTLS
--------------------------------------------------------

  CREATE TABLE "TEAM4_202104F"."ECCST_BKMK_SANCTN_LN_DTLS" 
   (	"DTLS_NO" VARCHAR2(20 BYTE), 
	"BKMK_NO" VARCHAR2(20 BYTE), 
	"SAVED_EMPNO" NUMBER, 
	"LN_NO" NUMBER, 
	"FORM_NO" VARCHAR2(20 BYTE)
   ) SEGMENT CREATION IMMEDIATE 
  PCTFREE 10 PCTUSED 40 INITRANS 1 MAXTRANS 255 NOCOMPRESS LOGGING
  STORAGE(INITIAL 65536 NEXT 1048576 MINEXTENTS 1 MAXEXTENTS 2147483645
  PCTINCREASE 0 FREELISTS 1 FREELIST GROUPS 1 BUFFER_POOL DEFAULT FLASH_CACHE DEFAULT CELL_FLASH_CACHE DEFAULT)
  TABLESPACE "TS_202104F" ;

   COMMENT ON COLUMN "TEAM4_202104F"."ECCST_BKMK_SANCTN_LN_DTLS"."DTLS_NO" IS '즐겨찾기인덱스
';
   COMMENT ON COLUMN "TEAM4_202104F"."ECCST_BKMK_SANCTN_LN_DTLS"."BKMK_NO" IS '저장된 북마크번호
';
   COMMENT ON COLUMN "TEAM4_202104F"."ECCST_BKMK_SANCTN_LN_DTLS"."SAVED_EMPNO" IS '저장사번';
   COMMENT ON COLUMN "TEAM4_202104F"."ECCST_BKMK_SANCTN_LN_DTLS"."LN_NO" IS '순서';
   COMMENT ON COLUMN "TEAM4_202104F"."ECCST_BKMK_SANCTN_LN_DTLS"."FORM_NO" IS '양식번호';
--------------------------------------------------------
--  DDL for Table ECCST_DBX
--------------------------------------------------------

  CREATE TABLE "TEAM4_202104F"."ECCST_DBX" 
   (	"ECCDBX_NO" VARCHAR2(20 BYTE), 
	"SANCTN_NO" VARCHAR2(20 BYTE), 
	"EMPNO" VARCHAR2(20 BYTE), 
	"REC_EMPNO" VARCHAR2(20 BYTE)
   ) SEGMENT CREATION IMMEDIATE 
  PCTFREE 10 PCTUSED 40 INITRANS 1 MAXTRANS 255 NOCOMPRESS LOGGING
  STORAGE(INITIAL 65536 NEXT 1048576 MINEXTENTS 1 MAXEXTENTS 2147483645
  PCTINCREASE 0 FREELISTS 1 FREELIST GROUPS 1 BUFFER_POOL DEFAULT FLASH_CACHE DEFAULT CELL_FLASH_CACHE DEFAULT)
  TABLESPACE "TS_202104F" ;

   COMMENT ON COLUMN "TEAM4_202104F"."ECCST_DBX"."ECCDBX_NO" IS '참조번호';
   COMMENT ON COLUMN "TEAM4_202104F"."ECCST_DBX"."SANCTN_NO" IS '결재번호';
   COMMENT ON COLUMN "TEAM4_202104F"."ECCST_DBX"."EMPNO" IS '기안자사번';
   COMMENT ON COLUMN "TEAM4_202104F"."ECCST_DBX"."REC_EMPNO" IS '참조자사번';
--------------------------------------------------------
--  DDL for Table ECCST_ENVRN_SETUP
--------------------------------------------------------

  CREATE TABLE "TEAM4_202104F"."ECCST_ENVRN_SETUP" 
   (	"EMPNO" NUMBER, 
	"DRSC_SETUP" NUMBER, 
	"REPLC_SANCTNER_EMPNO" NUMBER
   ) SEGMENT CREATION IMMEDIATE 
  PCTFREE 10 PCTUSED 40 INITRANS 1 MAXTRANS 255 NOCOMPRESS LOGGING
  STORAGE(INITIAL 65536 NEXT 1048576 MINEXTENTS 1 MAXEXTENTS 2147483645
  PCTINCREASE 0 FREELISTS 1 FREELIST GROUPS 1 BUFFER_POOL DEFAULT FLASH_CACHE DEFAULT CELL_FLASH_CACHE DEFAULT)
  TABLESPACE "TS_202104F" ;

   COMMENT ON COLUMN "TEAM4_202104F"."ECCST_ENVRN_SETUP"."EMPNO" IS '사번';
   COMMENT ON COLUMN "TEAM4_202104F"."ECCST_ENVRN_SETUP"."DRSC_SETUP" IS '부재중설정';
   COMMENT ON COLUMN "TEAM4_202104F"."ECCST_ENVRN_SETUP"."REPLC_SANCTNER_EMPNO" IS '대결자사번';
   COMMENT ON TABLE "TEAM4_202104F"."ECCST_ENVRN_SETUP"  IS '결재 환경설정';
--------------------------------------------------------
--  DDL for Table ECCST_REGSTR_FORM
--------------------------------------------------------

  CREATE TABLE "TEAM4_202104F"."ECCST_REGSTR_FORM" 
   (	"FORM_NO" VARCHAR2(20 BYTE), 
	"FORM_NM" VARCHAR2(50 BYTE), 
	"FORM_CN" CLOB, 
	"SE" VARCHAR2(20 BYTE), 
	"FORM_STYLE" CLOB, 
	"FILEATC_AT" VARCHAR2(20 BYTE) DEFAULT 0, 
	"SCRTY_GRAD" VARCHAR2(20 BYTE), 
	"PRSRV_PD" VARCHAR2(20 BYTE)
   ) SEGMENT CREATION IMMEDIATE 
  PCTFREE 10 PCTUSED 40 INITRANS 1 MAXTRANS 255 NOCOMPRESS LOGGING
  STORAGE(INITIAL 65536 NEXT 1048576 MINEXTENTS 1 MAXEXTENTS 2147483645
  PCTINCREASE 0 FREELISTS 1 FREELIST GROUPS 1 BUFFER_POOL DEFAULT FLASH_CACHE DEFAULT CELL_FLASH_CACHE DEFAULT)
  TABLESPACE "TS_202104F" 
 LOB ("FORM_CN") STORE AS BASICFILE (
  TABLESPACE "TS_202104F" ENABLE STORAGE IN ROW CHUNK 8192 RETENTION 
  NOCACHE LOGGING 
  STORAGE(INITIAL 65536 NEXT 1048576 MINEXTENTS 1 MAXEXTENTS 2147483645
  PCTINCREASE 0 FREELISTS 1 FREELIST GROUPS 1 BUFFER_POOL DEFAULT FLASH_CACHE DEFAULT CELL_FLASH_CACHE DEFAULT)) 
 LOB ("FORM_STYLE") STORE AS BASICFILE (
  TABLESPACE "TS_202104F" ENABLE STORAGE IN ROW CHUNK 8192 RETENTION 
  NOCACHE LOGGING 
  STORAGE(INITIAL 65536 NEXT 1048576 MINEXTENTS 1 MAXEXTENTS 2147483645
  PCTINCREASE 0 FREELISTS 1 FREELIST GROUPS 1 BUFFER_POOL DEFAULT FLASH_CACHE DEFAULT CELL_FLASH_CACHE DEFAULT)) ;

   COMMENT ON COLUMN "TEAM4_202104F"."ECCST_REGSTR_FORM"."FORM_NO" IS '양식번호';
   COMMENT ON COLUMN "TEAM4_202104F"."ECCST_REGSTR_FORM"."FORM_NM" IS '양식이름';
   COMMENT ON COLUMN "TEAM4_202104F"."ECCST_REGSTR_FORM"."FORM_CN" IS '양식내용';
   COMMENT ON COLUMN "TEAM4_202104F"."ECCST_REGSTR_FORM"."SE" IS '양식구분코드';
   COMMENT ON COLUMN "TEAM4_202104F"."ECCST_REGSTR_FORM"."FORM_STYLE" IS '양식CSS';
   COMMENT ON COLUMN "TEAM4_202104F"."ECCST_REGSTR_FORM"."FILEATC_AT" IS '파일첨부여부';
   COMMENT ON COLUMN "TEAM4_202104F"."ECCST_REGSTR_FORM"."SCRTY_GRAD" IS '보안등급';
   COMMENT ON COLUMN "TEAM4_202104F"."ECCST_REGSTR_FORM"."PRSRV_PD" IS '보존기간';
   COMMENT ON TABLE "TEAM4_202104F"."ECCST_REGSTR_FORM"  IS '결재양식함';
--------------------------------------------------------
--  DDL for Table ECCST_SANCTNER
--------------------------------------------------------

  CREATE TABLE "TEAM4_202104F"."ECCST_SANCTNER" 
   (	"SANCTNER_NO" VARCHAR2(20 BYTE), 
	"SANCTN_NO" VARCHAR2(20 BYTE), 
	"SANCTNER_NM" VARCHAR2(20 BYTE), 
	"SANCTNER_EMPNO" VARCHAR2(20 BYTE), 
	"LN_NO" NUMBER, 
	"SANCTN_STTUS" VARCHAR2(20 BYTE), 
	"LST_CONFIRM_AT" VARCHAR2(20 BYTE), 
	"SANCTN_DATE" DATE, 
	"REPLACE_EMPNO" NUMBER DEFAULT (null), 
	"RESANC_AT" VARCHAR2(20 BYTE)
   ) SEGMENT CREATION IMMEDIATE 
  PCTFREE 10 PCTUSED 40 INITRANS 1 MAXTRANS 255 NOCOMPRESS LOGGING
  STORAGE(INITIAL 65536 NEXT 1048576 MINEXTENTS 1 MAXEXTENTS 2147483645
  PCTINCREASE 0 FREELISTS 1 FREELIST GROUPS 1 BUFFER_POOL DEFAULT FLASH_CACHE DEFAULT CELL_FLASH_CACHE DEFAULT)
  TABLESPACE "TS_202104F" ;

   COMMENT ON COLUMN "TEAM4_202104F"."ECCST_SANCTNER"."SANCTNER_NO" IS '결재라인
번호';
   COMMENT ON COLUMN "TEAM4_202104F"."ECCST_SANCTNER"."SANCTN_NO" IS '결재번호
';
   COMMENT ON COLUMN "TEAM4_202104F"."ECCST_SANCTNER"."SANCTNER_NM" IS '결재자이름
';
   COMMENT ON COLUMN "TEAM4_202104F"."ECCST_SANCTNER"."SANCTNER_EMPNO" IS '결재자사번
';
   COMMENT ON COLUMN "TEAM4_202104F"."ECCST_SANCTNER"."LN_NO" IS '결재순서';
   COMMENT ON COLUMN "TEAM4_202104F"."ECCST_SANCTNER"."SANCTN_STTUS" IS '결재진행상태';
   COMMENT ON COLUMN "TEAM4_202104F"."ECCST_SANCTNER"."LST_CONFIRM_AT" IS '최종결재자 승인 여부';
   COMMENT ON COLUMN "TEAM4_202104F"."ECCST_SANCTNER"."SANCTN_DATE" IS '등록일';
   COMMENT ON COLUMN "TEAM4_202104F"."ECCST_SANCTNER"."REPLACE_EMPNO" IS '대결자사번
';
   COMMENT ON COLUMN "TEAM4_202104F"."ECCST_SANCTNER"."RESANC_AT" IS '대결자승인여부';
   COMMENT ON TABLE "TEAM4_202104F"."ECCST_SANCTNER"  IS '결재권자';
--------------------------------------------------------
--  DDL for Table ECCST_SANCTN_MNGT
--------------------------------------------------------

  CREATE TABLE "TEAM4_202104F"."ECCST_SANCTN_MNGT" 
   (	"SANCTN_NO" VARCHAR2(20 BYTE), 
	"FORM_NO" VARCHAR2(20 BYTE), 
	"EMPNO" NUMBER, 
	"SJ" VARCHAR2(100 BYTE), 
	"CN" CLOB, 
	"SCRTY_GRAD" VARCHAR2(20 BYTE), 
	"PRSRV_PD" VARCHAR2(20 BYTE), 
	"RGSDE" DATE DEFAULT SYSDATE, 
	"SANCTN_TMLMT" DATE, 
	"IPCR_CODE" VARCHAR2(20 BYTE), 
	"STTUS_CODE" VARCHAR2(20 BYTE), 
	"BGNDE" DATE, 
	"ENDDE" DATE, 
	"RETURN_REASON" VARCHAR2(4000 BYTE), 
	"NM" VARCHAR2(20 BYTE)
   ) SEGMENT CREATION IMMEDIATE 
  PCTFREE 10 PCTUSED 40 INITRANS 1 MAXTRANS 255 NOCOMPRESS LOGGING
  STORAGE(INITIAL 65536 NEXT 1048576 MINEXTENTS 1 MAXEXTENTS 2147483645
  PCTINCREASE 0 FREELISTS 1 FREELIST GROUPS 1 BUFFER_POOL DEFAULT FLASH_CACHE DEFAULT CELL_FLASH_CACHE DEFAULT)
  TABLESPACE "TS_202104F" 
 LOB ("CN") STORE AS BASICFILE (
  TABLESPACE "TS_202104F" ENABLE STORAGE IN ROW CHUNK 8192 RETENTION 
  NOCACHE LOGGING 
  STORAGE(INITIAL 65536 NEXT 1048576 MINEXTENTS 1 MAXEXTENTS 2147483645
  PCTINCREASE 0 FREELISTS 1 FREELIST GROUPS 1 BUFFER_POOL DEFAULT FLASH_CACHE DEFAULT CELL_FLASH_CACHE DEFAULT)) ;

   COMMENT ON COLUMN "TEAM4_202104F"."ECCST_SANCTN_MNGT"."SANCTN_NO" IS '결재번호';
   COMMENT ON COLUMN "TEAM4_202104F"."ECCST_SANCTN_MNGT"."FORM_NO" IS '양식번호';
   COMMENT ON COLUMN "TEAM4_202104F"."ECCST_SANCTN_MNGT"."EMPNO" IS '사번';
   COMMENT ON COLUMN "TEAM4_202104F"."ECCST_SANCTN_MNGT"."SJ" IS '제목';
   COMMENT ON COLUMN "TEAM4_202104F"."ECCST_SANCTN_MNGT"."CN" IS '내용';
   COMMENT ON COLUMN "TEAM4_202104F"."ECCST_SANCTN_MNGT"."SCRTY_GRAD" IS '보안등급';
   COMMENT ON COLUMN "TEAM4_202104F"."ECCST_SANCTN_MNGT"."PRSRV_PD" IS '보존기간';
   COMMENT ON COLUMN "TEAM4_202104F"."ECCST_SANCTN_MNGT"."RGSDE" IS '등록일';
   COMMENT ON COLUMN "TEAM4_202104F"."ECCST_SANCTN_MNGT"."SANCTN_TMLMT" IS '결재기한';
   COMMENT ON COLUMN "TEAM4_202104F"."ECCST_SANCTN_MNGT"."IPCR_CODE" IS '중요도코드';
   COMMENT ON COLUMN "TEAM4_202104F"."ECCST_SANCTN_MNGT"."STTUS_CODE" IS '상태코드';
   COMMENT ON COLUMN "TEAM4_202104F"."ECCST_SANCTN_MNGT"."BGNDE" IS '시작일';
   COMMENT ON COLUMN "TEAM4_202104F"."ECCST_SANCTN_MNGT"."ENDDE" IS '종료일';
   COMMENT ON COLUMN "TEAM4_202104F"."ECCST_SANCTN_MNGT"."RETURN_REASON" IS '반려사유';
   COMMENT ON COLUMN "TEAM4_202104F"."ECCST_SANCTN_MNGT"."NM" IS '이름';
   COMMENT ON TABLE "TEAM4_202104F"."ECCST_SANCTN_MNGT"  IS '결재';
--------------------------------------------------------
--  DDL for Table JOB_ANSWER
--------------------------------------------------------

  CREATE TABLE "TEAM4_202104F"."JOB_ANSWER" 
   (	"ANSWER_NO" VARCHAR2(20 BYTE), 
	"JOB_NO" VARCHAR2(20 BYTE), 
	"EMPNO" NUMBER, 
	"ACN" VARCHAR2(3000 BYTE), 
	"REGIST_DE" DATE, 
	"EMPNM" VARCHAR2(20 BYTE)
   ) SEGMENT CREATION IMMEDIATE 
  PCTFREE 10 PCTUSED 40 INITRANS 1 MAXTRANS 255 NOCOMPRESS LOGGING
  STORAGE(INITIAL 65536 NEXT 1048576 MINEXTENTS 1 MAXEXTENTS 2147483645
  PCTINCREASE 0 FREELISTS 1 FREELIST GROUPS 1 BUFFER_POOL DEFAULT FLASH_CACHE DEFAULT CELL_FLASH_CACHE DEFAULT)
  TABLESPACE "TS_202104F" ;

   COMMENT ON COLUMN "TEAM4_202104F"."JOB_ANSWER"."ANSWER_NO" IS '댓글번호';
   COMMENT ON COLUMN "TEAM4_202104F"."JOB_ANSWER"."JOB_NO" IS '업무번호';
   COMMENT ON COLUMN "TEAM4_202104F"."JOB_ANSWER"."EMPNO" IS '사번';
   COMMENT ON COLUMN "TEAM4_202104F"."JOB_ANSWER"."ACN" IS '내용';
   COMMENT ON COLUMN "TEAM4_202104F"."JOB_ANSWER"."REGIST_DE" IS '등록일자';
   COMMENT ON COLUMN "TEAM4_202104F"."JOB_ANSWER"."EMPNM" IS '작성자
';
   COMMENT ON TABLE "TEAM4_202104F"."JOB_ANSWER"  IS '업무댓글';
--------------------------------------------------------
--  DDL for Table JOB_CNFIRM
--------------------------------------------------------

  CREATE TABLE "TEAM4_202104F"."JOB_CNFIRM" 
   (	"SN" VARCHAR2(20 BYTE), 
	"JOB_CNFIRM_CO" NUMBER, 
	"JOB_CNFIRM_CYCLE" NUMBER
   ) SEGMENT CREATION IMMEDIATE 
  PCTFREE 10 PCTUSED 40 INITRANS 1 MAXTRANS 255 NOCOMPRESS LOGGING
  STORAGE(INITIAL 65536 NEXT 1048576 MINEXTENTS 1 MAXEXTENTS 2147483645
  PCTINCREASE 0 FREELISTS 1 FREELIST GROUPS 1 BUFFER_POOL DEFAULT FLASH_CACHE DEFAULT CELL_FLASH_CACHE DEFAULT)
  TABLESPACE "TS_202104F" ;

   COMMENT ON COLUMN "TEAM4_202104F"."JOB_CNFIRM"."SN" IS '일련번호';
   COMMENT ON COLUMN "TEAM4_202104F"."JOB_CNFIRM"."JOB_CNFIRM_CO" IS '업무확인횟수';
   COMMENT ON COLUMN "TEAM4_202104F"."JOB_CNFIRM"."JOB_CNFIRM_CYCLE" IS '업무확인주기';
   COMMENT ON TABLE "TEAM4_202104F"."JOB_CNFIRM"  IS '업무확인';
--------------------------------------------------------
--  DDL for Table JOB_MNGT
--------------------------------------------------------

  CREATE TABLE "TEAM4_202104F"."JOB_MNGT" 
   (	"JOB_NO" VARCHAR2(20 BYTE), 
	"DRCTR_EMPNO" NUMBER, 
	"SJ" VARCHAR2(4000 BYTE), 
	"CN" VARCHAR2(3000 BYTE), 
	"REGIST_DE" DATE, 
	"STTUS_CODE" VARCHAR2(20 BYTE), 
	"IM_CODE" VARCHAR2(20 BYTE), 
	"END_DE" DATE, 
	"EMP_NM" VARCHAR2(20 BYTE)
   ) SEGMENT CREATION IMMEDIATE 
  PCTFREE 10 PCTUSED 40 INITRANS 1 MAXTRANS 255 NOCOMPRESS LOGGING
  STORAGE(INITIAL 65536 NEXT 1048576 MINEXTENTS 1 MAXEXTENTS 2147483645
  PCTINCREASE 0 FREELISTS 1 FREELIST GROUPS 1 BUFFER_POOL DEFAULT FLASH_CACHE DEFAULT CELL_FLASH_CACHE DEFAULT)
  TABLESPACE "TS_202104F" ;

   COMMENT ON COLUMN "TEAM4_202104F"."JOB_MNGT"."JOB_NO" IS '업무번호';
   COMMENT ON COLUMN "TEAM4_202104F"."JOB_MNGT"."DRCTR_EMPNO" IS '지시자사번';
   COMMENT ON COLUMN "TEAM4_202104F"."JOB_MNGT"."SJ" IS '제목';
   COMMENT ON COLUMN "TEAM4_202104F"."JOB_MNGT"."CN" IS '내용';
   COMMENT ON COLUMN "TEAM4_202104F"."JOB_MNGT"."REGIST_DE" IS '등록일자';
   COMMENT ON COLUMN "TEAM4_202104F"."JOB_MNGT"."STTUS_CODE" IS '상태코드';
   COMMENT ON COLUMN "TEAM4_202104F"."JOB_MNGT"."IM_CODE" IS '중요도코드';
   COMMENT ON COLUMN "TEAM4_202104F"."JOB_MNGT"."END_DE" IS '업무기한
';
   COMMENT ON COLUMN "TEAM4_202104F"."JOB_MNGT"."EMP_NM" IS '작성자이름';
   COMMENT ON TABLE "TEAM4_202104F"."JOB_MNGT"  IS '업무';
--------------------------------------------------------
--  DDL for Table JOB_RCV
--------------------------------------------------------

  CREATE TABLE "TEAM4_202104F"."JOB_RCV" 
   (	"JOB_INDEX" VARCHAR2(20 BYTE), 
	"JOB_NO" VARCHAR2(20 BYTE), 
	"RCVER_EMPNO" NUMBER, 
	"RCVER_PROGRS" NUMBER DEFAULT 0, 
	"RCVER_NM" VARCHAR2(20 BYTE), 
	"RCVER_ORDER" NUMBER
   ) SEGMENT CREATION IMMEDIATE 
  PCTFREE 10 PCTUSED 40 INITRANS 1 MAXTRANS 255 NOCOMPRESS LOGGING
  STORAGE(INITIAL 65536 NEXT 1048576 MINEXTENTS 1 MAXEXTENTS 2147483645
  PCTINCREASE 0 FREELISTS 1 FREELIST GROUPS 1 BUFFER_POOL DEFAULT FLASH_CACHE DEFAULT CELL_FLASH_CACHE DEFAULT)
  TABLESPACE "TS_202104F" ;

   COMMENT ON COLUMN "TEAM4_202104F"."JOB_RCV"."JOB_INDEX" IS '인덱스';
   COMMENT ON COLUMN "TEAM4_202104F"."JOB_RCV"."JOB_NO" IS '업무번호';
   COMMENT ON COLUMN "TEAM4_202104F"."JOB_RCV"."RCVER_EMPNO" IS '수신자사번';
   COMMENT ON COLUMN "TEAM4_202104F"."JOB_RCV"."RCVER_PROGRS" IS '수신자진행도';
   COMMENT ON COLUMN "TEAM4_202104F"."JOB_RCV"."RCVER_NM" IS '수신자이름';
   COMMENT ON COLUMN "TEAM4_202104F"."JOB_RCV"."RCVER_ORDER" IS '수신자순번';
--------------------------------------------------------
--  DDL for Table MENU
--------------------------------------------------------

  CREATE TABLE "TEAM4_202104F"."MENU" 
   (	"MENU_CODE" VARCHAR2(20 BYTE), 
	"MENU_NM" VARCHAR2(50 BYTE), 
	"URL" VARCHAR2(100 BYTE), 
	"UPPER_MENU_CODE" VARCHAR2(20 BYTE), 
	"MENU_LEVEL" NUMBER, 
	"IS_NAV" NUMBER, 
	"SSMENU_EX" NUMBER
   ) SEGMENT CREATION IMMEDIATE 
  PCTFREE 10 PCTUSED 40 INITRANS 1 MAXTRANS 255 NOCOMPRESS LOGGING
  STORAGE(INITIAL 65536 NEXT 1048576 MINEXTENTS 1 MAXEXTENTS 2147483645
  PCTINCREASE 0 FREELISTS 1 FREELIST GROUPS 1 BUFFER_POOL DEFAULT FLASH_CACHE DEFAULT CELL_FLASH_CACHE DEFAULT)
  TABLESPACE "TS_202104F" ;

   COMMENT ON COLUMN "TEAM4_202104F"."MENU"."MENU_CODE" IS '메뉴코드';
   COMMENT ON COLUMN "TEAM4_202104F"."MENU"."MENU_NM" IS '메뉴이름';
   COMMENT ON COLUMN "TEAM4_202104F"."MENU"."URL" IS 'URL';
   COMMENT ON COLUMN "TEAM4_202104F"."MENU"."UPPER_MENU_CODE" IS '상위메뉴코드';
   COMMENT ON COLUMN "TEAM4_202104F"."MENU"."MENU_LEVEL" IS '메뉴레벨';
   COMMENT ON COLUMN "TEAM4_202104F"."MENU"."IS_NAV" IS '네비게이션바표시여부';
   COMMENT ON COLUMN "TEAM4_202104F"."MENU"."SSMENU_EX" IS '최하위메뉴 존재여부';
   COMMENT ON TABLE "TEAM4_202104F"."MENU"  IS '메뉴';
--------------------------------------------------------
--  DDL for Table NTCN
--------------------------------------------------------

  CREATE TABLE "TEAM4_202104F"."NTCN" 
   (	"NTCN_NO" VARCHAR2(20 BYTE), 
	"TRNSMITER_EMPNO" NUMBER, 
	"NTCN_CN" VARCHAR2(4000 BYTE), 
	"URL_ADRES" VARCHAR2(100 BYTE), 
	"CNFIRM_AT" VARCHAR2(10 BYTE), 
	"NTCN_DE" DATE
   ) SEGMENT CREATION IMMEDIATE 
  PCTFREE 10 PCTUSED 40 INITRANS 1 MAXTRANS 255 NOCOMPRESS LOGGING
  STORAGE(INITIAL 65536 NEXT 1048576 MINEXTENTS 1 MAXEXTENTS 2147483645
  PCTINCREASE 0 FREELISTS 1 FREELIST GROUPS 1 BUFFER_POOL DEFAULT FLASH_CACHE DEFAULT CELL_FLASH_CACHE DEFAULT)
  TABLESPACE "TS_202104F" ;

   COMMENT ON COLUMN "TEAM4_202104F"."NTCN"."NTCN_NO" IS '알림번호';
   COMMENT ON COLUMN "TEAM4_202104F"."NTCN"."TRNSMITER_EMPNO" IS '송신자사번';
   COMMENT ON COLUMN "TEAM4_202104F"."NTCN"."NTCN_CN" IS '알림내용';
   COMMENT ON COLUMN "TEAM4_202104F"."NTCN"."URL_ADRES" IS 'URL주소';
   COMMENT ON COLUMN "TEAM4_202104F"."NTCN"."CNFIRM_AT" IS '확인여부';
   COMMENT ON COLUMN "TEAM4_202104F"."NTCN"."NTCN_DE" IS '알림일자';
   COMMENT ON TABLE "TEAM4_202104F"."NTCN"  IS '알림';
--------------------------------------------------------
--  DDL for Table NTCN_RCVER
--------------------------------------------------------

  CREATE TABLE "TEAM4_202104F"."NTCN_RCVER" 
   (	"NTCN_NO" VARCHAR2(20 BYTE), 
	"RCVER_EMPNO" NUMBER
   ) SEGMENT CREATION IMMEDIATE 
  PCTFREE 10 PCTUSED 40 INITRANS 1 MAXTRANS 255 NOCOMPRESS LOGGING
  STORAGE(INITIAL 65536 NEXT 1048576 MINEXTENTS 1 MAXEXTENTS 2147483645
  PCTINCREASE 0 FREELISTS 1 FREELIST GROUPS 1 BUFFER_POOL DEFAULT FLASH_CACHE DEFAULT CELL_FLASH_CACHE DEFAULT)
  TABLESPACE "TS_202104F" ;

   COMMENT ON COLUMN "TEAM4_202104F"."NTCN_RCVER"."NTCN_NO" IS '알림번호';
   COMMENT ON COLUMN "TEAM4_202104F"."NTCN_RCVER"."RCVER_EMPNO" IS '수신자사번';
--------------------------------------------------------
--  DDL for Table ORGNZT_CHGHST
--------------------------------------------------------

  CREATE TABLE "TEAM4_202104F"."ORGNZT_CHGHST" 
   (	"CLSF_HIST_SN" VARCHAR2(20 BYTE), 
	"EMPNO" NUMBER, 
	"CHANGE_CLSF" VARCHAR2(30 BYTE), 
	"CHANGE_DE" DATE
   ) SEGMENT CREATION IMMEDIATE 
  PCTFREE 10 PCTUSED 40 INITRANS 1 MAXTRANS 255 NOCOMPRESS LOGGING
  STORAGE(INITIAL 65536 NEXT 1048576 MINEXTENTS 1 MAXEXTENTS 2147483645
  PCTINCREASE 0 FREELISTS 1 FREELIST GROUPS 1 BUFFER_POOL DEFAULT FLASH_CACHE DEFAULT CELL_FLASH_CACHE DEFAULT)
  TABLESPACE "TS_202104F" ;

   COMMENT ON COLUMN "TEAM4_202104F"."ORGNZT_CHGHST"."CLSF_HIST_SN" IS '직급이력일련번호';
   COMMENT ON COLUMN "TEAM4_202104F"."ORGNZT_CHGHST"."EMPNO" IS '사번';
   COMMENT ON COLUMN "TEAM4_202104F"."ORGNZT_CHGHST"."CHANGE_CLSF" IS '변경직급';
   COMMENT ON COLUMN "TEAM4_202104F"."ORGNZT_CHGHST"."CHANGE_DE" IS '변경일자';
   COMMENT ON TABLE "TEAM4_202104F"."ORGNZT_CHGHST"  IS '직급이력';
--------------------------------------------------------
--  DDL for Table ORGNZT_EMP_MNGT
--------------------------------------------------------

  CREATE TABLE "TEAM4_202104F"."ORGNZT_EMP_MNGT" 
   (	"EMPNO" NUMBER, 
	"NM" VARCHAR2(50 BYTE), 
	"CTTPC" VARCHAR2(15 BYTE), 
	"FXNUM" VARCHAR2(15 BYTE), 
	"DEPT_CODE" VARCHAR2(20 BYTE), 
	"CLSF_CODE" VARCHAR2(20 BYTE), 
	"RSPOFC_CODE" VARCHAR2(20 BYTE), 
	"ENCPN" DATE, 
	"RETIRE_DE" DATE, 
	"PASSWORD" VARCHAR2(300 BYTE), 
	"SANCTN_PASSWORD" VARCHAR2(300 BYTE), 
	"ACTVTY_AT" NUMBER, 
	"IP_ADRES" VARCHAR2(100 BYTE), 
	"FACE_RECOG_INFO" CLOB, 
	"EMAIL_ADRES" VARCHAR2(50 BYTE), 
	"AUTHOR_CODE" VARCHAR2(20 BYTE), 
	"FACE_PHOTO" VARCHAR2(300 BYTE), 
	"SANCTN_SIGN" CLOB
   ) SEGMENT CREATION IMMEDIATE 
  PCTFREE 10 PCTUSED 40 INITRANS 1 MAXTRANS 255 NOCOMPRESS LOGGING
  STORAGE(INITIAL 65536 NEXT 1048576 MINEXTENTS 1 MAXEXTENTS 2147483645
  PCTINCREASE 0 FREELISTS 1 FREELIST GROUPS 1 BUFFER_POOL DEFAULT FLASH_CACHE DEFAULT CELL_FLASH_CACHE DEFAULT)
  TABLESPACE "TS_202104F" 
 LOB ("FACE_RECOG_INFO") STORE AS BASICFILE (
  TABLESPACE "TS_202104F" ENABLE STORAGE IN ROW CHUNK 8192 RETENTION 
  NOCACHE LOGGING 
  STORAGE(INITIAL 65536 NEXT 1048576 MINEXTENTS 1 MAXEXTENTS 2147483645
  PCTINCREASE 0 FREELISTS 1 FREELIST GROUPS 1 BUFFER_POOL DEFAULT FLASH_CACHE DEFAULT CELL_FLASH_CACHE DEFAULT)) 
 LOB ("SANCTN_SIGN") STORE AS BASICFILE (
  TABLESPACE "TS_202104F" ENABLE STORAGE IN ROW CHUNK 8192 RETENTION 
  NOCACHE LOGGING 
  STORAGE(INITIAL 65536 NEXT 1048576 MINEXTENTS 1 MAXEXTENTS 2147483645
  PCTINCREASE 0 FREELISTS 1 FREELIST GROUPS 1 BUFFER_POOL DEFAULT FLASH_CACHE DEFAULT CELL_FLASH_CACHE DEFAULT)) ;

   COMMENT ON COLUMN "TEAM4_202104F"."ORGNZT_EMP_MNGT"."EMPNO" IS '사번';
   COMMENT ON COLUMN "TEAM4_202104F"."ORGNZT_EMP_MNGT"."NM" IS '이름';
   COMMENT ON COLUMN "TEAM4_202104F"."ORGNZT_EMP_MNGT"."CTTPC" IS '연락처';
   COMMENT ON COLUMN "TEAM4_202104F"."ORGNZT_EMP_MNGT"."FXNUM" IS '팩스번호';
   COMMENT ON COLUMN "TEAM4_202104F"."ORGNZT_EMP_MNGT"."DEPT_CODE" IS '부서코드';
   COMMENT ON COLUMN "TEAM4_202104F"."ORGNZT_EMP_MNGT"."CLSF_CODE" IS '직급코드';
   COMMENT ON COLUMN "TEAM4_202104F"."ORGNZT_EMP_MNGT"."RSPOFC_CODE" IS '직책코드';
   COMMENT ON COLUMN "TEAM4_202104F"."ORGNZT_EMP_MNGT"."ENCPN" IS '입사일';
   COMMENT ON COLUMN "TEAM4_202104F"."ORGNZT_EMP_MNGT"."RETIRE_DE" IS '퇴사일';
   COMMENT ON COLUMN "TEAM4_202104F"."ORGNZT_EMP_MNGT"."PASSWORD" IS '비밀번호';
   COMMENT ON COLUMN "TEAM4_202104F"."ORGNZT_EMP_MNGT"."SANCTN_PASSWORD" IS '결재 비밀번호';
   COMMENT ON COLUMN "TEAM4_202104F"."ORGNZT_EMP_MNGT"."ACTVTY_AT" IS '활성여부';
   COMMENT ON COLUMN "TEAM4_202104F"."ORGNZT_EMP_MNGT"."IP_ADRES" IS 'IP주소';
   COMMENT ON COLUMN "TEAM4_202104F"."ORGNZT_EMP_MNGT"."FACE_RECOG_INFO" IS '얼굴인식정보';
   COMMENT ON COLUMN "TEAM4_202104F"."ORGNZT_EMP_MNGT"."EMAIL_ADRES" IS '이메일주소';
   COMMENT ON COLUMN "TEAM4_202104F"."ORGNZT_EMP_MNGT"."AUTHOR_CODE" IS '권한코드';
   COMMENT ON COLUMN "TEAM4_202104F"."ORGNZT_EMP_MNGT"."FACE_PHOTO" IS '얼굴사진';
   COMMENT ON COLUMN "TEAM4_202104F"."ORGNZT_EMP_MNGT"."SANCTN_SIGN" IS '결재서명
';
   COMMENT ON TABLE "TEAM4_202104F"."ORGNZT_EMP_MNGT"  IS '임직원';
--------------------------------------------------------
--  DDL for Table SCHDUL_BKMK
--------------------------------------------------------

  CREATE TABLE "TEAM4_202104F"."SCHDUL_BKMK" 
   (	"FX_NO" VARCHAR2(20 BYTE), 
	"EMPNO" NUMBER
   ) SEGMENT CREATION IMMEDIATE 
  PCTFREE 10 PCTUSED 40 INITRANS 1 MAXTRANS 255 NOCOMPRESS LOGGING
  STORAGE(INITIAL 65536 NEXT 1048576 MINEXTENTS 1 MAXEXTENTS 2147483645
  PCTINCREASE 0 FREELISTS 1 FREELIST GROUPS 1 BUFFER_POOL DEFAULT FLASH_CACHE DEFAULT CELL_FLASH_CACHE DEFAULT)
  TABLESPACE "TS_202104F" ;

   COMMENT ON COLUMN "TEAM4_202104F"."SCHDUL_BKMK"."FX_NO" IS '일정번호';
   COMMENT ON COLUMN "TEAM4_202104F"."SCHDUL_BKMK"."EMPNO" IS '사번';
   COMMENT ON TABLE "TEAM4_202104F"."SCHDUL_BKMK"  IS '일정 즐겨찾기';
--------------------------------------------------------
--  DDL for Table SCHDUL_MNGT
--------------------------------------------------------

  CREATE TABLE "TEAM4_202104F"."SCHDUL_MNGT" 
   (	"SCHDUL_NO" VARCHAR2(20 BYTE), 
	"EMPNO" NUMBER, 
	"SCHDUL_CODE" VARCHAR2(20 BYTE), 
	"SCHDUL_SJ" VARCHAR2(50 BYTE), 
	"SCHDUL_CN" VARCHAR2(300 BYTE), 
	"RGSDE" DATE, 
	"BGNDE" DATE, 
	"ENDDE" DATE, 
	"CNRS_AT" VARCHAR2(10 BYTE), 
	"BG_COLOR" VARCHAR2(20 BYTE), 
	"NM" VARCHAR2(20 BYTE), 
	"DEPT_CODE" VARCHAR2(20 BYTE)
   ) SEGMENT CREATION IMMEDIATE 
  PCTFREE 10 PCTUSED 40 INITRANS 1 MAXTRANS 255 NOCOMPRESS LOGGING
  STORAGE(INITIAL 65536 NEXT 1048576 MINEXTENTS 1 MAXEXTENTS 2147483645
  PCTINCREASE 0 FREELISTS 1 FREELIST GROUPS 1 BUFFER_POOL DEFAULT FLASH_CACHE DEFAULT CELL_FLASH_CACHE DEFAULT)
  TABLESPACE "TS_202104F" ;

   COMMENT ON COLUMN "TEAM4_202104F"."SCHDUL_MNGT"."SCHDUL_NO" IS '일정번호';
   COMMENT ON COLUMN "TEAM4_202104F"."SCHDUL_MNGT"."EMPNO" IS '사번';
   COMMENT ON COLUMN "TEAM4_202104F"."SCHDUL_MNGT"."SCHDUL_CODE" IS '일정코드';
   COMMENT ON COLUMN "TEAM4_202104F"."SCHDUL_MNGT"."SCHDUL_SJ" IS '일정제목';
   COMMENT ON COLUMN "TEAM4_202104F"."SCHDUL_MNGT"."SCHDUL_CN" IS '일정내용';
   COMMENT ON COLUMN "TEAM4_202104F"."SCHDUL_MNGT"."RGSDE" IS '등록일';
   COMMENT ON COLUMN "TEAM4_202104F"."SCHDUL_MNGT"."BGNDE" IS '시작일';
   COMMENT ON COLUMN "TEAM4_202104F"."SCHDUL_MNGT"."ENDDE" IS '종료일';
   COMMENT ON COLUMN "TEAM4_202104F"."SCHDUL_MNGT"."CNRS_AT" IS '공유여부';
   COMMENT ON COLUMN "TEAM4_202104F"."SCHDUL_MNGT"."BG_COLOR" IS '배경색깔';
   COMMENT ON COLUMN "TEAM4_202104F"."SCHDUL_MNGT"."NM" IS '이름';
   COMMENT ON COLUMN "TEAM4_202104F"."SCHDUL_MNGT"."DEPT_CODE" IS '부서코드';
   COMMENT ON TABLE "TEAM4_202104F"."SCHDUL_MNGT"  IS '일정관리';
--------------------------------------------------------
--  DDL for Table SCHDUL_PRTCPNT
--------------------------------------------------------

  CREATE TABLE "TEAM4_202104F"."SCHDUL_PRTCPNT" 
   (	"PRTCPNT_EMPNO" NUMBER, 
	"SCHDUL_NO" VARCHAR2(20 BYTE)
   ) SEGMENT CREATION IMMEDIATE 
  PCTFREE 10 PCTUSED 40 INITRANS 1 MAXTRANS 255 NOCOMPRESS LOGGING
  STORAGE(INITIAL 65536 NEXT 1048576 MINEXTENTS 1 MAXEXTENTS 2147483645
  PCTINCREASE 0 FREELISTS 1 FREELIST GROUPS 1 BUFFER_POOL DEFAULT FLASH_CACHE DEFAULT CELL_FLASH_CACHE DEFAULT)
  TABLESPACE "TS_202104F" ;

   COMMENT ON COLUMN "TEAM4_202104F"."SCHDUL_PRTCPNT"."PRTCPNT_EMPNO" IS '참여자사번';
   COMMENT ON COLUMN "TEAM4_202104F"."SCHDUL_PRTCPNT"."SCHDUL_NO" IS '일정번호';
   COMMENT ON TABLE "TEAM4_202104F"."SCHDUL_PRTCPNT"  IS '일정참여자';
REM INSERTING into TEAM4_202104F.ACT_DTLS
SET DEFINE OFF;
REM INSERTING into TEAM4_202104F.ATCH_MNFL
SET DEFINE OFF;
Insert into TEAM4_202104F.ATCH_MNFL (FILE_NO,FILE_NM,FILE_TYPE,BBSCTT_NO,ATCH_ORDER,UPLOADPATH) values ('atch16','046d15ceab004f42ac12a5f4e907cfdc$$KakaoTalk_20211002_120343703.jpg','JPG','Free22',0,'c:/free/file/upload');
Insert into TEAM4_202104F.ATCH_MNFL (FILE_NO,FILE_NM,FILE_TYPE,BBSCTT_NO,ATCH_ORDER,UPLOADPATH) values ('atch62','83dee65b12924c138e3f652cb97e6639$$cloud03.jpg','JPG','ntbd83',0,'c:/notice/file/upload');
Insert into TEAM4_202104F.ATCH_MNFL (FILE_NO,FILE_NM,FILE_TYPE,BBSCTT_NO,ATCH_ORDER,UPLOADPATH) values ('atch122','351e46d5b4a340a89917ddf538aa26df$$Coca-Cola-logo.png','PNG','work124',0,'c:/job/file/upload');
Insert into TEAM4_202104F.ATCH_MNFL (FILE_NO,FILE_NM,FILE_TYPE,BBSCTT_NO,ATCH_ORDER,UPLOADPATH) values ('atch163','ddbc65bfaa844876a6931bb9e8638595$$cappu.jpg','JPG','dbno107',0,'c:/dbx/indi/upload');
Insert into TEAM4_202104F.ATCH_MNFL (FILE_NO,FILE_NM,FILE_TYPE,BBSCTT_NO,ATCH_ORDER,UPLOADPATH) values ('atch164','9ab306ab19484f9d8e7147b8c26341a4$$Desert.jpg','JPG','dbno108',0,'c:/dbx/indi/upload');
Insert into TEAM4_202104F.ATCH_MNFL (FILE_NO,FILE_NM,FILE_TYPE,BBSCTT_NO,ATCH_ORDER,UPLOADPATH) values ('atch26','757228e52f1f491dbee0448a8158d26a$$hodu.jpg','JPG','mngt110',0,'c:/mngt/file/upload');
Insert into TEAM4_202104F.ATCH_MNFL (FILE_NO,FILE_NM,FILE_TYPE,BBSCTT_NO,ATCH_ORDER,UPLOADPATH) values ('atch61','3492998ed34c49d3b46caf276720a58d$$cloud03.jpg','JPG','bnbd123',0,'c:/news/file/upload');
Insert into TEAM4_202104F.ATCH_MNFL (FILE_NO,FILE_NM,FILE_TYPE,BBSCTT_NO,ATCH_ORDER,UPLOADPATH) values ('atch203','0323d927a86f4cac83b712c7f815d393$$cappu.png','PNG','work169',0,'c:/job/file/upload');
Insert into TEAM4_202104F.ATCH_MNFL (FILE_NO,FILE_NM,FILE_TYPE,BBSCTT_NO,ATCH_ORDER,UPLOADPATH) values ('atch441','45aff2bb0b0e4da8a5eba8d8e9018c06$$애오오오옹.png','PNG','scno121',0,'c:/eccst/file/upload');
Insert into TEAM4_202104F.ATCH_MNFL (FILE_NO,FILE_NM,FILE_TYPE,BBSCTT_NO,ATCH_ORDER,UPLOADPATH) values ('atch443','a1ac7847a12949eb93761da6dec18474$$flower0.png','PNG','work362',0,'c:/job/file/upload');
Insert into TEAM4_202104F.ATCH_MNFL (FILE_NO,FILE_NM,FILE_TYPE,BBSCTT_NO,ATCH_ORDER,UPLOADPATH) values ('atch442','3bad47f706274051b45de0b8fb20a364$$4팀발표PPT.pptx','PPTX','work361',0,'c:/job/file/upload');
Insert into TEAM4_202104F.ATCH_MNFL (FILE_NO,FILE_NM,FILE_TYPE,BBSCTT_NO,ATCH_ORDER,UPLOADPATH) values ('atch444','f54c00e1701944168f301f02f95814a3$$dockhub.jpg','JPG','work363',0,'c:/job/file/upload');
Insert into TEAM4_202104F.ATCH_MNFL (FILE_NO,FILE_NM,FILE_TYPE,BBSCTT_NO,ATCH_ORDER,UPLOADPATH) values ('atch445','1f3496e4ad724f75ad7b8520479151cc$$dockhub.jpg','JPG','work364',0,'c:/job/file/upload');
Insert into TEAM4_202104F.ATCH_MNFL (FILE_NO,FILE_NM,FILE_TYPE,BBSCTT_NO,ATCH_ORDER,UPLOADPATH) values ('atch446','9b0177df29d24882b94b6137693e0c07$$dockhub.jpg','JPG','work365',0,'c:/job/file/upload');
Insert into TEAM4_202104F.ATCH_MNFL (FILE_NO,FILE_NM,FILE_TYPE,BBSCTT_NO,ATCH_ORDER,UPLOADPATH) values ('atch456','f2e58cf6c06f41ed890184d7931d1052$$grid-export (11).xlsx','XLSX','dbno161',0,'c:/dbx/indi/upload');
Insert into TEAM4_202104F.ATCH_MNFL (FILE_NO,FILE_NM,FILE_TYPE,BBSCTT_NO,ATCH_ORDER,UPLOADPATH) values ('atch481','1ad02d94b08745ef82a17539660718c1$$미미.jpg','JPG','dbno181',0,'c:/dbx/indi/upload');
Insert into TEAM4_202104F.ATCH_MNFL (FILE_NO,FILE_NM,FILE_TYPE,BBSCTT_NO,ATCH_ORDER,UPLOADPATH) values ('atch482','1c86c403346844cb898c9f6544b2b04f$$cloud03.jpg','JPG','dbno182',0,'c:/dbx/indi/upload');
Insert into TEAM4_202104F.ATCH_MNFL (FILE_NO,FILE_NM,FILE_TYPE,BBSCTT_NO,ATCH_ORDER,UPLOADPATH) values ('atch483','adf80c5732df46499ea93c89454566ba$$img-330143614.pdf','PDF','dbno183',0,'c:/dbx/indi/upload');
Insert into TEAM4_202104F.ATCH_MNFL (FILE_NO,FILE_NM,FILE_TYPE,BBSCTT_NO,ATCH_ORDER,UPLOADPATH) values ('atch484','8e48e666fb864f088cfe2eaf87c1c88f$$opened.png','PNG','dbno184',0,'c:/dbx/indi/upload');
Insert into TEAM4_202104F.ATCH_MNFL (FILE_NO,FILE_NM,FILE_TYPE,BBSCTT_NO,ATCH_ORDER,UPLOADPATH) values ('atch486','f208cb5313b84124861a1b221c61f34f$$coffee - 복사본.jpg','JPG','dbno186',0,'c:/dbx/indi/upload');
Insert into TEAM4_202104F.ATCH_MNFL (FILE_NO,FILE_NM,FILE_TYPE,BBSCTT_NO,ATCH_ORDER,UPLOADPATH) values ('atch487','127e2aa5d54b4b0a8e607064cf90627c$$doch.jpg','JPG','dbno187',0,'c:/dbx/indi/upload');
Insert into TEAM4_202104F.ATCH_MNFL (FILE_NO,FILE_NM,FILE_TYPE,BBSCTT_NO,ATCH_ORDER,UPLOADPATH) values ('atch488','849872d8bdbe4c79ab8a522d02c71230$$보_좌.png','PNG','dbno188',0,'c:/dbx/indi/upload');
Insert into TEAM4_202104F.ATCH_MNFL (FILE_NO,FILE_NM,FILE_TYPE,BBSCTT_NO,ATCH_ORDER,UPLOADPATH) values ('atch489','cccc10128c57412d9ae60faf870e6842$$가위_좌.png','PNG','dbno189',0,'c:/dbx/indi/upload');
Insert into TEAM4_202104F.ATCH_MNFL (FILE_NO,FILE_NM,FILE_TYPE,BBSCTT_NO,ATCH_ORDER,UPLOADPATH) values ('atch491','0b0022c71e8b4c70bac6cc1faa09b5d0$$txt.png','PNG','dbno191',0,'c:/dbx/indi/upload');
Insert into TEAM4_202104F.ATCH_MNFL (FILE_NO,FILE_NM,FILE_TYPE,BBSCTT_NO,ATCH_ORDER,UPLOADPATH) values ('atch492','23cbc67d15054b8a8cf6d386e8980ffd$$puppies.jpg','JPG','dbno192',0,'c:/dbx/indi/upload');
Insert into TEAM4_202104F.ATCH_MNFL (FILE_NO,FILE_NM,FILE_TYPE,BBSCTT_NO,ATCH_ORDER,UPLOADPATH) values ('atch494','67509a949caf44d386508b19899b4c32$$셔틀콕.jpg','JPG','dbno194',0,'c:/dbx/indi/upload');
Insert into TEAM4_202104F.ATCH_MNFL (FILE_NO,FILE_NM,FILE_TYPE,BBSCTT_NO,ATCH_ORDER,UPLOADPATH) values ('atch495','2c8790203fb9487384028c3dc670b682$$0.png','PNG','dbno195',0,'c:/dbx/indi/upload');
Insert into TEAM4_202104F.ATCH_MNFL (FILE_NO,FILE_NM,FILE_TYPE,BBSCTT_NO,ATCH_ORDER,UPLOADPATH) values ('atch496','ac6cb0c7e04e4ec585da4905550e0faa$$qqq.PNG','PNG','dbno196',0,'c:/dbx/indi/upload');
Insert into TEAM4_202104F.ATCH_MNFL (FILE_NO,FILE_NM,FILE_TYPE,BBSCTT_NO,ATCH_ORDER,UPLOADPATH) values ('atch497','cefbae2d1acd40c382f56ba718d3e556$$2.png','PNG','dbno197',0,'c:/dbx/indi/upload');
Insert into TEAM4_202104F.ATCH_MNFL (FILE_NO,FILE_NM,FILE_TYPE,BBSCTT_NO,ATCH_ORDER,UPLOADPATH) values ('atch498','ce2e28ab25034db5bea42e50d84600c5$$2.png','PNG','dbno198',0,'c:/dbx/indi/upload');
Insert into TEAM4_202104F.ATCH_MNFL (FILE_NO,FILE_NM,FILE_TYPE,BBSCTT_NO,ATCH_ORDER,UPLOADPATH) values ('atch499','ae0915a989c846feb4f6e607a57d02eb$$grid-export (8).xlsx','XLSX','dbno199',0,'c:/dbx/indi/upload');
Insert into TEAM4_202104F.ATCH_MNFL (FILE_NO,FILE_NM,FILE_TYPE,BBSCTT_NO,ATCH_ORDER,UPLOADPATH) values ('atch500','4c5bf7aae19344bf8e739e7075019289$$02.뛰슈-요구사항정의서.xlsx','XLSX','dbno200',0,'c:/dbx/indi/upload');
Insert into TEAM4_202104F.ATCH_MNFL (FILE_NO,FILE_NM,FILE_TYPE,BBSCTT_NO,ATCH_ORDER,UPLOADPATH) values ('atch501','9d3d8a41d28b4944b07018279b20421f$$404_error.jsp','JSP','dbno201',0,'c:/dbx/indi/upload');
Insert into TEAM4_202104F.ATCH_MNFL (FILE_NO,FILE_NM,FILE_TYPE,BBSCTT_NO,ATCH_ORDER,UPLOADPATH) values ('atch521','0aae70fc76154bbda51d41fcb34dac0b$$405호 4팀 착수발표(수정).pptx','PPTX','dbno221',0,'c:/dbx/indi/upload');
Insert into TEAM4_202104F.ATCH_MNFL (FILE_NO,FILE_NM,FILE_TYPE,BBSCTT_NO,ATCH_ORDER,UPLOADPATH) values ('atch567','eb8591c7c62d490d8e3227728d00f2f3$$JAVA문제.hwp','HWP','work427',0,'c:/job/file/upload');
Insert into TEAM4_202104F.ATCH_MNFL (FILE_NO,FILE_NM,FILE_TYPE,BBSCTT_NO,ATCH_ORDER,UPLOADPATH) values ('atch542','c0f1bc8a1c874c79950fcf74ef2f7c91$$고앵이4.png','PNG','scno161',1,'c:/eccst/file/upload');
Insert into TEAM4_202104F.ATCH_MNFL (FILE_NO,FILE_NM,FILE_TYPE,BBSCTT_NO,ATCH_ORDER,UPLOADPATH) values ('atch543','be90dbc50adb4876991ae9870a7b204d$$고양이1.png','PNG','scno161',2,'c:/eccst/file/upload');
Insert into TEAM4_202104F.ATCH_MNFL (FILE_NO,FILE_NM,FILE_TYPE,BBSCTT_NO,ATCH_ORDER,UPLOADPATH) values ('atch563','be20118f0267403785a93b1025945399$$Car.pdf','PDF','work423',0,'c:/job/file/upload');
Insert into TEAM4_202104F.ATCH_MNFL (FILE_NO,FILE_NM,FILE_TYPE,BBSCTT_NO,ATCH_ORDER,UPLOADPATH) values ('atch565','2e4809ac4dab4731a0602f2c48f6db37$$Coca-Cola-logo.png','PNG','work425',0,'c:/job/file/upload');
Insert into TEAM4_202104F.ATCH_MNFL (FILE_NO,FILE_NM,FILE_TYPE,BBSCTT_NO,ATCH_ORDER,UPLOADPATH) values ('atch568','09e0a0f7d7e54dd19722055b8021d178$$에스프레소.jpg','JPG','work430',0,'c:/job/file/upload');
Insert into TEAM4_202104F.ATCH_MNFL (FILE_NO,FILE_NM,FILE_TYPE,BBSCTT_NO,ATCH_ORDER,UPLOADPATH) values ('atch573','cb324e1a7dea4fb19d1feaed63ed446f$$ccc.jpg','JPG','mngt181',0,'c:/mngt/file/upload');
Insert into TEAM4_202104F.ATCH_MNFL (FILE_NO,FILE_NM,FILE_TYPE,BBSCTT_NO,ATCH_ORDER,UPLOADPATH) values ('atch585','694ab214fb8a418b93845e95ca4cde31$$이인환 포트폴리오.pptx','PPTX','work437',4,'c:/job/file/upload');
Insert into TEAM4_202104F.ATCH_MNFL (FILE_NO,FILE_NM,FILE_TYPE,BBSCTT_NO,ATCH_ORDER,UPLOADPATH) values ('atch586','cbe4a9f0dda8454fb68b3fd87cefa5b8$$aaa.jpg','JPG','work437',2,'c:/job/file/upload');
Insert into TEAM4_202104F.ATCH_MNFL (FILE_NO,FILE_NM,FILE_TYPE,BBSCTT_NO,ATCH_ORDER,UPLOADPATH) values ('atch18','a8ccd77d909e47d48c393e7dddd765d3$$hodu.jpg','JPG','mngt105',0,'c:/mngt/file/upload');
Insert into TEAM4_202104F.ATCH_MNFL (FILE_NO,FILE_NM,FILE_TYPE,BBSCTT_NO,ATCH_ORDER,UPLOADPATH) values ('atch191','edca341cad7842c993a7b5027f1df64b$$Desert.jpg','JPG','work142',0,'c:/job/file/upload');
Insert into TEAM4_202104F.ATCH_MNFL (FILE_NO,FILE_NM,FILE_TYPE,BBSCTT_NO,ATCH_ORDER,UPLOADPATH) values ('atch222','e75819ffc5ea444c8719464828a1896e$$cloud03.jpg','JPG','work202',0,'c:/job/file/upload');
Insert into TEAM4_202104F.ATCH_MNFL (FILE_NO,FILE_NM,FILE_TYPE,BBSCTT_NO,ATCH_ORDER,UPLOADPATH) values ('atch141','6407d033c4f04c7f9ce24bcd401e6cea$$ibatis란.txt','TXT','ctsn281',0,'c:/event/file/upload');
Insert into TEAM4_202104F.ATCH_MNFL (FILE_NO,FILE_NM,FILE_TYPE,BBSCTT_NO,ATCH_ORDER,UPLOADPATH) values ('atch190','93a07847d7804a329575c75fecb4cc73$$Chrysanthemum.jpg','JPG','work141',0,'c:/job/file/upload');
Insert into TEAM4_202104F.ATCH_MNFL (FILE_NO,FILE_NM,FILE_TYPE,BBSCTT_NO,ATCH_ORDER,UPLOADPATH) values ('atch223','3f8c3abf731a46ada0a637691ef48254$$cloud03.jpg','JPG','work203',0,'c:/job/file/upload');
Insert into TEAM4_202104F.ATCH_MNFL (FILE_NO,FILE_NM,FILE_TYPE,BBSCTT_NO,ATCH_ORDER,UPLOADPATH) values ('atch224','e609241ce93d415498cde0f0a9f04a5c$$cloud03.jpg','JPG','work204',0,'c:/job/file/upload');
Insert into TEAM4_202104F.ATCH_MNFL (FILE_NO,FILE_NM,FILE_TYPE,BBSCTT_NO,ATCH_ORDER,UPLOADPATH) values ('atch261','b745cbf6006a47f8a28f4ebe3d9215d7$$coffee - 복사본.jpg','JPG','work210',6,'c:/job/file/upload');
Insert into TEAM4_202104F.ATCH_MNFL (FILE_NO,FILE_NM,FILE_TYPE,BBSCTT_NO,ATCH_ORDER,UPLOADPATH) values ('atch262','f70edfdc96a749a99bcd03400521c588$$cloud03.jpg','JPG','work210',7,'c:/job/file/upload');
Insert into TEAM4_202104F.ATCH_MNFL (FILE_NO,FILE_NM,FILE_TYPE,BBSCTT_NO,ATCH_ORDER,UPLOADPATH) values ('atch263','c56ceb329866445e845f45a933b40314$$cappu.png','PNG','work210',8,'c:/job/file/upload');
Insert into TEAM4_202104F.ATCH_MNFL (FILE_NO,FILE_NM,FILE_TYPE,BBSCTT_NO,ATCH_ORDER,UPLOADPATH) values ('atch264','afb5442b86394fe69d09d10984179e57$$gsjLogo1.png','PNG','work210',9,'c:/job/file/upload');
Insert into TEAM4_202104F.ATCH_MNFL (FILE_NO,FILE_NM,FILE_TYPE,BBSCTT_NO,ATCH_ORDER,UPLOADPATH) values ('atch265','d4328012cf434f528ca8fca636e95ea6$$Chrysanthemum.jpg','JPG','work210',10,'c:/job/file/upload');
Insert into TEAM4_202104F.ATCH_MNFL (FILE_NO,FILE_NM,FILE_TYPE,BBSCTT_NO,ATCH_ORDER,UPLOADPATH) values ('atch451','f3ac52d76a5e44daa504b8e1bf31a555$$억울애옹.JPG','JPG','scno87',2,'c:/eccst/file/upload');
Insert into TEAM4_202104F.ATCH_MNFL (FILE_NO,FILE_NM,FILE_TYPE,BBSCTT_NO,ATCH_ORDER,UPLOADPATH) values ('atch366','7fdc0e98b7f246c9b0ef23c9f6b8448d$$circle-dot-o.png','PNG','work281',0,'c:/job/file/upload');
Insert into TEAM4_202104F.ATCH_MNFL (FILE_NO,FILE_NM,FILE_TYPE,BBSCTT_NO,ATCH_ORDER,UPLOADPATH) values ('atch367','4821b803fc3f4b36acaab0dc1d80708d$$cloud03.jpg','JPG','work282',0,'c:/job/file/upload');
Insert into TEAM4_202104F.ATCH_MNFL (FILE_NO,FILE_NM,FILE_TYPE,BBSCTT_NO,ATCH_ORDER,UPLOADPATH) values ('atch452','7dcdfc98d625451e8aff3cc53611707d$$애오2오오3옹.png','PNG','scno87',4,'c:/eccst/file/upload');
Insert into TEAM4_202104F.ATCH_MNFL (FILE_NO,FILE_NM,FILE_TYPE,BBSCTT_NO,ATCH_ORDER,UPLOADPATH) values ('atch641','2198ea6b451442d9b943163a0dbe0fc6$$루왁커피.jpg','JPG','work462',0,'c:/job/file/upload');
Insert into TEAM4_202104F.ATCH_MNFL (FILE_NO,FILE_NM,FILE_TYPE,BBSCTT_NO,ATCH_ORDER,UPLOADPATH) values ('atch454','31c6c7a103f74d619198b7780251bc32$$어예.png','PNG','scno87',6,'c:/eccst/file/upload');
Insert into TEAM4_202104F.ATCH_MNFL (FILE_NO,FILE_NM,FILE_TYPE,BBSCTT_NO,ATCH_ORDER,UPLOADPATH) values ('atch455','7bac7263c2134e2ebe5ac8b9d90bb2b3$$bb.png','PNG','scno87',2,'c:/eccst/file/upload');
Insert into TEAM4_202104F.ATCH_MNFL (FILE_NO,FILE_NM,FILE_TYPE,BBSCTT_NO,ATCH_ORDER,UPLOADPATH) values ('atch569','6658f062de764310b5112e18ff3e801c$$KakaoTalk_20190909_124447646.jpg','JPG','work432',0,'c:/job/file/upload');
Insert into TEAM4_202104F.ATCH_MNFL (FILE_NO,FILE_NM,FILE_TYPE,BBSCTT_NO,ATCH_ORDER,UPLOADPATH) values ('atch578','acdf577bfe1b41f9bb627fe3e6643a94$$grid-export (11).xlsx','XLSX','bnbd209',2,'c:/news/file/upload');
Insert into TEAM4_202104F.ATCH_MNFL (FILE_NO,FILE_NM,FILE_TYPE,BBSCTT_NO,ATCH_ORDER,UPLOADPATH) values ('atch460','84ad5f2931be4dbcbc26a49602b180c1$$grid-export (12).xlsx','XLSX','dbno162',0,'c:/dbx/indi/upload');
Insert into TEAM4_202104F.ATCH_MNFL (FILE_NO,FILE_NM,FILE_TYPE,BBSCTT_NO,ATCH_ORDER,UPLOADPATH) values ('atch461','b2007c56627347eea11ce3c51b73bda3$$cappu.png','PNG','dbno163',0,'c:/dbx/indi/upload');
Insert into TEAM4_202104F.ATCH_MNFL (FILE_NO,FILE_NM,FILE_TYPE,BBSCTT_NO,ATCH_ORDER,UPLOADPATH) values ('atch544','7595de0aa0bb43db9dddf934a95b5546$$우상.png','PNG','scno161',2,'c:/eccst/file/upload');
Insert into TEAM4_202104F.ATCH_MNFL (FILE_NO,FILE_NM,FILE_TYPE,BBSCTT_NO,ATCH_ORDER,UPLOADPATH) values ('atch548','33199ef5506d41dc9b4a5055cb5da778$$d.pdf','PDF','dbno244',0,'c:/dbx/indi/upload');
Insert into TEAM4_202104F.ATCH_MNFL (FILE_NO,FILE_NM,FILE_TYPE,BBSCTT_NO,ATCH_ORDER,UPLOADPATH) values ('atch644','0c2b0e1d55bf41b28e9192488f1cb689$$발표준비.pptx','PPTX','dbno322',0,'c:/dbx/indi/upload');
Insert into TEAM4_202104F.ATCH_MNFL (FILE_NO,FILE_NM,FILE_TYPE,BBSCTT_NO,ATCH_ORDER,UPLOADPATH) values ('atch1','fb15e3a49e254b8c9ab93a970f9b750e$$단위업무정의서 1014.xlsx','XLSX','ctsn235',0,'c:/event/file/upload');
Insert into TEAM4_202104F.ATCH_MNFL (FILE_NO,FILE_NM,FILE_TYPE,BBSCTT_NO,ATCH_ORDER,UPLOADPATH) values ('atch2','103dd0538ef54452a9076f79a8829b5f$$happykan.jpg','JPG','ctsn237',0,'c:/event/file/upload');
Insert into TEAM4_202104F.ATCH_MNFL (FILE_NO,FILE_NM,FILE_TYPE,BBSCTT_NO,ATCH_ORDER,UPLOADPATH) values ('atch3','d80b0db7f3764f02b4b1c9d4ebc8b049$$KakaoTalk_20210726_141537109.jpg','JPG','ctsn237',1,'c:/event/file/upload');
Insert into TEAM4_202104F.ATCH_MNFL (FILE_NO,FILE_NM,FILE_TYPE,BBSCTT_NO,ATCH_ORDER,UPLOADPATH) values ('atch4','dc1aacb8a94547a3a9236ba10abe8956$$sadkan.jpg','JPG','ctsn237',2,'c:/event/file/upload');
Insert into TEAM4_202104F.ATCH_MNFL (FILE_NO,FILE_NM,FILE_TYPE,BBSCTT_NO,ATCH_ORDER,UPLOADPATH) values ('atch5','aa9b56014cc546ec8b0d72c1b2a8e3b6$$supersadkan.jpg','JPG','ctsn237',3,'c:/event/file/upload');
Insert into TEAM4_202104F.ATCH_MNFL (FILE_NO,FILE_NM,FILE_TYPE,BBSCTT_NO,ATCH_ORDER,UPLOADPATH) values ('atch7','e9ac7f5a30464bbe95d9170f3cd5e677$$happywon.jpg','JPG','ctsn241',0,'c:/event/file/upload');
Insert into TEAM4_202104F.ATCH_MNFL (FILE_NO,FILE_NM,FILE_TYPE,BBSCTT_NO,ATCH_ORDER,UPLOADPATH) values ('atch8','8919a5c050e647a9a0fa52e659ca2e8a$$superhappywon.jpg','JPG','ctsn241',1,'c:/event/file/upload');
Insert into TEAM4_202104F.ATCH_MNFL (FILE_NO,FILE_NM,FILE_TYPE,BBSCTT_NO,ATCH_ORDER,UPLOADPATH) values ('atch9','fdbed33431ef466f8f0ae049df07d97a$$sadkan.jpg','JPG','ctsn241',2,'c:/event/file/upload');
Insert into TEAM4_202104F.ATCH_MNFL (FILE_NO,FILE_NM,FILE_TYPE,BBSCTT_NO,ATCH_ORDER,UPLOADPATH) values ('atch12','ba9a5ade35764b94af86e58c5a4250f6$$KakaoTalk_20211005_100225196.png','PNG','Free6',0,'c:/event/file/upload');
Insert into TEAM4_202104F.ATCH_MNFL (FILE_NO,FILE_NM,FILE_TYPE,BBSCTT_NO,ATCH_ORDER,UPLOADPATH) values ('atch19','b40d825643d44d37a41f6eea8f8bb45e$$1023.txt','TXT','mngt106',0,'c:/mngt/file/upload');
Insert into TEAM4_202104F.ATCH_MNFL (FILE_NO,FILE_NM,FILE_TYPE,BBSCTT_NO,ATCH_ORDER,UPLOADPATH) values ('atch15','78fa8cd42f254777834165222727861a$$사자자자 (1).jpg','JPG','ctsn243',2,'c:/event/file/upload');
Insert into TEAM4_202104F.ATCH_MNFL (FILE_NO,FILE_NM,FILE_TYPE,BBSCTT_NO,ATCH_ORDER,UPLOADPATH) values ('atch43','4ad62c8a7e8c449da13abda4a73c71d2$$doch.jpg','JPG','work29',0,'c:/job/file/upload');
Insert into TEAM4_202104F.ATCH_MNFL (FILE_NO,FILE_NM,FILE_TYPE,BBSCTT_NO,ATCH_ORDER,UPLOADPATH) values ('atch41','2bbfb43e56aa40ceb4e60484b5f11c8c$$coffee - 복사본.jpg','JPG','work27',0,'c:/job/file/upload');
Insert into TEAM4_202104F.ATCH_MNFL (FILE_NO,FILE_NM,FILE_TYPE,BBSCTT_NO,ATCH_ORDER,UPLOADPATH) values ('atch42','9246a26bb54a4a54bea347b15a79b132$$gsjLogo1.png','PNG','work28',0,'c:/job/file/upload');
Insert into TEAM4_202104F.ATCH_MNFL (FILE_NO,FILE_NM,FILE_TYPE,BBSCTT_NO,ATCH_ORDER,UPLOADPATH) values ('atch44','4bcc6ed8a12941f7affef073cfa405b4$$doch.jpg','JPG','bnbd101',0,'c:/news/file/upload');
Insert into TEAM4_202104F.ATCH_MNFL (FILE_NO,FILE_NM,FILE_TYPE,BBSCTT_NO,ATCH_ORDER,UPLOADPATH) values ('atch48','00fd118d78674982834a0cfe5045c3ec$$Desert.jpg','JPG','work31',0,'c:/job/file/upload');
Insert into TEAM4_202104F.ATCH_MNFL (FILE_NO,FILE_NM,FILE_TYPE,BBSCTT_NO,ATCH_ORDER,UPLOADPATH) values ('atch46','a23f5214fa3d424a9202ad5504d41181$$gsj.png','PNG','bnbd102',0,'c:/news/file/upload');
Insert into TEAM4_202104F.ATCH_MNFL (FILE_NO,FILE_NM,FILE_TYPE,BBSCTT_NO,ATCH_ORDER,UPLOADPATH) values ('atch47','1e1010ca0088450c9ff1a80df5ac66a5$$Coca-Cola-logo.png','PNG','bnbd102',1,'c:/news/file/upload');
Insert into TEAM4_202104F.ATCH_MNFL (FILE_NO,FILE_NM,FILE_TYPE,BBSCTT_NO,ATCH_ORDER,UPLOADPATH) values ('atch183','74fbb529211c43db925f79e2478110a1$$cloud03.jpg','JPG','dbno123',0,'c:/dbx/indi/upload');
Insert into TEAM4_202104F.ATCH_MNFL (FILE_NO,FILE_NM,FILE_TYPE,BBSCTT_NO,ATCH_ORDER,UPLOADPATH) values ('atch101','1f2cab0ad9f54d548c486ab91b7d5748$$cloud03.jpg','JPG','work94',2,'c:/job/file/upload');
Insert into TEAM4_202104F.ATCH_MNFL (FILE_NO,FILE_NM,FILE_TYPE,BBSCTT_NO,ATCH_ORDER,UPLOADPATH) values ('atch182','bb920e0f01924f6ab030a431eb353b57$$cloud03.jpg','JPG','dbno122',0,'c:/dbx/indi/upload');
Insert into TEAM4_202104F.ATCH_MNFL (FILE_NO,FILE_NM,FILE_TYPE,BBSCTT_NO,ATCH_ORDER,UPLOADPATH) values ('atch184','78fe032edee54ef1b9a79dc630ff6790$$doch.jpg','JPG','dbno124',0,'c:/dbx/indi/upload');
Insert into TEAM4_202104F.ATCH_MNFL (FILE_NO,FILE_NM,FILE_TYPE,BBSCTT_NO,ATCH_ORDER,UPLOADPATH) values ('atch185','40638c49199847059d3fca5ef9f34069$$cappu.jpg','JPG','dbno125',0,'c:/dbx/indi/upload');
Insert into TEAM4_202104F.ATCH_MNFL (FILE_NO,FILE_NM,FILE_TYPE,BBSCTT_NO,ATCH_ORDER,UPLOADPATH) values ('atch186','b13ccc5e71eb4398aa08201448575e5d$$coffee - 복사본.jpg','JPG','dbno126',0,'c:/dbx/indi/upload');
Insert into TEAM4_202104F.ATCH_MNFL (FILE_NO,FILE_NM,FILE_TYPE,BBSCTT_NO,ATCH_ORDER,UPLOADPATH) values ('atch187','7fe8819dc11a46ef88f22702bd9403fb$$식품2.jpg','JPG','dbno127',0,'c:/dbx/indi/upload');
Insert into TEAM4_202104F.ATCH_MNFL (FILE_NO,FILE_NM,FILE_TYPE,BBSCTT_NO,ATCH_ORDER,UPLOADPATH) values ('atch188','d77e159e8e524f5db7e3eb37ee5f1cbb$$Coca-Cola-logo.png','PNG','dbno128',0,'c:/dbx/indi/upload');
Insert into TEAM4_202104F.ATCH_MNFL (FILE_NO,FILE_NM,FILE_TYPE,BBSCTT_NO,ATCH_ORDER,UPLOADPATH) values ('atch189','1200dadde5d54f778bdb4e1623857d84$$Desert.jpg','JPG','dbno131',0,'c:/dbx/indi/upload');
Insert into TEAM4_202104F.ATCH_MNFL (FILE_NO,FILE_NM,FILE_TYPE,BBSCTT_NO,ATCH_ORDER,UPLOADPATH) values ('atch266','3384c13897754804806a80c8e8dca759$$circle-dot-o.png','PNG','work242',0,'c:/job/file/upload');
Insert into TEAM4_202104F.ATCH_MNFL (FILE_NO,FILE_NM,FILE_TYPE,BBSCTT_NO,ATCH_ORDER,UPLOADPATH) values ('atch267','c28dad2b8b6444baa1d4886eed89dd0f$$coffee.jpg','JPG','work242',1,'c:/job/file/upload');
Insert into TEAM4_202104F.ATCH_MNFL (FILE_NO,FILE_NM,FILE_TYPE,BBSCTT_NO,ATCH_ORDER,UPLOADPATH) values ('atch268','d7b6d3a9e7ac4e74b6fac42efba98015$$공공데이터포털_행정표준용어.xls','XLS','work243',0,'c:/job/file/upload');
Insert into TEAM4_202104F.ATCH_MNFL (FILE_NO,FILE_NM,FILE_TYPE,BBSCTT_NO,ATCH_ORDER,UPLOADPATH) values ('atch269','406977cb538f493fb15bfca1fa1671f8$$19.사용자 메뉴얼_이인환.pptx','PPTX','work243',1,'c:/job/file/upload');
Insert into TEAM4_202104F.ATCH_MNFL (FILE_NO,FILE_NM,FILE_TYPE,BBSCTT_NO,ATCH_ORDER,UPLOADPATH) values ('atch270','faab95fa73994d44899a9752580fb2cc$$jar.zip','ZIP','work243',2,'c:/job/file/upload');
Insert into TEAM4_202104F.ATCH_MNFL (FILE_NO,FILE_NM,FILE_TYPE,BBSCTT_NO,ATCH_ORDER,UPLOADPATH) values ('atch271','2235859483684f7db0e1ec6ef3e11093$$깃.txt','TXT','work243',3,'c:/job/file/upload');
Insert into TEAM4_202104F.ATCH_MNFL (FILE_NO,FILE_NM,FILE_TYPE,BBSCTT_NO,ATCH_ORDER,UPLOADPATH) values ('atch272','eecdb93a5ce049419c7725a283fed444$$1.png','PNG','work243',4,'c:/job/file/upload');
Insert into TEAM4_202104F.ATCH_MNFL (FILE_NO,FILE_NM,FILE_TYPE,BBSCTT_NO,ATCH_ORDER,UPLOADPATH) values ('atch301','8f1328b48d7146ceb6ef3dfb57f67f57$$애오2오오3옹.png','PNG','scno63',0,'c:/eccst/file/upload');
Insert into TEAM4_202104F.ATCH_MNFL (FILE_NO,FILE_NM,FILE_TYPE,BBSCTT_NO,ATCH_ORDER,UPLOADPATH) values ('atch302','35504232a82c4b8593443e5b1d2b37ef$$애오오오옹.png','PNG','scno63',1,'c:/eccst/file/upload');
Insert into TEAM4_202104F.ATCH_MNFL (FILE_NO,FILE_NM,FILE_TYPE,BBSCTT_NO,ATCH_ORDER,UPLOADPATH) values ('atch303','c0db3109847e4c2aafdc4d7eeae872a0$$어예.png','PNG','scno63',2,'c:/eccst/file/upload');
Insert into TEAM4_202104F.ATCH_MNFL (FILE_NO,FILE_NM,FILE_TYPE,BBSCTT_NO,ATCH_ORDER,UPLOADPATH) values ('atch528','286f781643034822bb10be4932d858f2$$Tulips.jpg','JPG','ntbd193',2,'c:/notice/file/upload');
Insert into TEAM4_202104F.ATCH_MNFL (FILE_NO,FILE_NM,FILE_TYPE,BBSCTT_NO,ATCH_ORDER,UPLOADPATH) values ('atch529','5e49d4059aad4e42ab30f28a30f3f2b4$$Chrysanthemum.jpg','JPG','ntbd192',2,'c:/notice/file/upload');
Insert into TEAM4_202104F.ATCH_MNFL (FILE_NO,FILE_NM,FILE_TYPE,BBSCTT_NO,ATCH_ORDER,UPLOADPATH) values ('atch502','b30275ad22304f1f96f8cf81a3c180d9$$공공데이터포털_행정표준용어.xls','XLS','dbno202',0,'c:/dbx/indi/upload');
Insert into TEAM4_202104F.ATCH_MNFL (FILE_NO,FILE_NM,FILE_TYPE,BBSCTT_NO,ATCH_ORDER,UPLOADPATH) values ('atch527','d61aad72fcf1427bb1ed50280b504742$$Tulips.jpg','JPG','ntbd194',2,'c:/notice/file/upload');
Insert into TEAM4_202104F.ATCH_MNFL (FILE_NO,FILE_NM,FILE_TYPE,BBSCTT_NO,ATCH_ORDER,UPLOADPATH) values ('atch530','fe8896f3e8aa41b2be493b5292a1919a$$Tulips.jpg','JPG','ntbd186',2,'c:/notice/file/upload');
Insert into TEAM4_202104F.ATCH_MNFL (FILE_NO,FILE_NM,FILE_TYPE,BBSCTT_NO,ATCH_ORDER,UPLOADPATH) values ('atch562','c1d344a73d1f4e53b98be9f6d844808d$$1.[기본양식]_자기평가서 및 NCS입사지원서(각반배포 양식).hwp','HWP','work422',0,'c:/job/file/upload');
Insert into TEAM4_202104F.ATCH_MNFL (FILE_NO,FILE_NM,FILE_TYPE,BBSCTT_NO,ATCH_ORDER,UPLOADPATH) values ('atch564','5ce6adcaa755477d8c333091ba97e2c6$$cappu.jpg','JPG','work424',0,'c:/job/file/upload');
Insert into TEAM4_202104F.ATCH_MNFL (FILE_NO,FILE_NM,FILE_TYPE,BBSCTT_NO,ATCH_ORDER,UPLOADPATH) values ('atch566','392bd3b6609d4520be11f929b0a98310$$coffee.jpg','JPG','work426',0,'c:/job/file/upload');
Insert into TEAM4_202104F.ATCH_MNFL (FILE_NO,FILE_NM,FILE_TYPE,BBSCTT_NO,ATCH_ORDER,UPLOADPATH) values ('atch570','777811672f81448e9b35afe3726f79c6$$myExport (17).csv','CSV','work435',0,'c:/job/file/upload');
Insert into TEAM4_202104F.ATCH_MNFL (FILE_NO,FILE_NM,FILE_TYPE,BBSCTT_NO,ATCH_ORDER,UPLOADPATH) values ('atch571','952f69f0065842e586a2c741b49f5a23$$cloud03.jpg','JPG','work436',0,'c:/job/file/upload');
Insert into TEAM4_202104F.ATCH_MNFL (FILE_NO,FILE_NM,FILE_TYPE,BBSCTT_NO,ATCH_ORDER,UPLOADPATH) values ('atch572','efd4595e456f4ec18327029b43ea57ee$$단위업무정의서 분배완 (3).xlsx','XLSX','work437',0,'c:/job/file/upload');
Insert into TEAM4_202104F.ATCH_MNFL (FILE_NO,FILE_NM,FILE_TYPE,BBSCTT_NO,ATCH_ORDER,UPLOADPATH) values ('atch577','61bf2c9e35164f24be1fd938d5183d39$$대본2.hwp','HWP','dbno261',0,'c:/dbx/indi/upload');
Insert into TEAM4_202104F.ATCH_MNFL (FILE_NO,FILE_NM,FILE_TYPE,BBSCTT_NO,ATCH_ORDER,UPLOADPATH) values ('atch582','d6cc7887a8ad4c59a9f2dd239a8e4bf6$$4팀발표PPT.pptx','PPTX','work439',0,'c:/job/file/upload');
Insert into TEAM4_202104F.ATCH_MNFL (FILE_NO,FILE_NM,FILE_TYPE,BBSCTT_NO,ATCH_ORDER,UPLOADPATH) values ('atch603','1b071658b58b49bf85fe5d3a5afca346$$Goods.xlsx','XLSX','work442',0,'c:/job/file/upload');
Insert into TEAM4_202104F.ATCH_MNFL (FILE_NO,FILE_NM,FILE_TYPE,BBSCTT_NO,ATCH_ORDER,UPLOADPATH) values ('atch604','37f6138230d84e849fbeb57236ddef49$$16.통합테스트시나리오_케이스_결과.xlsx','XLSX','dbno282',0,'c:/dbx/indi/upload');
Insert into TEAM4_202104F.ATCH_MNFL (FILE_NO,FILE_NM,FILE_TYPE,BBSCTT_NO,ATCH_ORDER,UPLOADPATH) values ('atch13','9623d7da2ad443cd9af4433c6f167799$$KakaoTalk_20211002_120343703.jpg','JPG','Free8',0,'c:/event/file/upload');
Insert into TEAM4_202104F.ATCH_MNFL (FILE_NO,FILE_NM,FILE_TYPE,BBSCTT_NO,ATCH_ORDER,UPLOADPATH) values ('atch28','30b4006454d0470eb5f373b25d4a5f56$$메인이미지2.jpg','JPG','ntbd68',2,'c:/notice/file/upload');
Insert into TEAM4_202104F.ATCH_MNFL (FILE_NO,FILE_NM,FILE_TYPE,BBSCTT_NO,ATCH_ORDER,UPLOADPATH) values ('atch63','b177c707f41747579a9de82bebf7eb53$$circle-dot-o.png','PNG','work67',0,'c:/job/file/upload');
Insert into TEAM4_202104F.ATCH_MNFL (FILE_NO,FILE_NM,FILE_TYPE,BBSCTT_NO,ATCH_ORDER,UPLOADPATH) values ('atch81','de5de19d33ff4028a6a5a1570023ddf0$$cloud03.jpg','JPG','work101',0,'c:/job/file/upload');
Insert into TEAM4_202104F.ATCH_MNFL (FILE_NO,FILE_NM,FILE_TYPE,BBSCTT_NO,ATCH_ORDER,UPLOADPATH) values ('atch82','c001ff68fc8b47ca9ab94f648193c189$$cloud03.jpg','JPG','work102',0,'c:/job/file/upload');
Insert into TEAM4_202104F.ATCH_MNFL (FILE_NO,FILE_NM,FILE_TYPE,BBSCTT_NO,ATCH_ORDER,UPLOADPATH) values ('atch83','9a59a227355a4465ae1e7f21b21041b9$$Coca-Cola-logo.png','PNG','work103',0,'c:/job/file/upload');
Insert into TEAM4_202104F.ATCH_MNFL (FILE_NO,FILE_NM,FILE_TYPE,BBSCTT_NO,ATCH_ORDER,UPLOADPATH) values ('atch121','f1e82d110a43415d9fce8117162992d5$$Coca-Cola-logo.png','PNG','work123',0,'c:/job/file/upload');
Insert into TEAM4_202104F.ATCH_MNFL (FILE_NO,FILE_NM,FILE_TYPE,BBSCTT_NO,ATCH_ORDER,UPLOADPATH) values ('atch123','a7a79f6c945645dab258d4ce80d372a5$$coffee.jpg','JPG','bnbd86',2,'c:/news/file/upload');
Insert into TEAM4_202104F.ATCH_MNFL (FILE_NO,FILE_NM,FILE_TYPE,BBSCTT_NO,ATCH_ORDER,UPLOADPATH) values ('atch221','f40604d56e4b4dce89f80186d556a407$$coffee - 복사본.jpg','JPG','work201',0,'c:/job/file/upload');
Insert into TEAM4_202104F.ATCH_MNFL (FILE_NO,FILE_NM,FILE_TYPE,BBSCTT_NO,ATCH_ORDER,UPLOADPATH) values ('atch241','bfe6df50e0534e97b87601446f1b51fd$$cloud03.jpg','JPG','work221',2,'c:/job/file/upload');
Insert into TEAM4_202104F.ATCH_MNFL (FILE_NO,FILE_NM,FILE_TYPE,BBSCTT_NO,ATCH_ORDER,UPLOADPATH) values ('atch381','349bf3d595ee42f4aae7c35bf4af03bb$$cappu.jpg','JPG','work301',0,'c:/job/file/upload');
Insert into TEAM4_202104F.ATCH_MNFL (FILE_NO,FILE_NM,FILE_TYPE,BBSCTT_NO,ATCH_ORDER,UPLOADPATH) values ('atch485','ceb08aa6bebf4a2cbd9b3322ef7043e1$$ㅁㅁ.png','PNG','dbno185',0,'c:/dbx/indi/upload');
Insert into TEAM4_202104F.ATCH_MNFL (FILE_NO,FILE_NM,FILE_TYPE,BBSCTT_NO,ATCH_ORDER,UPLOADPATH) values ('atch490','195f2ada95644e3ea97b0b31a813e6ed$$doc.png','PNG','dbno190',0,'c:/dbx/indi/upload');
Insert into TEAM4_202104F.ATCH_MNFL (FILE_NO,FILE_NM,FILE_TYPE,BBSCTT_NO,ATCH_ORDER,UPLOADPATH) values ('atch493','1681bf5089114f73975f1af86ff5a01a$$에스프레소.jpg','JPG','dbno193',0,'c:/dbx/indi/upload');
Insert into TEAM4_202104F.ATCH_MNFL (FILE_NO,FILE_NM,FILE_TYPE,BBSCTT_NO,ATCH_ORDER,UPLOADPATH) values ('atch545','2b9c4c2bb720486e9cf32c5def8b83ac$$★.면접준비.zip','ZIP','dbno241',0,'c:/dbx/indi/upload');
Insert into TEAM4_202104F.ATCH_MNFL (FILE_NO,FILE_NM,FILE_TYPE,BBSCTT_NO,ATCH_ORDER,UPLOADPATH) values ('atch546','94b6b3de9dc842f4a19200b30adf2ec5$$AttachDAO.java','JAVA','dbno242',0,'c:/dbx/indi/upload');
Insert into TEAM4_202104F.ATCH_MNFL (FILE_NO,FILE_NM,FILE_TYPE,BBSCTT_NO,ATCH_ORDER,UPLOADPATH) values ('atch621','d39e5241ce8d45c1a11ac051623322c5$$대본2.hwp','HWP','dbno301',0,'c:/dbx/indi/upload');
Insert into TEAM4_202104F.ATCH_MNFL (FILE_NO,FILE_NM,FILE_TYPE,BBSCTT_NO,ATCH_ORDER,UPLOADPATH) values ('atch181','c7c5b7f180884679a13be0f951e9caba$$Anne-Marie(앤마리)-2002.jpg','JPG','dbno121',0,'c:/dbx/indi/upload');
Insert into TEAM4_202104F.ATCH_MNFL (FILE_NO,FILE_NM,FILE_TYPE,BBSCTT_NO,ATCH_ORDER,UPLOADPATH) values ('atch161','2a61eadfe6fb4bda87ebcd80d999a97d$$Chrysanthemum.jpg','JPG','dbno106',0,'c:/dbx/indi/upload');
Insert into TEAM4_202104F.ATCH_MNFL (FILE_NO,FILE_NM,FILE_TYPE,BBSCTT_NO,ATCH_ORDER,UPLOADPATH) values ('atch202','e6ddbb7f557245d8b50d69487fb96eae$$cappu.jpg','JPG','work168',0,'c:/job/file/upload');
Insert into TEAM4_202104F.ATCH_MNFL (FILE_NO,FILE_NM,FILE_TYPE,BBSCTT_NO,ATCH_ORDER,UPLOADPATH) values ('atch201','6c283283496944558c13aed9ecaf589c$$Chrysanthemum.jpg','JPG','work167',0,'c:/job/file/upload');
Insert into TEAM4_202104F.ATCH_MNFL (FILE_NO,FILE_NM,FILE_TYPE,BBSCTT_NO,ATCH_ORDER,UPLOADPATH) values ('atch225','ed6a5b38530040929916328b4ee19354$$cloud03.jpg','JPG','work205',0,'c:/job/file/upload');
Insert into TEAM4_202104F.ATCH_MNFL (FILE_NO,FILE_NM,FILE_TYPE,BBSCTT_NO,ATCH_ORDER,UPLOADPATH) values ('atch226','662680d7897e466e9cfb5ad2793007fd$$cloud03.jpg','JPG','work206',0,'c:/job/file/upload');
Insert into TEAM4_202104F.ATCH_MNFL (FILE_NO,FILE_NM,FILE_TYPE,BBSCTT_NO,ATCH_ORDER,UPLOADPATH) values ('atch281','ad6330cc9c954ada9b4dd9d28acd3028$$cloud03.jpg','JPG','work261',0,'c:/job/file/upload');
Insert into TEAM4_202104F.ATCH_MNFL (FILE_NO,FILE_NM,FILE_TYPE,BBSCTT_NO,ATCH_ORDER,UPLOADPATH) values ('atch401','236303282c384db7ab76869d53395005$$circle-dot-o.png','PNG','work321',0,'c:/job/file/upload');
Insert into TEAM4_202104F.ATCH_MNFL (FILE_NO,FILE_NM,FILE_TYPE,BBSCTT_NO,ATCH_ORDER,UPLOADPATH) values ('atch421','e28d2582b5494e058ac5d75c0ff22e6b$$Coca-Cola-logo (1).png','PNG','work341',0,'c:/job/file/upload');
Insert into TEAM4_202104F.ATCH_MNFL (FILE_NO,FILE_NM,FILE_TYPE,BBSCTT_NO,ATCH_ORDER,UPLOADPATH) values ('atch402','c601e8cb56e148ceb035c242f58588e4$$cloud03.jpg','JPG','work321',1,'c:/job/file/upload');
Insert into TEAM4_202104F.ATCH_MNFL (FILE_NO,FILE_NM,FILE_TYPE,BBSCTT_NO,ATCH_ORDER,UPLOADPATH) values ('atch422','88c7dad0d50a4a31881e1a7368118293$$grid-export (11).xlsx','XLSX','work341',1,'c:/job/file/upload');
Insert into TEAM4_202104F.ATCH_MNFL (FILE_NO,FILE_NM,FILE_TYPE,BBSCTT_NO,ATCH_ORDER,UPLOADPATH) values ('atch423','33933c1b63c647789bc1447dc381c912$$coffee (1).jpg','JPG','work341',2,'c:/job/file/upload');
Insert into TEAM4_202104F.ATCH_MNFL (FILE_NO,FILE_NM,FILE_TYPE,BBSCTT_NO,ATCH_ORDER,UPLOADPATH) values ('atch424','905ca7acd59b476289a434211e081e73$$화면정의서 1013 (1).pptx','PPTX','work341',3,'c:/job/file/upload');
Insert into TEAM4_202104F.ATCH_MNFL (FILE_NO,FILE_NM,FILE_TYPE,BBSCTT_NO,ATCH_ORDER,UPLOADPATH) values ('atch447','6aba50d504174e35ba64ba24b94448cf$$cloud03 (2).jpg','JPG','work366',0,'c:/job/file/upload');
Insert into TEAM4_202104F.ATCH_MNFL (FILE_NO,FILE_NM,FILE_TYPE,BBSCTT_NO,ATCH_ORDER,UPLOADPATH) values ('atch547','ab46b62285c64e9db6dbdad398feb360$$(최신개정판)정보처리기사 필기_두음쌤.pdf','PDF','dbno243',0,'c:/dbx/indi/upload');
Insert into TEAM4_202104F.ATCH_MNFL (FILE_NO,FILE_NM,FILE_TYPE,BBSCTT_NO,ATCH_ORDER,UPLOADPATH) values ('atch561','4dbcc6d0233b4b078acac7d595fde7f6$$★.면접준비.zip','ZIP','work421',0,'c:/job/file/upload');
Insert into TEAM4_202104F.ATCH_MNFL (FILE_NO,FILE_NM,FILE_TYPE,BBSCTT_NO,ATCH_ORDER,UPLOADPATH) values ('atch574','1688ace41eab441b810f223234151708$$산.png','PNG','mngt182',0,'c:/mngt/file/upload');
Insert into TEAM4_202104F.ATCH_MNFL (FILE_NO,FILE_NM,FILE_TYPE,BBSCTT_NO,ATCH_ORDER,UPLOADPATH) values ('atch580','671b5bc4d6cf4f43aa6c1a80505f6453$$4팀발표PPT.pptx','PPTX','work438',0,'c:/job/file/upload');
Insert into TEAM4_202104F.ATCH_MNFL (FILE_NO,FILE_NM,FILE_TYPE,BBSCTT_NO,ATCH_ORDER,UPLOADPATH) values ('atch576','fb906ecc39ad4b0bba8ee03b2631c242$$에스프레소.jpg','JPG','free62',0,'c:/free/file/upload');
Insert into TEAM4_202104F.ATCH_MNFL (FILE_NO,FILE_NM,FILE_TYPE,BBSCTT_NO,ATCH_ORDER,UPLOADPATH) values ('atch579','d015e290db8944d3bc846688a96564a5$$산.png','PNG','free63',0,'c:/free/file/upload');
Insert into TEAM4_202104F.ATCH_MNFL (FILE_NO,FILE_NM,FILE_TYPE,BBSCTT_NO,ATCH_ORDER,UPLOADPATH) values ('atch581','a32c7df2e977442fb4de36d183a7e8be$$KakaoTalk_20190909_124447265.jpg','JPG','dbno262',0,'c:/dbx/indi/upload');
Insert into TEAM4_202104F.ATCH_MNFL (FILE_NO,FILE_NM,FILE_TYPE,BBSCTT_NO,ATCH_ORDER,UPLOADPATH) values ('atch583','0876170eda3549f8a03f5935803ba7c5$$KakaoTalk_20190909_124447646.jpg','JPG','dbno263',0,'c:/dbx/indi/upload');
Insert into TEAM4_202104F.ATCH_MNFL (FILE_NO,FILE_NM,FILE_TYPE,BBSCTT_NO,ATCH_ORDER,UPLOADPATH) values ('atch601','55d2622487344f55891dcd6fe6fad63f$$4팀발표PPT.pptx','PPTX','work441',0,'c:/job/file/upload');
Insert into TEAM4_202104F.ATCH_MNFL (FILE_NO,FILE_NM,FILE_TYPE,BBSCTT_NO,ATCH_ORDER,UPLOADPATH) values ('atch602','2da5cd96d9004572b5e75407322ca441$$KakaoTalk_20190909_124447646.jpg','JPG','dbno281',0,'c:/dbx/indi/upload');
Insert into TEAM4_202104F.ATCH_MNFL (FILE_NO,FILE_NM,FILE_TYPE,BBSCTT_NO,ATCH_ORDER,UPLOADPATH) values ('atch642','7eba07454a364b4da48f70802a6dbe47$$업무 처리.xlsx','XLSX','work463',0,'c:/job/file/upload');
Insert into TEAM4_202104F.ATCH_MNFL (FILE_NO,FILE_NM,FILE_TYPE,BBSCTT_NO,ATCH_ORDER,UPLOADPATH) values ('atch643','48e114588ec54a588334c17b9a8e4ce8$$발표준비.pptx','PPTX','dbno321',0,'c:/dbx/indi/upload');
Insert into TEAM4_202104F.ATCH_MNFL (FILE_NO,FILE_NM,FILE_TYPE,BBSCTT_NO,ATCH_ORDER,UPLOADPATH) values ('atch645','0e04a371b86240298ae49fecf651eb4e$$업무 처리.xlsx','XLSX','work464',0,'c:/job/file/upload');
Insert into TEAM4_202104F.ATCH_MNFL (FILE_NO,FILE_NM,FILE_TYPE,BBSCTT_NO,ATCH_ORDER,UPLOADPATH) values ('atch646','2c331d5bb62e44e0a0387e18138a6c8d$$발표준비.pptx','PPTX','dbno323',0,'c:/dbx/indi/upload');
REM INSERTING into TEAM4_202104F.BBS_CMPNY_DSPTCH
SET DEFINE OFF;
Insert into TEAM4_202104F.BBS_CMPNY_DSPTCH (BBSCTT_NO,SJ,RGSDE,EMPNO,RDCNT,EMP_NM,CN) values ('bnbd186','[디지털타임스] 과기부 IITP, 2320억 투입… 올해 136개 신규과제 지원',to_date('2021/11/22','YYYY/MM/DD'),2104004,0,'이인환','<h2 id="bo_v_title" class="post_tit" style="padding: 18px; margin-right: 0px; margin-bottom: 0px; margin-left: 0px; font-weight: 600; line-height: 3rem; font-size: 1.8rem; border-width: 2px 0px 1px; border-top-style: solid; border-right-style: initial; border-bottom-style: solid; border-left-style: initial; border-top-color: rgb(255, 124, 21); border-right-color: initial; border-bottom-color: rgb(229, 229, 229); border-left-color: initial; border-image: initial; vertical-align: baseline; background: transparent; color: rgb(85, 85, 85); font-family: &quot;Noto Sans KR&quot;, sans-serif; word-break: keep-all !important;"><span class="bo_v_tit" style="padding: 0px; margin: 0px; border: 0px; vertical-align: baseline; background: transparent; word-break: keep-all !important;">[디지털타임스] 과기부 IITP, 2320억 투입… 올해 136개 신규과제 지원</span></h2>');
Insert into TEAM4_202104F.BBS_CMPNY_DSPTCH (BBSCTT_NO,SJ,RGSDE,EMPNO,RDCNT,EMP_NM,CN) values ('bnbd184','SW업계동향 [전자신문] 디지털 전환 시대 청년 정책 개발 기대해달라',to_date('2021/11/22','YYYY/MM/DD'),2104004,0,'이인환','<p>SW업계동향 [전자신문] 디지털 전환 시대 청년 정책 개발 기대해달라<br></p>');
Insert into TEAM4_202104F.BBS_CMPNY_DSPTCH (BBSCTT_NO,SJ,RGSDE,EMPNO,RDCNT,EMP_NM,CN) values ('bnbd187','[디지털타임스] SW까지 클라우드 전환, 2024년까지 전문인력 1만명 키운다.',to_date('2021/11/22','YYYY/MM/DD'),2104004,0,'이인환','<h2 id="bo_v_title" class="post_tit" style="padding: 18px; margin-right: 0px; margin-bottom: 0px; margin-left: 0px; font-weight: 600; line-height: 3rem; font-size: 1.8rem; border-width: 2px 0px 1px; border-top-style: solid; border-right-style: initial; border-bottom-style: solid; border-left-style: initial; border-top-color: rgb(255, 124, 21); border-right-color: initial; border-bottom-color: rgb(229, 229, 229); border-left-color: initial; border-image: initial; vertical-align: baseline; background: transparent; color: rgb(85, 85, 85); font-family: &quot;Noto Sans KR&quot;, sans-serif; word-break: keep-all !important;"><span class="bo_v_tit" style="padding: 0px; margin: 0px; border: 0px; vertical-align: baseline; background: transparent; word-break: keep-all !important;">[디지털타임스] SW까지 클라우드 전환, 2024년까지 전문인력 1만명 키운다.</span></h2>');
Insert into TEAM4_202104F.BBS_CMPNY_DSPTCH (BBSCTT_NO,SJ,RGSDE,EMPNO,RDCNT,EMP_NM,CN) values ('bnbd185','[전자신문] 과기정통부 행안부, 5일 SW 개발보안 콘퍼런스 개최',to_date('2021/11/22','YYYY/MM/DD'),2104004,1,'이인환','<h2 id="bo_v_title" class="post_tit" style="padding: 18px; margin-right: 0px; margin-bottom: 0px; margin-left: 0px; font-weight: 600; line-height: 3rem; font-size: 1.8rem; border-width: 2px 0px 1px; border-top-style: solid; border-right-style: initial; border-bottom-style: solid; border-left-style: initial; border-top-color: rgb(255, 124, 21); border-right-color: initial; border-bottom-color: rgb(229, 229, 229); border-left-color: initial; border-image: initial; vertical-align: baseline; background: transparent; color: rgb(85, 85, 85); font-family: &quot;Noto Sans KR&quot;, sans-serif; word-break: keep-all !important;"><span class="bo_v_tit" style="padding: 0px; margin: 0px; border: 0px; vertical-align: baseline; background: transparent; word-break: keep-all !important;">[전자신문] 과기정통부 행안부, 5일 SW 개발보안 콘퍼런스 개최</span></h2>');
Insert into TEAM4_202104F.BBS_CMPNY_DSPTCH (BBSCTT_NO,SJ,RGSDE,EMPNO,RDCNT,EMP_NM,CN) values ('bnbd188','[전자신문] 각국 디지털 전환 가속도 韓, SW AI교육 확대 시급',to_date('2021/11/22','YYYY/MM/DD'),2104004,0,'이인환','<h2 id="bo_v_title" class="post_tit" style="padding: 18px; margin-right: 0px; margin-bottom: 0px; margin-left: 0px; font-weight: 600; line-height: 3rem; font-size: 1.8rem; border-width: 2px 0px 1px; border-top-style: solid; border-right-style: initial; border-bottom-style: solid; border-left-style: initial; border-top-color: rgb(255, 124, 21); border-right-color: initial; border-bottom-color: rgb(229, 229, 229); border-left-color: initial; border-image: initial; vertical-align: baseline; background: transparent; color: rgb(85, 85, 85); font-family: &quot;Noto Sans KR&quot;, sans-serif; word-break: keep-all !important;"><span class="bo_v_tit" style="padding: 0px; margin: 0px; border: 0px; vertical-align: baseline; background: transparent; word-break: keep-all !important;">[전자신문] 각국 디지털 전환 가속도 韓, SW AI교육 확대 시급</span></h2>');
Insert into TEAM4_202104F.BBS_CMPNY_DSPTCH (BBSCTT_NO,SJ,RGSDE,EMPNO,RDCNT,EMP_NM,CN) values ('bnbd189','[전자신문] 과기정통부, SW개발보안허브 개소 랜섬웨어 대응 강화',to_date('2021/11/22','YYYY/MM/DD'),2104004,0,'이인환','<h2 id="bo_v_title" class="post_tit" style="padding: 18px; margin-right: 0px; margin-bottom: 0px; margin-left: 0px; font-weight: 600; line-height: 3rem; font-size: 1.8rem; border-width: 2px 0px 1px; border-top-style: solid; border-right-style: initial; border-bottom-style: solid; border-left-style: initial; border-top-color: rgb(255, 124, 21); border-right-color: initial; border-bottom-color: rgb(229, 229, 229); border-left-color: initial; border-image: initial; vertical-align: baseline; background: transparent; color: rgb(85, 85, 85); font-family: &quot;Noto Sans KR&quot;, sans-serif; word-break: keep-all !important;"><span class="bo_v_tit" style="padding: 0px; margin: 0px; border: 0px; vertical-align: baseline; background: transparent; word-break: keep-all !important;">[전자신문] 과기정통부, SW개발보안허브 개소 랜섬웨어 대응 강화</span></h2>');
Insert into TEAM4_202104F.BBS_CMPNY_DSPTCH (BBSCTT_NO,SJ,RGSDE,EMPNO,RDCNT,EMP_NM,CN) values ('bnbd194','[전자신문] 정부 공공 업무 시스템 Saas로 우선 대체',to_date('2021/11/22','YYYY/MM/DD'),2104004,0,'이인환','<h2 id="bo_v_title" class="post_tit" style="padding: 18px; margin-right: 0px; margin-bottom: 0px; margin-left: 0px; font-weight: 600; line-height: 3rem; font-size: 1.8rem; border-width: 2px 0px 1px; border-top-style: solid; border-right-style: initial; border-bottom-style: solid; border-left-style: initial; border-top-color: rgb(255, 124, 21); border-right-color: initial; border-bottom-color: rgb(229, 229, 229); border-left-color: initial; border-image: initial; vertical-align: baseline; background: transparent; color: rgb(85, 85, 85); font-family: &quot;Noto Sans KR&quot;, sans-serif; word-break: keep-all !important;"><span class="bo_v_tit" style="padding: 0px; margin: 0px; border: 0px; vertical-align: baseline; background: transparent; word-break: keep-all !important;">[전자신문] 정부 공공 업무 시스템 Saas로 우선 대체</span></h2>');
Insert into TEAM4_202104F.BBS_CMPNY_DSPTCH (BBSCTT_NO,SJ,RGSDE,EMPNO,RDCNT,EMP_NM,CN) values ('bnbd195','[전자신문] 모든 공공시스템 클라우드로 전면 전환',to_date('2021/11/22','YYYY/MM/DD'),2104004,0,'이인환','<h2 id="bo_v_title" class="post_tit" style="padding: 18px; margin-right: 0px; margin-bottom: 0px; margin-left: 0px; font-weight: 600; line-height: 3rem; font-size: 1.8rem; border-width: 2px 0px 1px; border-top-style: solid; border-right-style: initial; border-bottom-style: solid; border-left-style: initial; border-top-color: rgb(255, 124, 21); border-right-color: initial; border-bottom-color: rgb(229, 229, 229); border-left-color: initial; border-image: initial; vertical-align: baseline; background: transparent; color: rgb(85, 85, 85); font-family: &quot;Noto Sans KR&quot;, sans-serif; word-break: keep-all !important;"><span class="bo_v_tit" style="padding: 0px; margin: 0px; border: 0px; vertical-align: baseline; background: transparent; word-break: keep-all !important;">[전자신문] 모든 공공시스템 클라우드로 전면 전환</span></h2>');
Insert into TEAM4_202104F.BBS_CMPNY_DSPTCH (BBSCTT_NO,SJ,RGSDE,EMPNO,RDCNT,EMP_NM,CN) values ('bnbd206','[전자신문] 초,중,고 SW교육 비중 적어 AI교육과 연계해 확대해야',to_date('2021/11/22','YYYY/MM/DD'),2104004,1,'이인환','<h2 id="bo_v_title" class="post_tit" style="padding: 18px; margin-right: 0px; margin-bottom: 0px; margin-left: 0px; font-weight: 600; line-height: 3rem; font-size: 1.8rem; border-width: 2px 0px 1px; border-top-style: solid; border-right-style: initial; border-bottom-style: solid; border-left-style: initial; border-top-color: rgb(255, 124, 21); border-right-color: initial; border-bottom-color: rgb(229, 229, 229); border-left-color: initial; border-image: initial; vertical-align: baseline; background: transparent; color: rgb(85, 85, 85); font-family: &quot;Noto Sans KR&quot;, sans-serif; word-break: keep-all !important;"><span class="bo_v_tit" style="padding: 0px; margin: 0px; border: 0px; vertical-align: baseline; background: transparent; word-break: keep-all !important;">[전자신문] 초,중,고 SW교육 비중 적어 AI교육과 연계해 확대해야</span></h2>');
Insert into TEAM4_202104F.BBS_CMPNY_DSPTCH (BBSCTT_NO,SJ,RGSDE,EMPNO,RDCNT,EMP_NM,CN) values ('bnbd197','[머니투데이] 단 한번 랜섬웨어 피해로 파산 위기 정부 中企 데이타백업 ...',to_date('2021/11/22','YYYY/MM/DD'),2104004,0,'이인환','<h2 id="bo_v_title" class="post_tit" style="padding: 18px; margin-right: 0px; margin-bottom: 0px; margin-left: 0px; font-weight: 600; line-height: 3rem; font-size: 1.8rem; border-width: 2px 0px 1px; border-top-style: solid; border-right-style: initial; border-bottom-style: solid; border-left-style: initial; border-top-color: rgb(255, 124, 21); border-right-color: initial; border-bottom-color: rgb(229, 229, 229); border-left-color: initial; border-image: initial; vertical-align: baseline; background: transparent; color: rgb(85, 85, 85); font-family: &quot;Noto Sans KR&quot;, sans-serif; word-break: keep-all !important;"><span class="bo_v_tit" style="padding: 0px; margin: 0px; border: 0px; vertical-align: baseline; background: transparent; word-break: keep-all !important;">[머니투데이] 단 한번 랜섬웨어 피해로 파산 위기 정부 中企 데이타백업 비용 지원한다</span></h2>');
Insert into TEAM4_202104F.BBS_CMPNY_DSPTCH (BBSCTT_NO,SJ,RGSDE,EMPNO,RDCNT,EMP_NM,CN) values ('bnbd205','[경향신문] AI로 개인정보 무단 수집 첫 제재 ''이루다''개발사에 1억원대 ...',to_date('2021/11/22','YYYY/MM/DD'),2104004,0,'이인환','<h2 id="bo_v_title" class="post_tit" style="padding: 18px; margin-right: 0px; margin-bottom: 0px; margin-left: 0px; font-weight: 600; line-height: 3rem; font-size: 1.8rem; border-width: 2px 0px 1px; border-top-style: solid; border-right-style: initial; border-bottom-style: solid; border-left-style: initial; border-top-color: rgb(255, 124, 21); border-right-color: initial; border-bottom-color: rgb(229, 229, 229); border-left-color: initial; border-image: initial; vertical-align: baseline; background: transparent; color: rgb(85, 85, 85); font-family: &quot;Noto Sans KR&quot;, sans-serif; word-break: keep-all !important;"><span class="bo_v_tit" style="padding: 0px; margin: 0px; border: 0px; vertical-align: baseline; background: transparent; word-break: keep-all !important;">[경향신문] AI로 개인정보 무단 수집 첫 제재 ''이루다''개발사에 1억원대 과징금</span></h2>');
Insert into TEAM4_202104F.BBS_CMPNY_DSPTCH (BBSCTT_NO,SJ,RGSDE,EMPNO,RDCNT,EMP_NM,CN) values ('bnbd207','[디지털타임스] SW불법 이용자 노린 악성코드 조심하세요.',to_date('2021/11/22','YYYY/MM/DD'),2104004,1,'이인환','<h2 id="bo_v_title" class="post_tit" style="padding: 18px; margin-right: 0px; margin-bottom: 0px; margin-left: 0px; font-weight: 600; line-height: 3rem; font-size: 1.8rem; border-width: 2px 0px 1px; border-top-style: solid; border-right-style: initial; border-bottom-style: solid; border-left-style: initial; border-top-color: rgb(255, 124, 21); border-right-color: initial; border-bottom-color: rgb(229, 229, 229); border-left-color: initial; border-image: initial; vertical-align: baseline; background: transparent; color: rgb(85, 85, 85); font-family: &quot;Noto Sans KR&quot;, sans-serif; word-break: keep-all !important;"><span class="bo_v_tit" style="padding: 0px; margin: 0px; border: 0px; vertical-align: baseline; background: transparent; word-break: keep-all !important;">[디지털타임스] SW불법 이용자 노린 악성코드 조심하세요.</span></h2>');
Insert into TEAM4_202104F.BBS_CMPNY_DSPTCH (BBSCTT_NO,SJ,RGSDE,EMPNO,RDCNT,EMP_NM,CN) values ('bnbd209','[디지털타임스] 이형칠 선순환 산업생태계 조성, 유병한 SW ...',to_date('2021/11/22','YYYY/MM/DD'),2104004,5,'이인환','<h2 id="bo_v_title" class="post_tit" style="padding: 18px; margin-right: 0px; margin-bottom: 0px; margin-left: 0px; font-weight: 600; line-height: 3rem; font-size: 1.8rem; border-width: 2px 0px 1px; border-top-style: solid; border-right-style: initial; border-bottom-style: solid; border-left-style: initial; border-top-color: rgb(255, 124, 21); border-right-color: initial; border-bottom-color: rgb(229, 229, 229); border-left-color: initial; border-image: initial; vertical-align: baseline; background: transparent; color: rgb(85, 85, 85); font-family: "Noto Sans KR", sans-serif; word-break: keep-all !important;"><span class="bo_v_tit" style="padding: 0px; margin: 0px; border: 0px; vertical-align: baseline; background: transparent; word-break: keep-all !important;">[디지털타임스] 이형칠 선순환 산업생태계 조성, 유병한 SW 불법복제율 10%대로</span></h2>,');
Insert into TEAM4_202104F.BBS_CMPNY_DSPTCH (BBSCTT_NO,SJ,RGSDE,EMPNO,RDCNT,EMP_NM,CN) values ('bnbd203','[디지털타임스] 국가 R&amp;D 기초연구에 2조 집행',to_date('2021/11/22','YYYY/MM/DD'),2104004,0,'이인환','<h2 id="bo_v_title" class="post_tit" style="padding: 18px; margin-right: 0px; margin-bottom: 0px; margin-left: 0px; font-weight: 600; line-height: 3rem; font-size: 1.8rem; border-width: 2px 0px 1px; border-top-style: solid; border-right-style: initial; border-bottom-style: solid; border-left-style: initial; border-top-color: rgb(255, 124, 21); border-right-color: initial; border-bottom-color: rgb(229, 229, 229); border-left-color: initial; border-image: initial; vertical-align: baseline; background: transparent; color: rgb(85, 85, 85); font-family: &quot;Noto Sans KR&quot;, sans-serif; word-break: keep-all !important;"><span class="bo_v_tit" style="padding: 0px; margin: 0px; border: 0px; vertical-align: baseline; background: transparent; word-break: keep-all !important;">[디지털타임스] 국가 R&amp;D 기초연구에 2조 집행</span></h2>');
Insert into TEAM4_202104F.BBS_CMPNY_DSPTCH (BBSCTT_NO,SJ,RGSDE,EMPNO,RDCNT,EMP_NM,CN) values ('bnbd192','[전자신문] 대기업참여제한 발주관행 개선도',to_date('2021/11/22','YYYY/MM/DD'),2104004,2,'이인환','<h2 id="bo_v_title" class="post_tit" style="padding: 18px; margin-right: 0px; margin-bottom: 0px; margin-left: 0px; font-weight: 600; line-height: 3rem; font-size: 1.8rem; border-width: 2px 0px 1px; border-top-style: solid; border-right-style: initial; border-bottom-style: solid; border-left-style: initial; border-top-color: rgb(255, 124, 21); border-right-color: initial; border-bottom-color: rgb(229, 229, 229); border-left-color: initial; border-image: initial; vertical-align: baseline; background: transparent; color: rgb(85, 85, 85); font-family: &quot;Noto Sans KR&quot;, sans-serif; word-break: keep-all !important;"><span class="bo_v_tit" style="padding: 0px; margin: 0px; border: 0px; vertical-align: baseline; background: transparent; word-break: keep-all !important;">[전자신문] 대기업참여제한 발주관행 개선도</span></h2>');
Insert into TEAM4_202104F.BBS_CMPNY_DSPTCH (BBSCTT_NO,SJ,RGSDE,EMPNO,RDCNT,EMP_NM,CN) values ('bnbd198','[전자신문] SW 업그레이드 24시간 인력 상주 공공 사업 무상 제공 요구 못 ...',to_date('2021/11/22','YYYY/MM/DD'),2104004,0,'이인환','<h2 id="bo_v_title" class="post_tit" style="padding: 18px; margin-right: 0px; margin-bottom: 0px; margin-left: 0px; font-weight: 600; line-height: 3rem; font-size: 1.8rem; border-width: 2px 0px 1px; border-top-style: solid; border-right-style: initial; border-bottom-style: solid; border-left-style: initial; border-top-color: rgb(255, 124, 21); border-right-color: initial; border-bottom-color: rgb(229, 229, 229); border-left-color: initial; border-image: initial; vertical-align: baseline; background: transparent; color: rgb(85, 85, 85); font-family: &quot;Noto Sans KR&quot;, sans-serif; word-break: keep-all !important;"><span class="bo_v_tit" style="padding: 0px; margin: 0px; border: 0px; vertical-align: baseline; background: transparent; word-break: keep-all !important;">[전자신문] SW 업그레이드 24시간 인력 상주 공공 사업 무상 제공 요구 못 한다.</span></h2>');
Insert into TEAM4_202104F.BBS_CMPNY_DSPTCH (BBSCTT_NO,SJ,RGSDE,EMPNO,RDCNT,EMP_NM,CN) values ('bnbd199','[머니투데이] 공공기관 업무 메일이라고 의심없이 (클릭) ''탈탈''털린다.',to_date('2021/11/22','YYYY/MM/DD'),2104004,0,'이인환','<h2 id="bo_v_title" class="post_tit" style="padding: 18px; margin-right: 0px; margin-bottom: 0px; margin-left: 0px; font-weight: 600; line-height: 3rem; font-size: 1.8rem; border-width: 2px 0px 1px; border-top-style: solid; border-right-style: initial; border-bottom-style: solid; border-left-style: initial; border-top-color: rgb(255, 124, 21); border-right-color: initial; border-bottom-color: rgb(229, 229, 229); border-left-color: initial; border-image: initial; vertical-align: baseline; background: transparent; color: rgb(85, 85, 85); font-family: &quot;Noto Sans KR&quot;, sans-serif; word-break: keep-all !important;"><span class="bo_v_tit" style="padding: 0px; margin: 0px; border: 0px; vertical-align: baseline; background: transparent; word-break: keep-all !important;">[머니투데이] 공공기관 업무 메일이라고 의심없이 (클릭) ''탈탈''털린다.</span></h2>');
Insert into TEAM4_202104F.BBS_CMPNY_DSPTCH (BBSCTT_NO,SJ,RGSDE,EMPNO,RDCNT,EMP_NM,CN) values ('bnbd200','[전자] 한국판 뉴딜 2.0 핵심은 디지털이다',to_date('2021/11/22','YYYY/MM/DD'),2104004,0,'이인환','<h2 id="bo_v_title" class="post_tit" style="padding: 18px; margin-right: 0px; margin-bottom: 0px; margin-left: 0px; font-weight: 600; line-height: 3rem; font-size: 1.8rem; border-width: 2px 0px 1px; border-top-style: solid; border-right-style: initial; border-bottom-style: solid; border-left-style: initial; border-top-color: rgb(255, 124, 21); border-right-color: initial; border-bottom-color: rgb(229, 229, 229); border-left-color: initial; border-image: initial; vertical-align: baseline; background: transparent; color: rgb(85, 85, 85); font-family: &quot;Noto Sans KR&quot;, sans-serif; word-break: keep-all !important;"><span class="bo_v_tit" style="padding: 0px; margin: 0px; border: 0px; vertical-align: baseline; background: transparent; word-break: keep-all !important;">[전자] 한국판 뉴딜 2.0 핵심은 디지털이다</span></h2>');
Insert into TEAM4_202104F.BBS_CMPNY_DSPTCH (BBSCTT_NO,SJ,RGSDE,EMPNO,RDCNT,EMP_NM,CN) values ('bnbd201','[이데일리] 공공sw사업 대기업 참여, 각 부처가 판단? 중소 IT업계 부글',to_date('2021/11/22','YYYY/MM/DD'),2104004,0,'이인환','<h2 id="bo_v_title" class="post_tit" style="padding: 18px; margin-right: 0px; margin-bottom: 0px; margin-left: 0px; font-weight: 600; line-height: 3rem; font-size: 1.8rem; border-width: 2px 0px 1px; border-top-style: solid; border-right-style: initial; border-bottom-style: solid; border-left-style: initial; border-top-color: rgb(255, 124, 21); border-right-color: initial; border-bottom-color: rgb(229, 229, 229); border-left-color: initial; border-image: initial; vertical-align: baseline; background: transparent; color: rgb(85, 85, 85); font-family: &quot;Noto Sans KR&quot;, sans-serif; word-break: keep-all !important;"><span class="bo_v_tit" style="padding: 0px; margin: 0px; border: 0px; vertical-align: baseline; background: transparent; word-break: keep-all !important;">[이데일리] 공공sw사업 대기업 참여, 각 부처가 판단? 중소 IT업계 부글</span></h2>');
Insert into TEAM4_202104F.BBS_CMPNY_DSPTCH (BBSCTT_NO,SJ,RGSDE,EMPNO,RDCNT,EMP_NM,CN) values ('bnbd202','[전자신문]정부 출연연 보안우려SW 긴급삭제',to_date('2021/11/22','YYYY/MM/DD'),2104004,0,'이인환','<h2 id="bo_v_title" class="post_tit" style="padding: 18px; margin-right: 0px; margin-bottom: 0px; margin-left: 0px; font-weight: 600; line-height: 3rem; font-size: 1.8rem; border-width: 2px 0px 1px; border-top-style: solid; border-right-style: initial; border-bottom-style: solid; border-left-style: initial; border-top-color: rgb(255, 124, 21); border-right-color: initial; border-bottom-color: rgb(229, 229, 229); border-left-color: initial; border-image: initial; vertical-align: baseline; background: transparent; color: rgb(85, 85, 85); font-family: &quot;Noto Sans KR&quot;, sans-serif; word-break: keep-all !important;"><span class="bo_v_tit" style="padding: 0px; margin: 0px; border: 0px; vertical-align: baseline; background: transparent; word-break: keep-all !important;">[전자신문]정부 출연연 보안우려SW 긴급삭제</span></h2>');
REM INSERTING into TEAM4_202104F.BBS_CTSNNBD
SET DEFINE OFF;
Insert into TEAM4_202104F.BBS_CTSNNBD (BBSCTT_NO,SJ,RGSDE,EMPNO,RDCNT,EMP_NM,CN) values ('ctsn329','[결혼] 인사팀 이인환 팀장 형제 결혼 알림',to_date('2021/11/22','YYYY/MM/DD'),2104003,2,'안병준','<p>겹경사 축하합니다</p>');
Insert into TEAM4_202104F.BBS_CTSNNBD (BBSCTT_NO,SJ,RGSDE,EMPNO,RDCNT,EMP_NM,CN) values ('ctsn321','[결혼] 김선홍 소장 자녀 결혼 알림',to_date('2021/07/12','YYYY/MM/DD'),2104003,0,'안병준','<p>결혼식 알림</p>');
Insert into TEAM4_202104F.BBS_CTSNNBD (BBSCTT_NO,SJ,RGSDE,EMPNO,RDCNT,EMP_NM,CN) values ('ctsn323','[부고] 기획담당관 윤진명 담당관님 모친 별세 알림',to_date('2021/08/24','YYYY/MM/DD'),2104003,0,'안병준','<p>부고</p>');
Insert into TEAM4_202104F.BBS_CTSNNBD (BBSCTT_NO,SJ,RGSDE,EMPNO,RDCNT,EMP_NM,CN) values ('ctsn326','[결혼] 조직담당관 이몽룡 주무관 장녀 결혼 알림',to_date('2021/10/01','YYYY/MM/DD'),2104003,0,'안병준','<p>결혼</p>');
Insert into TEAM4_202104F.BBS_CTSNNBD (BBSCTT_NO,SJ,RGSDE,EMPNO,RDCNT,EMP_NM,CN) values ('ctsn327','[부고] 홍길동 (전)경영지원부 주무관 부친 별세 알림',to_date('2021/10/20','YYYY/MM/DD'),2104003,0,'안병준','<p>부고</p>');
Insert into TEAM4_202104F.BBS_CTSNNBD (BBSCTT_NO,SJ,RGSDE,EMPNO,RDCNT,EMP_NM,CN) values ('ctsn328','[결혼] 인사팀 이인환 팀장 결혼 알림',to_date('2021/11/09','YYYY/MM/DD'),2104003,0,'안병준','<p>축하합니다.</p>');
Insert into TEAM4_202104F.BBS_CTSNNBD (BBSCTT_NO,SJ,RGSDE,EMPNO,RDCNT,EMP_NM,CN) values ('ctsn324','[부고] 감사 말씀 올립니다 (윤진명 기획담당관)',to_date('2021/09/07','YYYY/MM/DD'),3214,0,'윤진명','<p>감사합니다.</p>');
Insert into TEAM4_202104F.BBS_CTSNNBD (BBSCTT_NO,SJ,RGSDE,EMPNO,RDCNT,EMP_NM,CN) values ('ctsn325','[결혼] 홍길동 (전)경영지원부 주무관 차남 결혼 알림',to_date('2021/09/22','YYYY/MM/DD'),2104003,2,'안병준','<p>결혼</p>');
REM INSERTING into TEAM4_202104F.BBS_FREEBD
SET DEFINE OFF;
Insert into TEAM4_202104F.BBS_FREEBD (BBSCTT_NO,SJ,RGSDE,EMPNO,RDCNT,EMP_NM,CN) values ('free61','11/23 내일 제 생일이에요.',to_date('2021/11/22','YYYY/MM/DD'),3214,3,'윤진명','<p>미리 감사합니다.ㅁ</p>');
Insert into TEAM4_202104F.BBS_FREEBD (BBSCTT_NO,SJ,RGSDE,EMPNO,RDCNT,EMP_NM,CN) values ('free63','제안합니다!',to_date('2021/11/22','YYYY/MM/DD'),2104002,1,'송지수','<p>제안!!</p>');
Insert into TEAM4_202104F.BBS_FREEBD (BBSCTT_NO,SJ,RGSDE,EMPNO,RDCNT,EMP_NM,CN) values ('free62','안녕하세요',to_date('2021/11/22','YYYY/MM/DD'),2104006,2,'정재헌','<p>커~피</p>');
REM INSERTING into TEAM4_202104F.BBS_MNGTBD
SET DEFINE OFF;
Insert into TEAM4_202104F.BBS_MNGTBD (BBSCTT_NO,SJ,RGSDE,EMPNO,RDCNT,EMP_NM,CN) values ('mngt192','2021년 하반기 예산 운용 내역 공개 일정 안내',to_date('2021/11/22','YYYY/MM/DD'),2104006,3,'정재헌','<p>안내</p>');
Insert into TEAM4_202104F.BBS_MNGTBD (BBSCTT_NO,SJ,RGSDE,EMPNO,RDCNT,EMP_NM,CN) values ('mngt193','2021년 조기축구회 활동 장비 구매 계획',to_date('2021/11/22','YYYY/MM/DD'),2104003,3,'안병준','<p>구매</p>');
Insert into TEAM4_202104F.BBS_MNGTBD (BBSCTT_NO,SJ,RGSDE,EMPNO,RDCNT,EMP_NM,CN) values ('mngt181','2021년 상반기 재정 운용 내역 공개',to_date('2021/09/14','YYYY/MM/DD'),2104006,0,'정재헌','<p>2021년 재정 운용 내역 공개<br></p>');
Insert into TEAM4_202104F.BBS_MNGTBD (BBSCTT_NO,SJ,RGSDE,EMPNO,RDCNT,EMP_NM,CN) values ('mngt183','사내 비치용 도서 구매 신청 안내',to_date('2021/10/15','YYYY/MM/DD'),2104006,0,'정재헌','<p>안내</p>');
Insert into TEAM4_202104F.BBS_MNGTBD (BBSCTT_NO,SJ,RGSDE,EMPNO,RDCNT,EMP_NM,CN) values ('mngt182','2021년 상반기 예산 운용 내역 공개',to_date('2021/10/18','YYYY/MM/DD'),2104006,1,'정재헌','<p>공개</p>');
Insert into TEAM4_202104F.BBS_MNGTBD (BBSCTT_NO,SJ,RGSDE,EMPNO,RDCNT,EMP_NM,CN) values ('mngt184','탕비실 직원용 차 등 다과 구매 신청 안내',to_date('2021/10/27','YYYY/MM/DD'),2104006,0,'정재헌','<p>다과&nbsp;</p>');
Insert into TEAM4_202104F.BBS_MNGTBD (BBSCTT_NO,SJ,RGSDE,EMPNO,RDCNT,EMP_NM,CN) values ('mngt185','상비약 구매 목록 내역',to_date('2021/11/01','YYYY/MM/DD'),2104006,0,'정재헌','<p>내역</p>');
Insert into TEAM4_202104F.BBS_MNGTBD (BBSCTT_NO,SJ,RGSDE,EMPNO,RDCNT,EMP_NM,CN) values ('mngt186','유류비 신청 안내',to_date('2021/11/02','YYYY/MM/DD'),2104006,0,'정재헌','<p>신청</p>');
Insert into TEAM4_202104F.BBS_MNGTBD (BBSCTT_NO,SJ,RGSDE,EMPNO,RDCNT,EMP_NM,CN) values ('mngt187','부서별 필요 자재 구매 신청 안내',to_date('2021/11/16','YYYY/MM/DD'),2104003,4,'안병준','<p>신청</p>');
Insert into TEAM4_202104F.BBS_MNGTBD (BBSCTT_NO,SJ,RGSDE,EMPNO,RDCNT,EMP_NM,CN) values ('mngt190','의약품 관리 대장(21년 11월)',to_date('2021/11/19','YYYY/MM/DD'),2104001,0,'김수정','<p>관리대장</p>');
REM INSERTING into TEAM4_202104F.BBS_NTBD
SET DEFINE OFF;
Insert into TEAM4_202104F.BBS_NTBD (BBSCTT_NO,SJ,RGSDE,EMPNO,RDCNT,EMP_NM,CN) values ('ntbd165','전사 온라인 교육 시행 안내',to_date('2021/10/31','YYYY/MM/DD'),2104004,1,'이인환','안녕하세요, 인사팀 이인환입니다. <br>2021년 하반기 인사평가를 시행합니다. <br>일정 확인해주세요.<br> <br>인사 평가 관련한 문의는 인사팀으로 해 주시면 됩니다.<br> 감사합니다.<br>');
Insert into TEAM4_202104F.BBS_NTBD (BBSCTT_NO,SJ,RGSDE,EMPNO,RDCNT,EMP_NM,CN) values ('ntbd166','직장내 괴롭힘 금지법 안내',to_date('2021/11/01','YYYY/MM/DD'),2104006,0,'정재헌','안녕하세요, 인사팀 이인환입니다. <br>2021년 하반기 인사평가를 시행합니다. <br>일정 확인해주세요.<br> <br>인사 평가 관련한 문의는 인사팀으로 해 주시면 됩니다.<br> 감사합니다.<br>');
Insert into TEAM4_202104F.BBS_NTBD (BBSCTT_NO,SJ,RGSDE,EMPNO,RDCNT,EMP_NM,CN) values ('ntbd167','신규 업무협조전 이용 안내',to_date('2021/11/01','YYYY/MM/DD'),2104006,0,'정재헌','안녕하세요, 인사팀 이인환입니다. <br>2021년 하반기 인사평가를 시행합니다. <br>일정 확인해주세요.<br> <br>인사 평가 관련한 문의는 인사팀으로 해 주시면 됩니다.<br> 감사합니다.<br>');
Insert into TEAM4_202104F.BBS_NTBD (BBSCTT_NO,SJ,RGSDE,EMPNO,RDCNT,EMP_NM,CN) values ('ntbd168','2021년 인사평가 시행',to_date('2021/11/03','YYYY/MM/DD'),2104004,0,'이인환','안녕하세요, 인사팀 이인환입니다. <br>2021년 하반기 인사평가를 시행합니다. <br>일정 확인해주세요.<br> <br>인사 평가 관련한 문의는 인사팀으로 해 주시면 됩니다.<br> 감사합니다.<br>');
Insert into TEAM4_202104F.BBS_NTBD (BBSCTT_NO,SJ,RGSDE,EMPNO,RDCNT,EMP_NM,CN) values ('ntbd169','리프레시 휴가 분할 사용 안내',to_date('2021/11/04','YYYY/MM/DD'),2104006,0,'정재헌','안녕하세요, 인사팀 이인환입니다. <br>2021년 하반기 인사평가를 시행합니다. <br>일정 확인해주세요.<br> <br>인사 평가 관련한 문의는 인사팀으로 해 주시면 됩니다.<br> 감사합니다.<br>');
Insert into TEAM4_202104F.BBS_NTBD (BBSCTT_NO,SJ,RGSDE,EMPNO,RDCNT,EMP_NM,CN) values ('ntbd170','노사협의회 2021년 근로자위원 선출 공지',to_date('2021/11/07','YYYY/MM/DD'),2104004,0,'이인환','안녕하세요, 인사팀 이인환입니다. <br>2021년 하반기 인사평가를 시행합니다. <br>일정 확인해주세요.<br> <br>인사 평가 관련한 문의는 인사팀으로 해 주시면 됩니다.<br> 감사합니다.<br>');
Insert into TEAM4_202104F.BBS_NTBD (BBSCTT_NO,SJ,RGSDE,EMPNO,RDCNT,EMP_NM,CN) values ('ntbd171','예비군, 민방위 훈련 참가시 훈련, 휴가 설정 안내',to_date('2021/11/09','YYYY/MM/DD'),2104006,0,'정재헌','안녕하세요, 인사팀 이인환입니다. <br>2021년 하반기 인사평가를 시행합니다. <br>일정 확인해주세요.<br> <br>인사 평가 관련한 문의는 인사팀으로 해 주시면 됩니다.<br> 감사합니다.<br>');
Insert into TEAM4_202104F.BBS_NTBD (BBSCTT_NO,SJ,RGSDE,EMPNO,RDCNT,EMP_NM,CN) values ('ntbd172','업무 인트라넷 및 하이웍스 ui요소 활용 안내',to_date('2021/11/15','YYYY/MM/DD'),2104006,0,'정재헌','안녕하세요, 인사팀 이인환입니다. <br>2021년 하반기 인사평가를 시행합니다. <br>일정 확인해주세요.<br> <br>인사 평가 관련한 문의는 인사팀으로 해 주시면 됩니다.<br> 감사합니다.<br>');
Insert into TEAM4_202104F.BBS_NTBD (BBSCTT_NO,SJ,RGSDE,EMPNO,RDCNT,EMP_NM,CN) values ('ntbd173','21년도 정기 건강검진 안내',to_date('2021/11/17','YYYY/MM/DD'),2104006,0,'정재헌','안녕하세요, 인사팀 이인환입니다. <br>2021년 하반기 인사평가를 시행합니다. <br>일정 확인해주세요.<br> <br>인사 평가 관련한 문의는 인사팀으로 해 주시면 됩니다.<br> 감사합니다.<br>');
Insert into TEAM4_202104F.BBS_NTBD (BBSCTT_NO,SJ,RGSDE,EMPNO,RDCNT,EMP_NM,CN) values ('ntbd174','창립 기념일 휴무 안내',to_date('2021/11/20','YYYY/MM/DD'),2104006,1,'정재헌','안녕하세요, 인사팀 이인환입니다. <br>2021년 하반기 인사평가를 시행합니다. <br>일정 확인해주세요.<br> <br>인사 평가 관련한 문의는 인사팀으로 해 주시면 됩니다.<br> 감사합니다.<br>');
Insert into TEAM4_202104F.BBS_NTBD (BBSCTT_NO,SJ,RGSDE,EMPNO,RDCNT,EMP_NM,CN) values ('ntbd175','전사 온라인 교육 시행 안내',to_date('2021/10/31','YYYY/MM/DD'),2104004,0,'이인환','안녕하세요, 인사팀 이인환입니다. <br>2021년 하반기 인사평가를 시행합니다. <br>일정 확인해주세요.<br> <br>인사 평가 관련한 문의는 인사팀으로 해 주시면 됩니다.<br> 감사합니다.<br>');
Insert into TEAM4_202104F.BBS_NTBD (BBSCTT_NO,SJ,RGSDE,EMPNO,RDCNT,EMP_NM,CN) values ('ntbd176','직장내 괴롭힘 금지법 안내',to_date('2021/11/01','YYYY/MM/DD'),2104006,0,'정재헌','안녕하세요, 인사팀 이인환입니다. <br>2021년 하반기 인사평가를 시행합니다. <br>일정 확인해주세요.<br> <br>인사 평가 관련한 문의는 인사팀으로 해 주시면 됩니다.<br> 감사합니다.<br>');
Insert into TEAM4_202104F.BBS_NTBD (BBSCTT_NO,SJ,RGSDE,EMPNO,RDCNT,EMP_NM,CN) values ('ntbd177','신규 업무협조전 이용 안내',to_date('2021/11/01','YYYY/MM/DD'),2104006,0,'정재헌','안녕하세요, 인사팀 이인환입니다. <br>2021년 하반기 인사평가를 시행합니다. <br>일정 확인해주세요.<br> <br>인사 평가 관련한 문의는 인사팀으로 해 주시면 됩니다.<br> 감사합니다.<br>');
Insert into TEAM4_202104F.BBS_NTBD (BBSCTT_NO,SJ,RGSDE,EMPNO,RDCNT,EMP_NM,CN) values ('ntbd178','2021년 인사평가 시행',to_date('2021/11/03','YYYY/MM/DD'),2104004,1,'이인환','안녕하세요, 인사팀 이인환입니다. <br>2021년 하반기 인사평가를 시행합니다. <br>일정 확인해주세요.<br> <br>인사 평가 관련한 문의는 인사팀으로 해 주시면 됩니다.<br> 감사합니다.<br>');
Insert into TEAM4_202104F.BBS_NTBD (BBSCTT_NO,SJ,RGSDE,EMPNO,RDCNT,EMP_NM,CN) values ('ntbd179','리프레시 휴가 분할 사용 안내',to_date('2021/11/04','YYYY/MM/DD'),2104006,0,'정재헌','안녕하세요, 인사팀 이인환입니다. <br>2021년 하반기 인사평가를 시행합니다. <br>일정 확인해주세요.<br> <br>인사 평가 관련한 문의는 인사팀으로 해 주시면 됩니다.<br> 감사합니다.<br>');
Insert into TEAM4_202104F.BBS_NTBD (BBSCTT_NO,SJ,RGSDE,EMPNO,RDCNT,EMP_NM,CN) values ('ntbd180','노사협의회 2021년 근로자위원 선출 공지',to_date('2021/11/07','YYYY/MM/DD'),2104004,0,'이인환','안녕하세요, 인사팀 이인환입니다. <br>2021년 하반기 인사평가를 시행합니다. <br>일정 확인해주세요.<br> <br>인사 평가 관련한 문의는 인사팀으로 해 주시면 됩니다.<br> 감사합니다.<br>');
Insert into TEAM4_202104F.BBS_NTBD (BBSCTT_NO,SJ,RGSDE,EMPNO,RDCNT,EMP_NM,CN) values ('ntbd181','예비군, 민방위 훈련 참가시 훈련, 휴가 설정 안내',to_date('2021/11/09','YYYY/MM/DD'),2104006,0,'정재헌','안녕하세요, 인사팀 이인환입니다. <br>2021년 하반기 인사평가를 시행합니다. <br>일정 확인해주세요.<br> <br>인사 평가 관련한 문의는 인사팀으로 해 주시면 됩니다.<br> 감사합니다.<br>');
Insert into TEAM4_202104F.BBS_NTBD (BBSCTT_NO,SJ,RGSDE,EMPNO,RDCNT,EMP_NM,CN) values ('ntbd182','업무 인트라넷 및 하이웍스 ui요소 활용 안내',to_date('2021/11/15','YYYY/MM/DD'),2104006,0,'정재헌','안녕하세요, 인사팀 이인환입니다. <br>2021년 하반기 인사평가를 시행합니다. <br>일정 확인해주세요.<br> <br>인사 평가 관련한 문의는 인사팀으로 해 주시면 됩니다.<br> 감사합니다.<br>');
Insert into TEAM4_202104F.BBS_NTBD (BBSCTT_NO,SJ,RGSDE,EMPNO,RDCNT,EMP_NM,CN) values ('ntbd183','21년도 정기 건강검진 안내',to_date('2021/11/17','YYYY/MM/DD'),2104006,0,'정재헌','안녕하세요, 인사팀 이인환입니다. <br>2021년 하반기 인사평가를 시행합니다. <br>일정 확인해주세요.<br> <br>인사 평가 관련한 문의는 인사팀으로 해 주시면 됩니다.<br> 감사합니다.<br>');
Insert into TEAM4_202104F.BBS_NTBD (BBSCTT_NO,SJ,RGSDE,EMPNO,RDCNT,EMP_NM,CN) values ('ntbd184','창립 기념일 휴무 안내',to_date('2021/11/20','YYYY/MM/DD'),2104006,1,'정재헌','안녕하세요, 인사팀 이인환입니다. <br>2021년 하반기 인사평가를 시행합니다. <br>일정 확인해주세요.<br> <br>인사 평가 관련한 문의는 인사팀으로 해 주시면 됩니다.<br> 감사합니다.<br>');
Insert into TEAM4_202104F.BBS_NTBD (BBSCTT_NO,SJ,RGSDE,EMPNO,RDCNT,EMP_NM,CN) values ('ntbd185','전사 온라인 교육 시행 안내',to_date('2021/10/31','YYYY/MM/DD'),2104004,0,'이인환','안녕하세요, 인사팀 이인환입니다. <br>2021년 하반기 인사평가를 시행합니다. <br>일정 확인해주세요.<br> <br>인사 평가 관련한 문의는 인사팀으로 해 주시면 됩니다.<br> 감사합니다.<br>');
Insert into TEAM4_202104F.BBS_NTBD (BBSCTT_NO,SJ,RGSDE,EMPNO,RDCNT,EMP_NM,CN) values ('ntbd186','직장내 괴롭힘 금지법 안내',to_date('2021/11/01','YYYY/MM/DD'),2104006,1,'정재헌','안녕하세요, 인사팀 이인환입니다. <br>2021년 하반기 인사평가를 시행합니다. <br>일정 확인해주세요.<br> <br>인사 평가 관련한 문의는 인사팀으로 해 주시면 됩니다.<br> 감사합니다.<br>');
Insert into TEAM4_202104F.BBS_NTBD (BBSCTT_NO,SJ,RGSDE,EMPNO,RDCNT,EMP_NM,CN) values ('ntbd187','신규 업무협조전 이용 안내',to_date('2021/11/01','YYYY/MM/DD'),2104006,0,'정재헌','안녕하세요, 인사팀 이인환입니다. <br>2021년 하반기 인사평가를 시행합니다. <br>일정 확인해주세요.<br> <br>인사 평가 관련한 문의는 인사팀으로 해 주시면 됩니다.<br> 감사합니다.<br>');
Insert into TEAM4_202104F.BBS_NTBD (BBSCTT_NO,SJ,RGSDE,EMPNO,RDCNT,EMP_NM,CN) values ('ntbd188','2021년 인사평가 시행',to_date('2021/11/03','YYYY/MM/DD'),2104004,0,'이인환','안녕하세요, 인사팀 이인환입니다. <br>2021년 하반기 인사평가를 시행합니다. <br>일정 확인해주세요.<br> <br>인사 평가 관련한 문의는 인사팀으로 해 주시면 됩니다.<br> 감사합니다.<br>');
Insert into TEAM4_202104F.BBS_NTBD (BBSCTT_NO,SJ,RGSDE,EMPNO,RDCNT,EMP_NM,CN) values ('ntbd189','리프레시 휴가 분할 사용 안내',to_date('2021/11/04','YYYY/MM/DD'),2104006,0,'정재헌','안녕하세요, 인사팀 이인환입니다. <br>2021년 하반기 인사평가를 시행합니다. <br>일정 확인해주세요.<br> <br>인사 평가 관련한 문의는 인사팀으로 해 주시면 됩니다.<br> 감사합니다.<br>');
Insert into TEAM4_202104F.BBS_NTBD (BBSCTT_NO,SJ,RGSDE,EMPNO,RDCNT,EMP_NM,CN) values ('ntbd190','노사협의회 2021년 근로자위원 선출 공지',to_date('2021/11/07','YYYY/MM/DD'),2104004,11,'이인환','안녕하세요, 인사팀 이인환입니다. <br>2021년 하반기 인사평가를 시행합니다. <br>일정 확인해주세요.<br> <br>인사 평가 관련한 문의는 인사팀으로 해 주시면 됩니다.<br> 감사합니다.<br>');
Insert into TEAM4_202104F.BBS_NTBD (BBSCTT_NO,SJ,RGSDE,EMPNO,RDCNT,EMP_NM,CN) values ('ntbd191','예비군, 민방위 훈련 참가시 훈련, 휴가 설정 안내',to_date('2021/11/09','YYYY/MM/DD'),2104006,5,'정재헌','안녕하세요, 인사팀 이인환입니다. <br>2021년 하반기 인사평가를 시행합니다. <br>일정 확인해주세요.<br> <br>인사 평가 관련한 문의는 인사팀으로 해 주시면 됩니다.<br> 감사합니다.<br>');
Insert into TEAM4_202104F.BBS_NTBD (BBSCTT_NO,SJ,RGSDE,EMPNO,RDCNT,EMP_NM,CN) values ('ntbd192','업무 인트라넷 및 하이웍스 ui요소 활용 안내',to_date('2021/11/15','YYYY/MM/DD'),2104006,8,'정재헌','안녕하세요, 인사팀 이인환입니다. <br>2021년 하반기 인사평가를 시행합니다. <br>일정 확인해주세요.<br> <br>인사 평가 관련한 문의는 인사팀으로 해 주시면 됩니다.<br> 감사합니다.<br>');
Insert into TEAM4_202104F.BBS_NTBD (BBSCTT_NO,SJ,RGSDE,EMPNO,RDCNT,EMP_NM,CN) values ('ntbd193','21년도 정기 건강검진 안내',to_date('2021/11/17','YYYY/MM/DD'),2104006,10,'정재헌','안녕하세요, 인사팀 이인환입니다. <br>2021년 하반기 인사평가를 시행합니다. <br>일정 확인해주세요.<br> <br>인사 평가 관련한 문의는 인사팀으로 해 주시면 됩니다.<br> 감사합니다.<br>');
Insert into TEAM4_202104F.BBS_NTBD (BBSCTT_NO,SJ,RGSDE,EMPNO,RDCNT,EMP_NM,CN) values ('ntbd194','창립 기념일 휴무 안내',to_date('2021/11/20','YYYY/MM/DD'),2104006,36,'정재헌','안녕하세요, 인사팀 이인환입니다. <br>2021년 하반기 인사평가를 시행합니다. <br>일정 확인해주세요.<br> <br>인사 평가 관련한 문의는 인사팀으로 해 주시면 됩니다.<br> 감사합니다.<br>');
REM INSERTING into TEAM4_202104F.CODE
SET DEFINE OFF;
Insert into TEAM4_202104F.CODE (CODE_NO,CODE_CL,CODE_DC,CODE_DTLS) values ('H003','중요도','높음',null);
Insert into TEAM4_202104F.CODE (CODE_NO,CODE_CL,CODE_DC,CODE_DTLS) values ('Z001','시차출퇴근제 코드','오전 1',null);
Insert into TEAM4_202104F.CODE (CODE_NO,CODE_CL,CODE_DC,CODE_DTLS) values ('Z002','시차출퇴근제 코드','오전 2',null);
Insert into TEAM4_202104F.CODE (CODE_NO,CODE_CL,CODE_DC,CODE_DTLS) values ('H004','중요도','긴급',null);
Insert into TEAM4_202104F.CODE (CODE_NO,CODE_CL,CODE_DC,CODE_DTLS) values ('Z003','시차출퇴근제 코드','오후 1',null);
Insert into TEAM4_202104F.CODE (CODE_NO,CODE_CL,CODE_DC,CODE_DTLS) values ('A001','임직원권한','직원','ROLE_EMPLOYEE');
Insert into TEAM4_202104F.CODE (CODE_NO,CODE_CL,CODE_DC,CODE_DTLS) values ('A002','임직원권한','부서관리자','ROLE_DEPTMANAGER');
Insert into TEAM4_202104F.CODE (CODE_NO,CODE_CL,CODE_DC,CODE_DTLS) values ('A003','임직원권한','임원','ROLE_DIRECTOR');
Insert into TEAM4_202104F.CODE (CODE_NO,CODE_CL,CODE_DC,CODE_DTLS) values ('A004','임직원권한','인사권한자','ROLE_MANAGER');
Insert into TEAM4_202104F.CODE (CODE_NO,CODE_CL,CODE_DC,CODE_DTLS) values ('A005','임직원권한','관리자','ROLE_ADMIN');
Insert into TEAM4_202104F.CODE (CODE_NO,CODE_CL,CODE_DC,CODE_DTLS) values ('B001','부서','경리부','ACCOUNTING_DEPT');
Insert into TEAM4_202104F.CODE (CODE_NO,CODE_CL,CODE_DC,CODE_DTLS) values ('B002','부서','사업부','DIVISION');
Insert into TEAM4_202104F.CODE (CODE_NO,CODE_CL,CODE_DC,CODE_DTLS) values ('B003','부서','시설관리부','FACILITIES_MANAGEMENT_DEPT');
Insert into TEAM4_202104F.CODE (CODE_NO,CODE_CL,CODE_DC,CODE_DTLS) values ('B004','부서','인사부','PERSONNEL_SECTION');
Insert into TEAM4_202104F.CODE (CODE_NO,CODE_CL,CODE_DC,CODE_DTLS) values ('B005','부서','홍보부','PUBLIC_RELATION_DEPT');
Insert into TEAM4_202104F.CODE (CODE_NO,CODE_CL,CODE_DC,CODE_DTLS) values ('C001','직급','사원','EMPLOYEE');
Insert into TEAM4_202104F.CODE (CODE_NO,CODE_CL,CODE_DC,CODE_DTLS) values ('C002','직급','대리','ASSISTANT_SUPERVISOR');
Insert into TEAM4_202104F.CODE (CODE_NO,CODE_CL,CODE_DC,CODE_DTLS) values ('C003','직급','기사','ENGINEER');
Insert into TEAM4_202104F.CODE (CODE_NO,CODE_CL,CODE_DC,CODE_DTLS) values ('C004','직급','계장','CHIEF');
Insert into TEAM4_202104F.CODE (CODE_NO,CODE_CL,CODE_DC,CODE_DTLS) values ('C005','직급','과장','SUPERVISIOR');
Insert into TEAM4_202104F.CODE (CODE_NO,CODE_CL,CODE_DC,CODE_DTLS) values ('C006','직급','차장','ASSISTANT_MANAGER');
Insert into TEAM4_202104F.CODE (CODE_NO,CODE_CL,CODE_DC,CODE_DTLS) values ('C007','직급','팀장','TEAM_MANAGER');
Insert into TEAM4_202104F.CODE (CODE_NO,CODE_CL,CODE_DC,CODE_DTLS) values ('C008','직급','부장','MANAGER');
Insert into TEAM4_202104F.CODE (CODE_NO,CODE_CL,CODE_DC,CODE_DTLS) values ('C009','직급','이사','DIRECTOR');
Insert into TEAM4_202104F.CODE (CODE_NO,CODE_CL,CODE_DC,CODE_DTLS) values ('C010','직급','이사장','CHIEF_DIRECTOR');
Insert into TEAM4_202104F.CODE (CODE_NO,CODE_CL,CODE_DC,CODE_DTLS) values ('C011','직급','사장','PRESIDENT');
Insert into TEAM4_202104F.CODE (CODE_NO,CODE_CL,CODE_DC,CODE_DTLS) values ('C012','직급','회장','CHAIRMAN');
Insert into TEAM4_202104F.CODE (CODE_NO,CODE_CL,CODE_DC,CODE_DTLS) values ('D001','직책','경리부사원','ACCOUNTING_DEPT_EMP');
Insert into TEAM4_202104F.CODE (CODE_NO,CODE_CL,CODE_DC,CODE_DTLS) values ('D002','직책','경리부팀장','ACCOUNTING_DEPT_TEAM_MANAGER');
Insert into TEAM4_202104F.CODE (CODE_NO,CODE_CL,CODE_DC,CODE_DTLS) values ('D003','직책','경리부부장','ACCOUNTING_DEPT_MANAGER');
Insert into TEAM4_202104F.CODE (CODE_NO,CODE_CL,CODE_DC,CODE_DTLS) values ('D004','직책','사업부사원','DIVISION_EMP');
Insert into TEAM4_202104F.CODE (CODE_NO,CODE_CL,CODE_DC,CODE_DTLS) values ('D005','직책','사업부팀장','DIVISION_TEAM_MANAGER');
Insert into TEAM4_202104F.CODE (CODE_NO,CODE_CL,CODE_DC,CODE_DTLS) values ('D006','직책','사업부부장','DIVISION_MANAGER');
Insert into TEAM4_202104F.CODE (CODE_NO,CODE_CL,CODE_DC,CODE_DTLS) values ('D007','직책','시설관리부사원','FACILITIES_MANAGEMENT_DEPT_EMP');
Insert into TEAM4_202104F.CODE (CODE_NO,CODE_CL,CODE_DC,CODE_DTLS) values ('D008','직책','시설관리부팀장','FACILITIES_MANAGEMENT_DEPT_TEAM_MANAGER');
Insert into TEAM4_202104F.CODE (CODE_NO,CODE_CL,CODE_DC,CODE_DTLS) values ('D009','직책','시설관리부부장','FACILITIES_MANAGEMENT_DEPT_MANAGER');
Insert into TEAM4_202104F.CODE (CODE_NO,CODE_CL,CODE_DC,CODE_DTLS) values ('D010','직책','인사부사원','PERSONNEL_SECTION_EMP');
Insert into TEAM4_202104F.CODE (CODE_NO,CODE_CL,CODE_DC,CODE_DTLS) values ('D011','직책','인사부팀장','PERSONNEL_SECTION_TEAM_MANAGER');
Insert into TEAM4_202104F.CODE (CODE_NO,CODE_CL,CODE_DC,CODE_DTLS) values ('D012','직책','인사부부장','PERSONNEL_SECTION_MANAGER');
Insert into TEAM4_202104F.CODE (CODE_NO,CODE_CL,CODE_DC,CODE_DTLS) values ('D014','직책','홍보부사원','PUBLIC_RELATION_DEPT_EMP');
Insert into TEAM4_202104F.CODE (CODE_NO,CODE_CL,CODE_DC,CODE_DTLS) values ('D015','직책','홍보부팀장','PUBLIC_RELATION_DEPT_TEAM_MANAGER');
Insert into TEAM4_202104F.CODE (CODE_NO,CODE_CL,CODE_DC,CODE_DTLS) values ('D016','직책','홍보부부장','PUBLIC_RELATION_DEPT_MANAGER');
Insert into TEAM4_202104F.CODE (CODE_NO,CODE_CL,CODE_DC,CODE_DTLS) values ('E001','문서함','개인문서함','INDIVIDUAL_DOCUMENT_BOX');
Insert into TEAM4_202104F.CODE (CODE_NO,CODE_CL,CODE_DC,CODE_DTLS) values ('E002','문서함','공유문서함','PUBLIC_DOCUMENT_BOX');
Insert into TEAM4_202104F.CODE (CODE_NO,CODE_CL,CODE_DC,CODE_DTLS) values ('F001','근태상태','정상출근',null);
Insert into TEAM4_202104F.CODE (CODE_NO,CODE_CL,CODE_DC,CODE_DTLS) values ('F002','근태상태','조퇴',null);
Insert into TEAM4_202104F.CODE (CODE_NO,CODE_CL,CODE_DC,CODE_DTLS) values ('F003','근태상태','결근',null);
Insert into TEAM4_202104F.CODE (CODE_NO,CODE_CL,CODE_DC,CODE_DTLS) values ('F004','근태상태','퇴근미입력',null);
Insert into TEAM4_202104F.CODE (CODE_NO,CODE_CL,CODE_DC,CODE_DTLS) values ('G001','결재상태','대기',null);
Insert into TEAM4_202104F.CODE (CODE_NO,CODE_CL,CODE_DC,CODE_DTLS) values ('G002','결재상태','진행',null);
Insert into TEAM4_202104F.CODE (CODE_NO,CODE_CL,CODE_DC,CODE_DTLS) values ('G003','결재상태','반려',null);
Insert into TEAM4_202104F.CODE (CODE_NO,CODE_CL,CODE_DC,CODE_DTLS) values ('H001','중요도','낮음',null);
Insert into TEAM4_202104F.CODE (CODE_NO,CODE_CL,CODE_DC,CODE_DTLS) values ('H002','중요도','보통',null);
Insert into TEAM4_202104F.CODE (CODE_NO,CODE_CL,CODE_DC,CODE_DTLS) values ('I001','일정','개인',null);
Insert into TEAM4_202104F.CODE (CODE_NO,CODE_CL,CODE_DC,CODE_DTLS) values ('I002','일정','부서',null);
Insert into TEAM4_202104F.CODE (CODE_NO,CODE_CL,CODE_DC,CODE_DTLS) values ('I003','일정','전사',null);
Insert into TEAM4_202104F.CODE (CODE_NO,CODE_CL,CODE_DC,CODE_DTLS) values ('J001','업무상태','업무대기',null);
Insert into TEAM4_202104F.CODE (CODE_NO,CODE_CL,CODE_DC,CODE_DTLS) values ('J002','업무상태','업무진행',null);
Insert into TEAM4_202104F.CODE (CODE_NO,CODE_CL,CODE_DC,CODE_DTLS) values ('J003','업무상태','업무완료',null);
Insert into TEAM4_202104F.CODE (CODE_NO,CODE_CL,CODE_DC,CODE_DTLS) values ('J004','업무상태','업무지연',null);
Insert into TEAM4_202104F.CODE (CODE_NO,CODE_CL,CODE_DC,CODE_DTLS) values ('G004','결재상태','임시저장',null);
Insert into TEAM4_202104F.CODE (CODE_NO,CODE_CL,CODE_DC,CODE_DTLS) values ('D017','직책','임원',null);
Insert into TEAM4_202104F.CODE (CODE_NO,CODE_CL,CODE_DC,CODE_DTLS) values ('B006','부서','임원',null);
Insert into TEAM4_202104F.CODE (CODE_NO,CODE_CL,CODE_DC,CODE_DTLS) values ('F005','근태상태','지각',null);
Insert into TEAM4_202104F.CODE (CODE_NO,CODE_CL,CODE_DC,CODE_DTLS) values ('K002','휴가','오전 반차',null);
Insert into TEAM4_202104F.CODE (CODE_NO,CODE_CL,CODE_DC,CODE_DTLS) values ('A006','임직원권한','초기로그인자','ROLE_TEMP');
Insert into TEAM4_202104F.CODE (CODE_NO,CODE_CL,CODE_DC,CODE_DTLS) values ('G005','결재상태','완료',null);
Insert into TEAM4_202104F.CODE (CODE_NO,CODE_CL,CODE_DC,CODE_DTLS) values ('K001','휴가','연차',null);
Insert into TEAM4_202104F.CODE (CODE_NO,CODE_CL,CODE_DC,CODE_DTLS) values ('K003','휴가','오후 반차',null);
Insert into TEAM4_202104F.CODE (CODE_NO,CODE_CL,CODE_DC,CODE_DTLS) values ('K004','휴가','병가',null);
Insert into TEAM4_202104F.CODE (CODE_NO,CODE_CL,CODE_DC,CODE_DTLS) values ('L001','결재승인상태','결재대기',null);
Insert into TEAM4_202104F.CODE (CODE_NO,CODE_CL,CODE_DC,CODE_DTLS) values ('L002','결재승인상태','대기',null);
Insert into TEAM4_202104F.CODE (CODE_NO,CODE_CL,CODE_DC,CODE_DTLS) values ('L003','결재승인상태','반려',null);
Insert into TEAM4_202104F.CODE (CODE_NO,CODE_CL,CODE_DC,CODE_DTLS) values ('L004','결재승인상태','승인',null);
REM INSERTING into TEAM4_202104F.DBX
SET DEFINE OFF;
Insert into TEAM4_202104F.DBX (DBX_NO,EMPNO,DBX_SE,SJ,RGSDE,EMP_NM,CN) values ('dbno21',1,'E002','두번째 게시글',to_date('2021/11/03','YYYY/MM/DD'),'성윤모','<p>ㅇㄴㄹㄴㅇㄹㄴㅇ</p>');
Insert into TEAM4_202104F.DBX (DBX_NO,EMPNO,DBX_SE,SJ,RGSDE,EMP_NM,CN) values ('dbno108',3,'E002','rqtery',to_date('2021/11/08','YYYY/MM/DD'),'홍길동','<p>hwrtjy</p>');
Insert into TEAM4_202104F.DBX (DBX_NO,EMPNO,DBX_SE,SJ,RGSDE,EMP_NM,CN) values ('dbno150',3214,'E002','asdfasdfasdfsadf',to_date('2021/11/15','YYYY/MM/DD'),'메가커피','<p>asdf</p>');
Insert into TEAM4_202104F.DBX (DBX_NO,EMPNO,DBX_SE,SJ,RGSDE,EMP_NM,CN) values ('dbno161',3214,'E001','개인 문서함 테스트',to_date('2021/11/19','YYYY/MM/DD'),'메가커피','<p>테스트</p>');
Insert into TEAM4_202104F.DBX (DBX_NO,EMPNO,DBX_SE,SJ,RGSDE,EMP_NM,CN) values ('dbno181',2104006,'E002','휴가 목록',to_date('2021/11/19','YYYY/MM/DD'),'정재헌','<p>휴가 목록</p>');
Insert into TEAM4_202104F.DBX (DBX_NO,EMPNO,DBX_SE,SJ,RGSDE,EMP_NM,CN) values ('dbno182',2104006,'E002','근태 목록',to_date('2021/11/19','YYYY/MM/DD'),'정재헌','<p>근태 목록</p>');
Insert into TEAM4_202104F.DBX (DBX_NO,EMPNO,DBX_SE,SJ,RGSDE,EMP_NM,CN) values ('dbno183',2104006,'E002','개인 문서',to_date('2021/11/19','YYYY/MM/DD'),'정재헌','<p>나중에 쓰자</p>');
Insert into TEAM4_202104F.DBX (DBX_NO,EMPNO,DBX_SE,SJ,RGSDE,EMP_NM,CN) values ('dbno184',2104006,'E002','내 파일',to_date('2021/11/19','YYYY/MM/DD'),'정재헌','<p>파이이이일</p>');
Insert into TEAM4_202104F.DBX (DBX_NO,EMPNO,DBX_SE,SJ,RGSDE,EMP_NM,CN) values ('dbno186',2104006,'E002','Coffee 복사본',to_date('2021/11/19','YYYY/MM/DD'),'정재헌','<p>Coffee 복사본<br></p>');
Insert into TEAM4_202104F.DBX (DBX_NO,EMPNO,DBX_SE,SJ,RGSDE,EMP_NM,CN) values ('dbno187',2104006,'E002','도치',to_date('2021/11/19','YYYY/MM/DD'),'정재헌','<p>고슴도치</p>');
Insert into TEAM4_202104F.DBX (DBX_NO,EMPNO,DBX_SE,SJ,RGSDE,EMP_NM,CN) values ('dbno188',2104006,'E002','가위바위보',to_date('2021/11/19','YYYY/MM/DD'),'정재헌','<p>보</p>');
Insert into TEAM4_202104F.DBX (DBX_NO,EMPNO,DBX_SE,SJ,RGSDE,EMP_NM,CN) values ('dbno189',2104006,'E002','가위바위보',to_date('2021/11/19','YYYY/MM/DD'),'정재헌','<p>가위</p>');
Insert into TEAM4_202104F.DBX (DBX_NO,EMPNO,DBX_SE,SJ,RGSDE,EMP_NM,CN) values ('dbno191',2104006,'E002','개인 문서입니다.',to_date('2021/11/19','YYYY/MM/DD'),'정재헌','<p>문서</p>');
Insert into TEAM4_202104F.DBX (DBX_NO,EMPNO,DBX_SE,SJ,RGSDE,EMP_NM,CN) values ('dbno192',2104006,'E002','11/16 회의자료',to_date('2021/11/19','YYYY/MM/DD'),'정재헌','<p>강아지</p>');
Insert into TEAM4_202104F.DBX (DBX_NO,EMPNO,DBX_SE,SJ,RGSDE,EMP_NM,CN) values ('dbno194',2104006,'E002','배드민턴',to_date('2021/11/19','YYYY/MM/DD'),'정재헌','<p>셔틀콕</p>');
Insert into TEAM4_202104F.DBX (DBX_NO,EMPNO,DBX_SE,SJ,RGSDE,EMP_NM,CN) values ('dbno195',2104006,'E002','정보처리기사',to_date('2021/11/19','YYYY/MM/DD'),'정재헌','<p>따자</p>');
Insert into TEAM4_202104F.DBX (DBX_NO,EMPNO,DBX_SE,SJ,RGSDE,EMP_NM,CN) values ('dbno196',2104006,'E002','배경화면',to_date('2021/11/19','YYYY/MM/DD'),'정재헌','<p>배경화면</p>');
Insert into TEAM4_202104F.DBX (DBX_NO,EMPNO,DBX_SE,SJ,RGSDE,EMP_NM,CN) values ('dbno197',2104006,'E001','일정 등록할것',to_date('2021/11/19','YYYY/MM/DD'),'정재헌','바둑');
Insert into TEAM4_202104F.DBX (DBX_NO,EMPNO,DBX_SE,SJ,RGSDE,EMP_NM,CN) values ('dbno198',2104006,'E001','처리할 서류철',to_date('2021/11/19','YYYY/MM/DD'),'정재헌','<p>검돌</p>');
Insert into TEAM4_202104F.DBX (DBX_NO,EMPNO,DBX_SE,SJ,RGSDE,EMP_NM,CN) values ('dbno199',2104006,'E001','조직도',to_date('2021/11/19','YYYY/MM/DD'),'정재헌','<p>조직도</p>');
Insert into TEAM4_202104F.DBX (DBX_NO,EMPNO,DBX_SE,SJ,RGSDE,EMP_NM,CN) values ('dbno200',2104006,'E001','요구사항 정의서',to_date('2021/11/19','YYYY/MM/DD'),'정재헌','<p>요구사항 정의서</p>');
Insert into TEAM4_202104F.DBX (DBX_NO,EMPNO,DBX_SE,SJ,RGSDE,EMP_NM,CN) values ('dbno201',2104006,'E002','시험 결과',to_date('2021/11/19','YYYY/MM/DD'),'정재헌','<p>404!!!</p>');
Insert into TEAM4_202104F.DBX (DBX_NO,EMPNO,DBX_SE,SJ,RGSDE,EMP_NM,CN) values ('dbno221',2104006,'E002','부장님이 요청한 서류',to_date('2021/11/20','YYYY/MM/DD'),'정재헌','<p>서류묶음</p>');
Insert into TEAM4_202104F.DBX (DBX_NO,EMPNO,DBX_SE,SJ,RGSDE,EMP_NM,CN) values ('dbno245',1515,'E002','z',to_date('2021/11/22','YYYY/MM/DD'),'키티','<p>z</p>');
Insert into TEAM4_202104F.DBX (DBX_NO,EMPNO,DBX_SE,SJ,RGSDE,EMP_NM,CN) values ('dbno81',1459012,'E002','사업부 1팀 - 11월 참고할 문서',to_date('2021/11/05','YYYY/MM/DD'),'김수정','<p>라라라라라라라라</p>');
Insert into TEAM4_202104F.DBX (DBX_NO,EMPNO,DBX_SE,SJ,RGSDE,EMP_NM,CN) values ('dbno158',1459012,'E002','정재헌은 바보가 틀림없습니다.',to_date('2021/11/17','YYYY/MM/DD'),'김수정','<p>ㅎㅎ?</p>');
Insert into TEAM4_202104F.DBX (DBX_NO,EMPNO,DBX_SE,SJ,RGSDE,EMP_NM,CN) values ('dbno162',2104006,'E002','조직도입니다.',to_date('2021/11/19','YYYY/MM/DD'),'정재헌','<p>조직도</p>');
Insert into TEAM4_202104F.DBX (DBX_NO,EMPNO,DBX_SE,SJ,RGSDE,EMP_NM,CN) values ('dbno163',2104006,'E002','11/19일 업무 백업',to_date('2021/11/19','YYYY/MM/DD'),'정재헌','안녕하세요.');
Insert into TEAM4_202104F.DBX (DBX_NO,EMPNO,DBX_SE,SJ,RGSDE,EMP_NM,CN) values ('dbno322',2104006,'E002','차장님 업무지시',to_date('2021/11/24','YYYY/MM/DD'),'정재헌','<p>차장</p>');
Insert into TEAM4_202104F.DBX (DBX_NO,EMPNO,DBX_SE,SJ,RGSDE,EMP_NM,CN) values ('dbno244',123,'E002','개인문서1',to_date('2021/11/20','YYYY/MM/DD'),'임원근','<p>ㅁㄴㅇㄹ</p>');
Insert into TEAM4_202104F.DBX (DBX_NO,EMPNO,DBX_SE,SJ,RGSDE,EMP_NM,CN) values ('dbno109',1459012,'E002','개인문서',to_date('2021/11/08','YYYY/MM/DD'),'김수정','개인문서');
Insert into TEAM4_202104F.DBX (DBX_NO,EMPNO,DBX_SE,SJ,RGSDE,EMP_NM,CN) values ('dbno122',3,'E001','dfghsartj',to_date('2021/11/09','YYYY/MM/DD'),'홍길동','<p>ateha4</p>');
Insert into TEAM4_202104F.DBX (DBX_NO,EMPNO,DBX_SE,SJ,RGSDE,EMP_NM,CN) values ('dbno110',1459012,'E001','개인문서222222',to_date('2021/11/08','YYYY/MM/DD'),'김수정','개인문서2222222');
Insert into TEAM4_202104F.DBX (DBX_NO,EMPNO,DBX_SE,SJ,RGSDE,EMP_NM,CN) values ('dbno152',1459012,'E002','z',to_date('2021/11/16','YYYY/MM/DD'),'김수정','<p>z</p>');
Insert into TEAM4_202104F.DBX (DBX_NO,EMPNO,DBX_SE,SJ,RGSDE,EMP_NM,CN) values ('dbno153',1459012,'E002','zz',to_date('2021/11/16','YYYY/MM/DD'),'김수정','<p>zz</p>');
Insert into TEAM4_202104F.DBX (DBX_NO,EMPNO,DBX_SE,SJ,RGSDE,EMP_NM,CN) values ('dbno154',1459012,'E002','zzz',to_date('2021/11/16','YYYY/MM/DD'),'김수정','<p>zzz</p>');
Insert into TEAM4_202104F.DBX (DBX_NO,EMPNO,DBX_SE,SJ,RGSDE,EMP_NM,CN) values ('dbno155',1459012,'E002','d',to_date('2021/11/16','YYYY/MM/DD'),'김수정','<p>d</p>');
Insert into TEAM4_202104F.DBX (DBX_NO,EMPNO,DBX_SE,SJ,RGSDE,EMP_NM,CN) values ('dbno156',1459012,'E002','dd',to_date('2021/11/16','YYYY/MM/DD'),'김수정','<p>dd</p>');
Insert into TEAM4_202104F.DBX (DBX_NO,EMPNO,DBX_SE,SJ,RGSDE,EMP_NM,CN) values ('dbno157',1459012,'E002','df',to_date('2021/11/16','YYYY/MM/DD'),'김수정','<p>df</p>');
Insert into TEAM4_202104F.DBX (DBX_NO,EMPNO,DBX_SE,SJ,RGSDE,EMP_NM,CN) values ('dbno202',2104006,'E001','11월 19일',to_date('2021/11/19','YYYY/MM/DD'),'정재헌','<p>금요일</p>');
Insert into TEAM4_202104F.DBX (DBX_NO,EMPNO,DBX_SE,SJ,RGSDE,EMP_NM,CN) values ('dbno261',2104006,'E002','개인문서',to_date('2021/11/22','YYYY/MM/DD'),'정재헌','<p>개문</p>');
Insert into TEAM4_202104F.DBX (DBX_NO,EMPNO,DBX_SE,SJ,RGSDE,EMP_NM,CN) values ('dbno282',2104006,'E002','내파일',to_date('2021/11/23','YYYY/MM/DD'),'정재헌','<p>내파일</p>');
Insert into TEAM4_202104F.DBX (DBX_NO,EMPNO,DBX_SE,SJ,RGSDE,EMP_NM,CN) values ('dbno135',3,'E002','suk8l',to_date('2021/11/09','YYYY/MM/DD'),'홍길동','<p>ksts8l5uk</p>');
Insert into TEAM4_202104F.DBX (DBX_NO,EMPNO,DBX_SE,SJ,RGSDE,EMP_NM,CN) values ('dbno151',1459012,'E002','zzzz',to_date('2021/11/16','YYYY/MM/DD'),'김수정','<p>zzzz</p>');
Insert into TEAM4_202104F.DBX (DBX_NO,EMPNO,DBX_SE,SJ,RGSDE,EMP_NM,CN) values ('dbno104',3,'E001','aerhtaet',to_date('2021/11/08','YYYY/MM/DD'),'홍길동','<p>aerthaeth</p>');
Insert into TEAM4_202104F.DBX (DBX_NO,EMPNO,DBX_SE,SJ,RGSDE,EMP_NM,CN) values ('dbno9',1,'E002','공유문서 입니다ㅏㅏㅏ',to_date('2021/11/01','YYYY/MM/DD'),'성윤모','<p>ㅇㅇㅇ</p>');
Insert into TEAM4_202104F.DBX (DBX_NO,EMPNO,DBX_SE,SJ,RGSDE,EMP_NM,CN) values ('dbno42',1,'E002','세번째 게시글!',to_date('2021/11/03','YYYY/MM/DD'),'성윤모','<p>ㄹㅇㄴㄹㄴㅇㄹ</p>');
Insert into TEAM4_202104F.DBX (DBX_NO,EMPNO,DBX_SE,SJ,RGSDE,EMP_NM,CN) values ('dbno105',3,'E001','athaetrha',to_date('2021/11/08','YYYY/MM/DD'),'홍길동','<p>asdfgerg</p>');
Insert into TEAM4_202104F.DBX (DBX_NO,EMPNO,DBX_SE,SJ,RGSDE,EMP_NM,CN) values ('dbno190',2104006,'E002','결재 완료',to_date('2021/11/19','YYYY/MM/DD'),'정재헌','<p>document</p>');
Insert into TEAM4_202104F.DBX (DBX_NO,EMPNO,DBX_SE,SJ,RGSDE,EMP_NM,CN) values ('dbno185',2104006,'E001','동영상',to_date('2021/11/19','YYYY/MM/DD'),'정재헌','<p>냠냠</p>');
Insert into TEAM4_202104F.DBX (DBX_NO,EMPNO,DBX_SE,SJ,RGSDE,EMP_NM,CN) values ('dbno149',1459012,'E002','마지막 테스트!!!',to_date('2021/11/10','YYYY/MM/DD'),'김수정','<p>마지막!!</p>');
Insert into TEAM4_202104F.DBX (DBX_NO,EMPNO,DBX_SE,SJ,RGSDE,EMP_NM,CN) values ('dbno193',2104006,'E002','자격증 자료',to_date('2021/11/19','YYYY/MM/DD'),'정재헌','<p>커피</p>');
Insert into TEAM4_202104F.DBX (DBX_NO,EMPNO,DBX_SE,SJ,RGSDE,EMP_NM,CN) values ('dbno241',2104003,'E001','11/19일 회의 자료',to_date('2021/11/20','YYYY/MM/DD'),'안병준','<p>회의 자료</p>');
Insert into TEAM4_202104F.DBX (DBX_NO,EMPNO,DBX_SE,SJ,RGSDE,EMP_NM,CN) values ('dbno242',2104003,'E001','정처기 ',to_date('2021/11/20','YYYY/MM/DD'),'안병준','<p>아자아자</p>');
Insert into TEAM4_202104F.DBX (DBX_NO,EMPNO,DBX_SE,SJ,RGSDE,EMP_NM,CN) values ('dbno301',1515,'E002','발표준비용',to_date('2021/11/23','YYYY/MM/DD'),'박히윤','<p>대본입니다.</p>');
Insert into TEAM4_202104F.DBX (DBX_NO,EMPNO,DBX_SE,SJ,RGSDE,EMP_NM,CN) values ('dbno106',3,'E001','aethaetha',to_date('2021/11/08','YYYY/MM/DD'),'홍길동','<p>qwetqwert</p>');
Insert into TEAM4_202104F.DBX (DBX_NO,EMPNO,DBX_SE,SJ,RGSDE,EMP_NM,CN) values ('dbno243',2104003,'E001','11/20 업무 백업',to_date('2021/11/20','YYYY/MM/DD'),'안병준','<p>백업</p>');
Insert into TEAM4_202104F.DBX (DBX_NO,EMPNO,DBX_SE,SJ,RGSDE,EMP_NM,CN) values ('dbno121',3,'E002','ytuidytulk',to_date('2021/11/09','YYYY/MM/DD'),'홍길동','<p>ergheth</p>');
Insert into TEAM4_202104F.DBX (DBX_NO,EMPNO,DBX_SE,SJ,RGSDE,EMP_NM,CN) values ('dbno262',2104006,'E002','업무용 파일',to_date('2021/11/22','YYYY/MM/DD'),'정재헌','<p>업무용 파일</p>');
Insert into TEAM4_202104F.DBX (DBX_NO,EMPNO,DBX_SE,SJ,RGSDE,EMP_NM,CN) values ('dbno263',2104006,'E002','부장님 지시파일',to_date('2021/11/22','YYYY/MM/DD'),'정재헌','<p>호랑이</p>');
Insert into TEAM4_202104F.DBX (DBX_NO,EMPNO,DBX_SE,SJ,RGSDE,EMP_NM,CN) values ('dbno281',2104006,'E002','안병준 부장님 파일',to_date('2021/11/23','YYYY/MM/DD'),'정재헌','<p>부장님 파일</p>');
Insert into TEAM4_202104F.DBX (DBX_NO,EMPNO,DBX_SE,SJ,RGSDE,EMP_NM,CN) values ('dbno321',2104006,'E001','차장님 업무지시',to_date('2021/11/24','YYYY/MM/DD'),'정재헌','<p>차장</p>');
Insert into TEAM4_202104F.DBX (DBX_NO,EMPNO,DBX_SE,SJ,RGSDE,EMP_NM,CN) values ('dbno323',2104006,'E002','내 발표자료',to_date('2021/11/24','YYYY/MM/DD'),'정재헌','<p>내발표자료</p>');
REM INSERTING into TEAM4_202104F.DBX_COCNR
SET DEFINE OFF;
Insert into TEAM4_202104F.DBX_COCNR (COCNR_NO,DBX_NO,COCNR_EMPNO,COCNR_NM,RCVR_EMPNO) values ('cono215','dbno196',2104006,'정재헌',2104003);
Insert into TEAM4_202104F.DBX_COCNR (COCNR_NO,DBX_NO,COCNR_EMPNO,COCNR_NM,RCVR_EMPNO) values ('cono121','dbno150',3214,'메가커피',8987);
Insert into TEAM4_202104F.DBX_COCNR (COCNR_NO,DBX_NO,COCNR_EMPNO,COCNR_NM,RCVR_EMPNO) values ('cono122','dbno150',3214,'메가커피',2);
Insert into TEAM4_202104F.DBX_COCNR (COCNR_NO,DBX_NO,COCNR_EMPNO,COCNR_NM,RCVR_EMPNO) values ('cono216','dbno195',2104006,'정재헌',2104003);
Insert into TEAM4_202104F.DBX_COCNR (COCNR_NO,DBX_NO,COCNR_EMPNO,COCNR_NM,RCVR_EMPNO) values ('cono217','dbno190',2104006,'정재헌',2104003);
Insert into TEAM4_202104F.DBX_COCNR (COCNR_NO,DBX_NO,COCNR_EMPNO,COCNR_NM,RCVR_EMPNO) values ('cono218','dbno188',2104006,'정재헌',2104003);
Insert into TEAM4_202104F.DBX_COCNR (COCNR_NO,DBX_NO,COCNR_EMPNO,COCNR_NM,RCVR_EMPNO) values ('cono219','dbno187',2104006,'정재헌',2104003);
Insert into TEAM4_202104F.DBX_COCNR (COCNR_NO,DBX_NO,COCNR_EMPNO,COCNR_NM,RCVR_EMPNO) values ('cono220','dbno186',2104006,'정재헌',2104003);
Insert into TEAM4_202104F.DBX_COCNR (COCNR_NO,DBX_NO,COCNR_EMPNO,COCNR_NM,RCVR_EMPNO) values ('cono221','dbno184',2104006,'정재헌',2104003);
Insert into TEAM4_202104F.DBX_COCNR (COCNR_NO,DBX_NO,COCNR_EMPNO,COCNR_NM,RCVR_EMPNO) values ('cono222','dbno196',2104006,'정재헌',3214);
Insert into TEAM4_202104F.DBX_COCNR (COCNR_NO,DBX_NO,COCNR_EMPNO,COCNR_NM,RCVR_EMPNO) values ('cono223','dbno195',2104006,'정재헌',3214);
Insert into TEAM4_202104F.DBX_COCNR (COCNR_NO,DBX_NO,COCNR_EMPNO,COCNR_NM,RCVR_EMPNO) values ('cono224','dbno190',2104006,'정재헌',3214);
Insert into TEAM4_202104F.DBX_COCNR (COCNR_NO,DBX_NO,COCNR_EMPNO,COCNR_NM,RCVR_EMPNO) values ('cono225','dbno188',2104006,'정재헌',3214);
Insert into TEAM4_202104F.DBX_COCNR (COCNR_NO,DBX_NO,COCNR_EMPNO,COCNR_NM,RCVR_EMPNO) values ('cono226','dbno187',2104006,'정재헌',3214);
Insert into TEAM4_202104F.DBX_COCNR (COCNR_NO,DBX_NO,COCNR_EMPNO,COCNR_NM,RCVR_EMPNO) values ('cono227','dbno186',2104006,'정재헌',3214);
Insert into TEAM4_202104F.DBX_COCNR (COCNR_NO,DBX_NO,COCNR_EMPNO,COCNR_NM,RCVR_EMPNO) values ('cono228','dbno184',2104006,'정재헌',3214);
Insert into TEAM4_202104F.DBX_COCNR (COCNR_NO,DBX_NO,COCNR_EMPNO,COCNR_NM,RCVR_EMPNO) values ('cono229','dbno196',2104006,'정재헌',3);
Insert into TEAM4_202104F.DBX_COCNR (COCNR_NO,DBX_NO,COCNR_EMPNO,COCNR_NM,RCVR_EMPNO) values ('cono230','dbno195',2104006,'정재헌',3);
Insert into TEAM4_202104F.DBX_COCNR (COCNR_NO,DBX_NO,COCNR_EMPNO,COCNR_NM,RCVR_EMPNO) values ('cono231','dbno190',2104006,'정재헌',3);
Insert into TEAM4_202104F.DBX_COCNR (COCNR_NO,DBX_NO,COCNR_EMPNO,COCNR_NM,RCVR_EMPNO) values ('cono232','dbno188',2104006,'정재헌',3);
Insert into TEAM4_202104F.DBX_COCNR (COCNR_NO,DBX_NO,COCNR_EMPNO,COCNR_NM,RCVR_EMPNO) values ('cono233','dbno187',2104006,'정재헌',3);
Insert into TEAM4_202104F.DBX_COCNR (COCNR_NO,DBX_NO,COCNR_EMPNO,COCNR_NM,RCVR_EMPNO) values ('cono234','dbno186',2104006,'정재헌',3);
Insert into TEAM4_202104F.DBX_COCNR (COCNR_NO,DBX_NO,COCNR_EMPNO,COCNR_NM,RCVR_EMPNO) values ('cono235','dbno184',2104006,'정재헌',3);
Insert into TEAM4_202104F.DBX_COCNR (COCNR_NO,DBX_NO,COCNR_EMPNO,COCNR_NM,RCVR_EMPNO) values ('cono261','dbno244',123,'임원근',8987);
Insert into TEAM4_202104F.DBX_COCNR (COCNR_NO,DBX_NO,COCNR_EMPNO,COCNR_NM,RCVR_EMPNO) values ('cono262','dbno244',123,'임원근',2);
Insert into TEAM4_202104F.DBX_COCNR (COCNR_NO,DBX_NO,COCNR_EMPNO,COCNR_NM,RCVR_EMPNO) values ('cono341','dbno322',2104006,'정재헌',2104003);
Insert into TEAM4_202104F.DBX_COCNR (COCNR_NO,DBX_NO,COCNR_EMPNO,COCNR_NM,RCVR_EMPNO) values ('cono143','dbno158',1459012,'김수정',123);
Insert into TEAM4_202104F.DBX_COCNR (COCNR_NO,DBX_NO,COCNR_EMPNO,COCNR_NM,RCVR_EMPNO) values ('cono283','dbno245',1515,'키티',1459012);
Insert into TEAM4_202104F.DBX_COCNR (COCNR_NO,DBX_NO,COCNR_EMPNO,COCNR_NM,RCVR_EMPNO) values ('cono302','dbno282',2104006,'정재헌',2104003);
Insert into TEAM4_202104F.DBX_COCNR (COCNR_NO,DBX_NO,COCNR_EMPNO,COCNR_NM,RCVR_EMPNO) values ('cono141','dbno156',1459012,'김수정',0);
Insert into TEAM4_202104F.DBX_COCNR (COCNR_NO,DBX_NO,COCNR_EMPNO,COCNR_NM,RCVR_EMPNO) values ('cono142','dbno154',1459012,'김수정',0);
Insert into TEAM4_202104F.DBX_COCNR (COCNR_NO,DBX_NO,COCNR_EMPNO,COCNR_NM,RCVR_EMPNO) values ('cono241','dbno221',2104006,'정재헌',3);
Insert into TEAM4_202104F.DBX_COCNR (COCNR_NO,DBX_NO,COCNR_EMPNO,COCNR_NM,RCVR_EMPNO) values ('cono242','dbno201',2104006,'정재헌',3);
Insert into TEAM4_202104F.DBX_COCNR (COCNR_NO,DBX_NO,COCNR_EMPNO,COCNR_NM,RCVR_EMPNO) values ('cono284','dbno261',2104006,'정재헌',2104003);
Insert into TEAM4_202104F.DBX_COCNR (COCNR_NO,DBX_NO,COCNR_EMPNO,COCNR_NM,RCVR_EMPNO) values ('cono287','dbno263',2104006,'정재헌',321);
Insert into TEAM4_202104F.DBX_COCNR (COCNR_NO,DBX_NO,COCNR_EMPNO,COCNR_NM,RCVR_EMPNO) values ('cono288','dbno263',2104006,'정재헌',2104003);
Insert into TEAM4_202104F.DBX_COCNR (COCNR_NO,DBX_NO,COCNR_EMPNO,COCNR_NM,RCVR_EMPNO) values ('cono201','dbno183',2104006,'정재헌',2104006);
Insert into TEAM4_202104F.DBX_COCNR (COCNR_NO,DBX_NO,COCNR_EMPNO,COCNR_NM,RCVR_EMPNO) values ('cono161','dbno158',1459012,'김수정',8987);
Insert into TEAM4_202104F.DBX_COCNR (COCNR_NO,DBX_NO,COCNR_EMPNO,COCNR_NM,RCVR_EMPNO) values ('cono100','dbno149',1459012,'김수정',2);
Insert into TEAM4_202104F.DBX_COCNR (COCNR_NO,DBX_NO,COCNR_EMPNO,COCNR_NM,RCVR_EMPNO) values ('cono202','dbno182',2104006,'정재헌',2104006);
Insert into TEAM4_202104F.DBX_COCNR (COCNR_NO,DBX_NO,COCNR_EMPNO,COCNR_NM,RCVR_EMPNO) values ('cono27','dbno109',1459012,'김수정',123);
Insert into TEAM4_202104F.DBX_COCNR (COCNR_NO,DBX_NO,COCNR_EMPNO,COCNR_NM,RCVR_EMPNO) values ('cono203','dbno181',2104006,'정재헌',2104006);
Insert into TEAM4_202104F.DBX_COCNR (COCNR_NO,DBX_NO,COCNR_EMPNO,COCNR_NM,RCVR_EMPNO) values ('cono204','dbno163',2104006,'정재헌',2104006);
Insert into TEAM4_202104F.DBX_COCNR (COCNR_NO,DBX_NO,COCNR_EMPNO,COCNR_NM,RCVR_EMPNO) values ('cono205','dbno194',2104006,'정재헌',2104006);
Insert into TEAM4_202104F.DBX_COCNR (COCNR_NO,DBX_NO,COCNR_EMPNO,COCNR_NM,RCVR_EMPNO) values ('cono206','dbno193',2104006,'정재헌',2104006);
Insert into TEAM4_202104F.DBX_COCNR (COCNR_NO,DBX_NO,COCNR_EMPNO,COCNR_NM,RCVR_EMPNO) values ('cono207','dbno192',2104006,'정재헌',2104006);
Insert into TEAM4_202104F.DBX_COCNR (COCNR_NO,DBX_NO,COCNR_EMPNO,COCNR_NM,RCVR_EMPNO) values ('cono208','dbno191',2104006,'정재헌',2104006);
Insert into TEAM4_202104F.DBX_COCNR (COCNR_NO,DBX_NO,COCNR_EMPNO,COCNR_NM,RCVR_EMPNO) values ('cono209','dbno189',2104006,'정재헌',2104006);
Insert into TEAM4_202104F.DBX_COCNR (COCNR_NO,DBX_NO,COCNR_EMPNO,COCNR_NM,RCVR_EMPNO) values ('cono210','dbno194',2104006,'정재헌',2104003);
Insert into TEAM4_202104F.DBX_COCNR (COCNR_NO,DBX_NO,COCNR_EMPNO,COCNR_NM,RCVR_EMPNO) values ('cono211','dbno193',2104006,'정재헌',2104003);
Insert into TEAM4_202104F.DBX_COCNR (COCNR_NO,DBX_NO,COCNR_EMPNO,COCNR_NM,RCVR_EMPNO) values ('cono212','dbno192',2104006,'정재헌',2104003);
Insert into TEAM4_202104F.DBX_COCNR (COCNR_NO,DBX_NO,COCNR_EMPNO,COCNR_NM,RCVR_EMPNO) values ('cono213','dbno191',2104006,'정재헌',2104003);
Insert into TEAM4_202104F.DBX_COCNR (COCNR_NO,DBX_NO,COCNR_EMPNO,COCNR_NM,RCVR_EMPNO) values ('cono214','dbno189',2104006,'정재헌',2104003);
Insert into TEAM4_202104F.DBX_COCNR (COCNR_NO,DBX_NO,COCNR_EMPNO,COCNR_NM,RCVR_EMPNO) values ('cono321','dbno301',1515,'박히윤',2104006);
Insert into TEAM4_202104F.DBX_COCNR (COCNR_NO,DBX_NO,COCNR_EMPNO,COCNR_NM,RCVR_EMPNO) values ('cono322','dbno245',1515,'박히윤',2104006);
Insert into TEAM4_202104F.DBX_COCNR (COCNR_NO,DBX_NO,COCNR_EMPNO,COCNR_NM,RCVR_EMPNO) values ('cono16','dbno42',1,'성윤모',8987);
Insert into TEAM4_202104F.DBX_COCNR (COCNR_NO,DBX_NO,COCNR_EMPNO,COCNR_NM,RCVR_EMPNO) values ('cono285','dbno262',2104006,'정재헌',2104003);
Insert into TEAM4_202104F.DBX_COCNR (COCNR_NO,DBX_NO,COCNR_EMPNO,COCNR_NM,RCVR_EMPNO) values ('cono286','dbno262',2104006,'정재헌',3);
Insert into TEAM4_202104F.DBX_COCNR (COCNR_NO,DBX_NO,COCNR_EMPNO,COCNR_NM,RCVR_EMPNO) values ('cono110','dbno81',1459012,'김수정',8987);
Insert into TEAM4_202104F.DBX_COCNR (COCNR_NO,DBX_NO,COCNR_EMPNO,COCNR_NM,RCVR_EMPNO) values ('cono181','dbno162',2104006,'정재헌',2104003);
Insert into TEAM4_202104F.DBX_COCNR (COCNR_NO,DBX_NO,COCNR_EMPNO,COCNR_NM,RCVR_EMPNO) values ('cono301','dbno281',2104006,'정재헌',2104003);
Insert into TEAM4_202104F.DBX_COCNR (COCNR_NO,DBX_NO,COCNR_EMPNO,COCNR_NM,RCVR_EMPNO) values ('cono342','dbno323',2104006,'정재헌',2104003);
REM INSERTING into TEAM4_202104F.DCLZ_COMMUTE
SET DEFINE OFF;
Insert into TEAM4_202104F.DCLZ_COMMUTE (CMTE_CODE,BGNTIME,ENDTIME) values ('Z001',900,1800);
Insert into TEAM4_202104F.DCLZ_COMMUTE (CMTE_CODE,BGNTIME,ENDTIME) values ('Z002',1100,2000);
Insert into TEAM4_202104F.DCLZ_COMMUTE (CMTE_CODE,BGNTIME,ENDTIME) values ('Z003',1300,2200);
REM INSERTING into TEAM4_202104F.DCLZ_COMMUTE_LOG
SET DEFINE OFF;
Insert into TEAM4_202104F.DCLZ_COMMUTE_LOG (CMTE_CODE,EMPNO,BGNDE,ENDDE) values ('Z001',2104006,to_date('2021/11/15','YYYY/MM/DD'),to_date('2099/11/15','YYYY/MM/DD'));
Insert into TEAM4_202104F.DCLZ_COMMUTE_LOG (CMTE_CODE,EMPNO,BGNDE,ENDDE) values ('Z001',1,to_date('2021/11/15','YYYY/MM/DD'),to_date('2099/11/15','YYYY/MM/DD'));
Insert into TEAM4_202104F.DCLZ_COMMUTE_LOG (CMTE_CODE,EMPNO,BGNDE,ENDDE) values ('Z002',2,to_date('2021/11/15','YYYY/MM/DD'),to_date('2099/11/15','YYYY/MM/DD'));
Insert into TEAM4_202104F.DCLZ_COMMUTE_LOG (CMTE_CODE,EMPNO,BGNDE,ENDDE) values ('Z001',3,to_date('2021/11/15','YYYY/MM/DD'),to_date('2099/11/15','YYYY/MM/DD'));
Insert into TEAM4_202104F.DCLZ_COMMUTE_LOG (CMTE_CODE,EMPNO,BGNDE,ENDDE) values ('Z003',8987,to_date('2021/11/15','YYYY/MM/DD'),to_date('2099/11/15','YYYY/MM/DD'));
Insert into TEAM4_202104F.DCLZ_COMMUTE_LOG (CMTE_CODE,EMPNO,BGNDE,ENDDE) values ('Z002',123,to_date('2021/11/15','YYYY/MM/DD'),to_date('2099/11/15','YYYY/MM/DD'));
Insert into TEAM4_202104F.DCLZ_COMMUTE_LOG (CMTE_CODE,EMPNO,BGNDE,ENDDE) values ('Z001',8,to_date('2021/11/15','YYYY/MM/DD'),to_date('2099/11/15','YYYY/MM/DD'));
Insert into TEAM4_202104F.DCLZ_COMMUTE_LOG (CMTE_CODE,EMPNO,BGNDE,ENDDE) values ('Z001',1515,to_date('2021/11/15','YYYY/MM/DD'),to_date('2099/11/15','YYYY/MM/DD'));
REM INSERTING into TEAM4_202104F.DCLZ_MNGT
SET DEFINE OFF;
Insert into TEAM4_202104F.DCLZ_MNGT (DCLZ_NO,EMPNO,ATTEND_TIME,LVFFC_TIME,ADIT_WORK_TIME,RGSDE,STTUS_CODE) values ('501',2104006,to_date('2021/10/22','YYYY/MM/DD'),to_date('2021/10/22','YYYY/MM/DD'),32,to_date('2021/11/22','YYYY/MM/DD'),'F001');
Insert into TEAM4_202104F.DCLZ_MNGT (DCLZ_NO,EMPNO,ATTEND_TIME,LVFFC_TIME,ADIT_WORK_TIME,RGSDE,STTUS_CODE) values ('502',2104006,to_date('2021/11/11','YYYY/MM/DD'),to_date('2021/11/11','YYYY/MM/DD'),22,to_date('2021/11/11','YYYY/MM/DD'),'F001');
Insert into TEAM4_202104F.DCLZ_MNGT (DCLZ_NO,EMPNO,ATTEND_TIME,LVFFC_TIME,ADIT_WORK_TIME,RGSDE,STTUS_CODE) values ('400',2104006,to_date('2021/11/20','YYYY/MM/DD'),to_date('2021/11/20','YYYY/MM/DD'),null,to_date('2021/11/20','YYYY/MM/DD'),'F001');
Insert into TEAM4_202104F.DCLZ_MNGT (DCLZ_NO,EMPNO,ATTEND_TIME,LVFFC_TIME,ADIT_WORK_TIME,RGSDE,STTUS_CODE) values ('401',2104006,to_date('2021/11/21','YYYY/MM/DD'),to_date('2021/11/21','YYYY/MM/DD'),null,to_date('2021/11/21','YYYY/MM/DD'),'F001');
Insert into TEAM4_202104F.DCLZ_MNGT (DCLZ_NO,EMPNO,ATTEND_TIME,LVFFC_TIME,ADIT_WORK_TIME,RGSDE,STTUS_CODE) values ('399',2104006,to_date('2021/11/19','YYYY/MM/DD'),to_date('2021/11/19','YYYY/MM/DD'),null,to_date('2021/11/19','YYYY/MM/DD'),'F001');
Insert into TEAM4_202104F.DCLZ_MNGT (DCLZ_NO,EMPNO,ATTEND_TIME,LVFFC_TIME,ADIT_WORK_TIME,RGSDE,STTUS_CODE) values ('398',2104006,to_date('2021/11/18','YYYY/MM/DD'),to_date('2021/11/18','YYYY/MM/DD'),null,to_date('2021/11/18','YYYY/MM/DD'),'F001');
Insert into TEAM4_202104F.DCLZ_MNGT (DCLZ_NO,EMPNO,ATTEND_TIME,LVFFC_TIME,ADIT_WORK_TIME,RGSDE,STTUS_CODE) values ('397',2104006,to_date('2021/11/17','YYYY/MM/DD'),to_date('2021/11/17','YYYY/MM/DD'),null,to_date('2021/11/17','YYYY/MM/DD'),'F001');
Insert into TEAM4_202104F.DCLZ_MNGT (DCLZ_NO,EMPNO,ATTEND_TIME,LVFFC_TIME,ADIT_WORK_TIME,RGSDE,STTUS_CODE) values ('120',321,to_date('2021/11/01','YYYY/MM/DD'),to_date('2021/11/01','YYYY/MM/DD'),null,null,'F004');
Insert into TEAM4_202104F.DCLZ_MNGT (DCLZ_NO,EMPNO,ATTEND_TIME,LVFFC_TIME,ADIT_WORK_TIME,RGSDE,STTUS_CODE) values ('123',8987,to_date('2021/11/01','YYYY/MM/DD'),to_date('2021/11/01','YYYY/MM/DD'),null,null,'F004');
Insert into TEAM4_202104F.DCLZ_MNGT (DCLZ_NO,EMPNO,ATTEND_TIME,LVFFC_TIME,ADIT_WORK_TIME,RGSDE,STTUS_CODE) values ('124',4,to_date('2021/11/01','YYYY/MM/DD'),to_date('2021/11/01','YYYY/MM/DD'),null,null,'F004');
Insert into TEAM4_202104F.DCLZ_MNGT (DCLZ_NO,EMPNO,ATTEND_TIME,LVFFC_TIME,ADIT_WORK_TIME,RGSDE,STTUS_CODE) values ('125',8,to_date('2021/11/01','YYYY/MM/DD'),to_date('2021/11/01','YYYY/MM/DD'),null,null,'F004');
Insert into TEAM4_202104F.DCLZ_MNGT (DCLZ_NO,EMPNO,ATTEND_TIME,LVFFC_TIME,ADIT_WORK_TIME,RGSDE,STTUS_CODE) values ('126',2104001,to_date('2021/11/01','YYYY/MM/DD'),to_date('2021/11/01','YYYY/MM/DD'),null,null,'F004');
Insert into TEAM4_202104F.DCLZ_MNGT (DCLZ_NO,EMPNO,ATTEND_TIME,LVFFC_TIME,ADIT_WORK_TIME,RGSDE,STTUS_CODE) values ('127',1459012,to_date('2021/11/01','YYYY/MM/DD'),to_date('2021/11/01','YYYY/MM/DD'),null,null,'F004');
Insert into TEAM4_202104F.DCLZ_MNGT (DCLZ_NO,EMPNO,ATTEND_TIME,LVFFC_TIME,ADIT_WORK_TIME,RGSDE,STTUS_CODE) values ('128',111,to_date('2021/11/01','YYYY/MM/DD'),to_date('2021/11/01','YYYY/MM/DD'),null,null,'F004');
Insert into TEAM4_202104F.DCLZ_MNGT (DCLZ_NO,EMPNO,ATTEND_TIME,LVFFC_TIME,ADIT_WORK_TIME,RGSDE,STTUS_CODE) values ('121',321,to_date('2021/11/02','YYYY/MM/DD'),to_date('2021/11/02','YYYY/MM/DD'),null,null,'F004');
Insert into TEAM4_202104F.DCLZ_MNGT (DCLZ_NO,EMPNO,ATTEND_TIME,LVFFC_TIME,ADIT_WORK_TIME,RGSDE,STTUS_CODE) values ('130',321,to_date('2021/11/03','YYYY/MM/DD'),to_date('2021/11/03','YYYY/MM/DD'),null,null,'F004');
Insert into TEAM4_202104F.DCLZ_MNGT (DCLZ_NO,EMPNO,ATTEND_TIME,LVFFC_TIME,ADIT_WORK_TIME,RGSDE,STTUS_CODE) values ('131',8987,to_date('2021/11/03','YYYY/MM/DD'),to_date('2021/11/03','YYYY/MM/DD'),null,null,'F004');
Insert into TEAM4_202104F.DCLZ_MNGT (DCLZ_NO,EMPNO,ATTEND_TIME,LVFFC_TIME,ADIT_WORK_TIME,RGSDE,STTUS_CODE) values ('132',4,to_date('2021/11/03','YYYY/MM/DD'),to_date('2021/11/03','YYYY/MM/DD'),null,null,'F004');
Insert into TEAM4_202104F.DCLZ_MNGT (DCLZ_NO,EMPNO,ATTEND_TIME,LVFFC_TIME,ADIT_WORK_TIME,RGSDE,STTUS_CODE) values ('133',8,to_date('2021/11/03','YYYY/MM/DD'),to_date('2021/11/03','YYYY/MM/DD'),null,null,'F004');
Insert into TEAM4_202104F.DCLZ_MNGT (DCLZ_NO,EMPNO,ATTEND_TIME,LVFFC_TIME,ADIT_WORK_TIME,RGSDE,STTUS_CODE) values ('67',2,to_date('2021/11/15','YYYY/MM/DD'),to_date('2021/11/23','YYYY/MM/DD'),null,to_date('2021/11/23','YYYY/MM/DD'),'F004');
Insert into TEAM4_202104F.DCLZ_MNGT (DCLZ_NO,EMPNO,ATTEND_TIME,LVFFC_TIME,ADIT_WORK_TIME,RGSDE,STTUS_CODE) values ('134',2104001,to_date('2021/11/03','YYYY/MM/DD'),to_date('2021/11/03','YYYY/MM/DD'),null,null,'F004');
Insert into TEAM4_202104F.DCLZ_MNGT (DCLZ_NO,EMPNO,ATTEND_TIME,LVFFC_TIME,ADIT_WORK_TIME,RGSDE,STTUS_CODE) values ('78',4,to_date('2021/11/15','YYYY/MM/DD'),to_date('2021/11/23','YYYY/MM/DD'),0,to_date('2021/11/23','YYYY/MM/DD'),'F004');
Insert into TEAM4_202104F.DCLZ_MNGT (DCLZ_NO,EMPNO,ATTEND_TIME,LVFFC_TIME,ADIT_WORK_TIME,RGSDE,STTUS_CODE) values ('91',1,to_date('2021/11/18','YYYY/MM/DD'),to_date('2021/11/23','YYYY/MM/DD'),null,to_date('2021/11/23','YYYY/MM/DD'),'F004');
Insert into TEAM4_202104F.DCLZ_MNGT (DCLZ_NO,EMPNO,ATTEND_TIME,LVFFC_TIME,ADIT_WORK_TIME,RGSDE,STTUS_CODE) values ('79',4,to_date('2021/11/16','YYYY/MM/DD'),to_date('2021/11/23','YYYY/MM/DD'),0,to_date('2021/11/23','YYYY/MM/DD'),'F004');
Insert into TEAM4_202104F.DCLZ_MNGT (DCLZ_NO,EMPNO,ATTEND_TIME,LVFFC_TIME,ADIT_WORK_TIME,RGSDE,STTUS_CODE) values ('80',4,to_date('2021/11/13','YYYY/MM/DD'),to_date('2021/11/23','YYYY/MM/DD'),0,to_date('2021/11/23','YYYY/MM/DD'),'F004');
Insert into TEAM4_202104F.DCLZ_MNGT (DCLZ_NO,EMPNO,ATTEND_TIME,LVFFC_TIME,ADIT_WORK_TIME,RGSDE,STTUS_CODE) values ('81',8,to_date('2021/11/16','YYYY/MM/DD'),to_date('2021/11/23','YYYY/MM/DD'),0,to_date('2021/11/23','YYYY/MM/DD'),'F004');
Insert into TEAM4_202104F.DCLZ_MNGT (DCLZ_NO,EMPNO,ATTEND_TIME,LVFFC_TIME,ADIT_WORK_TIME,RGSDE,STTUS_CODE) values ('82',8,to_date('2021/11/17','YYYY/MM/DD'),to_date('2021/11/23','YYYY/MM/DD'),0,to_date('2021/11/23','YYYY/MM/DD'),'F004');
Insert into TEAM4_202104F.DCLZ_MNGT (DCLZ_NO,EMPNO,ATTEND_TIME,LVFFC_TIME,ADIT_WORK_TIME,RGSDE,STTUS_CODE) values ('87',2,to_date('2021/11/15','YYYY/MM/DD'),to_date('2021/11/23','YYYY/MM/DD'),null,to_date('2021/11/23','YYYY/MM/DD'),'F004');
Insert into TEAM4_202104F.DCLZ_MNGT (DCLZ_NO,EMPNO,ATTEND_TIME,LVFFC_TIME,ADIT_WORK_TIME,RGSDE,STTUS_CODE) values ('135',1459012,to_date('2021/11/03','YYYY/MM/DD'),to_date('2021/11/03','YYYY/MM/DD'),null,null,'F004');
Insert into TEAM4_202104F.DCLZ_MNGT (DCLZ_NO,EMPNO,ATTEND_TIME,LVFFC_TIME,ADIT_WORK_TIME,RGSDE,STTUS_CODE) values ('136',111,to_date('2021/11/03','YYYY/MM/DD'),to_date('2021/11/03','YYYY/MM/DD'),null,null,'F004');
Insert into TEAM4_202104F.DCLZ_MNGT (DCLZ_NO,EMPNO,ATTEND_TIME,LVFFC_TIME,ADIT_WORK_TIME,RGSDE,STTUS_CODE) values ('90',1,to_date('2021/11/18','YYYY/MM/DD'),to_date('2021/11/23','YYYY/MM/DD'),null,to_date('2021/11/23','YYYY/MM/DD'),'F004');
Insert into TEAM4_202104F.DCLZ_MNGT (DCLZ_NO,EMPNO,ATTEND_TIME,LVFFC_TIME,ADIT_WORK_TIME,RGSDE,STTUS_CODE) values ('140',321,to_date('2021/11/04','YYYY/MM/DD'),to_date('2021/11/04','YYYY/MM/DD'),null,null,'F004');
Insert into TEAM4_202104F.DCLZ_MNGT (DCLZ_NO,EMPNO,ATTEND_TIME,LVFFC_TIME,ADIT_WORK_TIME,RGSDE,STTUS_CODE) values ('141',321,to_date('2021/11/05','YYYY/MM/DD'),to_date('2021/11/05','YYYY/MM/DD'),null,null,'F004');
Insert into TEAM4_202104F.DCLZ_MNGT (DCLZ_NO,EMPNO,ATTEND_TIME,LVFFC_TIME,ADIT_WORK_TIME,RGSDE,STTUS_CODE) values ('142',321,to_date('2021/11/08','YYYY/MM/DD'),to_date('2021/11/08','YYYY/MM/DD'),null,null,'F004');
Insert into TEAM4_202104F.DCLZ_MNGT (DCLZ_NO,EMPNO,ATTEND_TIME,LVFFC_TIME,ADIT_WORK_TIME,RGSDE,STTUS_CODE) values ('143',321,to_date('2021/11/09','YYYY/MM/DD'),to_date('2021/11/09','YYYY/MM/DD'),null,null,'F004');
Insert into TEAM4_202104F.DCLZ_MNGT (DCLZ_NO,EMPNO,ATTEND_TIME,LVFFC_TIME,ADIT_WORK_TIME,RGSDE,STTUS_CODE) values ('144',321,to_date('2021/11/10','YYYY/MM/DD'),to_date('2021/11/10','YYYY/MM/DD'),null,null,'F004');
Insert into TEAM4_202104F.DCLZ_MNGT (DCLZ_NO,EMPNO,ATTEND_TIME,LVFFC_TIME,ADIT_WORK_TIME,RGSDE,STTUS_CODE) values ('145',321,to_date('2021/11/11','YYYY/MM/DD'),to_date('2021/11/11','YYYY/MM/DD'),null,null,'F004');
Insert into TEAM4_202104F.DCLZ_MNGT (DCLZ_NO,EMPNO,ATTEND_TIME,LVFFC_TIME,ADIT_WORK_TIME,RGSDE,STTUS_CODE) values ('146',321,to_date('2021/11/12','YYYY/MM/DD'),to_date('2021/11/12','YYYY/MM/DD'),null,null,'F004');
Insert into TEAM4_202104F.DCLZ_MNGT (DCLZ_NO,EMPNO,ATTEND_TIME,LVFFC_TIME,ADIT_WORK_TIME,RGSDE,STTUS_CODE) values ('147',321,to_date('2021/11/15','YYYY/MM/DD'),to_date('2021/11/15','YYYY/MM/DD'),null,null,'F004');
Insert into TEAM4_202104F.DCLZ_MNGT (DCLZ_NO,EMPNO,ATTEND_TIME,LVFFC_TIME,ADIT_WORK_TIME,RGSDE,STTUS_CODE) values ('148',321,to_date('2021/11/16','YYYY/MM/DD'),to_date('2021/11/16','YYYY/MM/DD'),null,null,'F004');
Insert into TEAM4_202104F.DCLZ_MNGT (DCLZ_NO,EMPNO,ATTEND_TIME,LVFFC_TIME,ADIT_WORK_TIME,RGSDE,STTUS_CODE) values ('1',1,to_date('2021/11/19','YYYY/MM/DD'),to_date('2021/11/23','YYYY/MM/DD'),5,to_date('2021/11/23','YYYY/MM/DD'),'F004');
Insert into TEAM4_202104F.DCLZ_MNGT (DCLZ_NO,EMPNO,ATTEND_TIME,LVFFC_TIME,ADIT_WORK_TIME,RGSDE,STTUS_CODE) values ('97',1,to_date('2021/11/18','YYYY/MM/DD'),to_date('2021/11/23','YYYY/MM/DD'),null,to_date('2021/11/23','YYYY/MM/DD'),'F004');
Insert into TEAM4_202104F.DCLZ_MNGT (DCLZ_NO,EMPNO,ATTEND_TIME,LVFFC_TIME,ADIT_WORK_TIME,RGSDE,STTUS_CODE) values ('88',1,to_date('2021/11/18','YYYY/MM/DD'),to_date('2021/11/23','YYYY/MM/DD'),null,to_date('2021/11/23','YYYY/MM/DD'),'F004');
Insert into TEAM4_202104F.DCLZ_MNGT (DCLZ_NO,EMPNO,ATTEND_TIME,LVFFC_TIME,ADIT_WORK_TIME,RGSDE,STTUS_CODE) values ('89',1,to_date('2021/11/18','YYYY/MM/DD'),to_date('2021/11/23','YYYY/MM/DD'),null,to_date('2021/11/23','YYYY/MM/DD'),'F004');
Insert into TEAM4_202104F.DCLZ_MNGT (DCLZ_NO,EMPNO,ATTEND_TIME,LVFFC_TIME,ADIT_WORK_TIME,RGSDE,STTUS_CODE) values ('149',321,to_date('2021/11/17','YYYY/MM/DD'),to_date('2021/11/17','YYYY/MM/DD'),null,null,'F004');
Insert into TEAM4_202104F.DCLZ_MNGT (DCLZ_NO,EMPNO,ATTEND_TIME,LVFFC_TIME,ADIT_WORK_TIME,RGSDE,STTUS_CODE) values ('150',321,to_date('2021/11/18','YYYY/MM/DD'),to_date('2021/11/18','YYYY/MM/DD'),null,null,'F004');
Insert into TEAM4_202104F.DCLZ_MNGT (DCLZ_NO,EMPNO,ATTEND_TIME,LVFFC_TIME,ADIT_WORK_TIME,RGSDE,STTUS_CODE) values ('151',321,to_date('2021/11/19','YYYY/MM/DD'),to_date('2021/11/19','YYYY/MM/DD'),null,null,'F004');
Insert into TEAM4_202104F.DCLZ_MNGT (DCLZ_NO,EMPNO,ATTEND_TIME,LVFFC_TIME,ADIT_WORK_TIME,RGSDE,STTUS_CODE) values ('152',321,to_date('2021/11/22','YYYY/MM/DD'),to_date('2021/11/22','YYYY/MM/DD'),null,null,'F004');
Insert into TEAM4_202104F.DCLZ_MNGT (DCLZ_NO,EMPNO,ATTEND_TIME,LVFFC_TIME,ADIT_WORK_TIME,RGSDE,STTUS_CODE) values ('153',321,to_date('2021/11/23','YYYY/MM/DD'),to_date('2021/11/23','YYYY/MM/DD'),null,null,'F004');
Insert into TEAM4_202104F.DCLZ_MNGT (DCLZ_NO,EMPNO,ATTEND_TIME,LVFFC_TIME,ADIT_WORK_TIME,RGSDE,STTUS_CODE) values ('154',8987,to_date('2021/11/04','YYYY/MM/DD'),to_date('2021/11/04','YYYY/MM/DD'),null,null,'F004');
Insert into TEAM4_202104F.DCLZ_MNGT (DCLZ_NO,EMPNO,ATTEND_TIME,LVFFC_TIME,ADIT_WORK_TIME,RGSDE,STTUS_CODE) values ('155',8987,to_date('2021/11/05','YYYY/MM/DD'),to_date('2021/11/05','YYYY/MM/DD'),null,null,'F004');
Insert into TEAM4_202104F.DCLZ_MNGT (DCLZ_NO,EMPNO,ATTEND_TIME,LVFFC_TIME,ADIT_WORK_TIME,RGSDE,STTUS_CODE) values ('156',8987,to_date('2021/11/08','YYYY/MM/DD'),to_date('2021/11/08','YYYY/MM/DD'),null,null,'F004');
Insert into TEAM4_202104F.DCLZ_MNGT (DCLZ_NO,EMPNO,ATTEND_TIME,LVFFC_TIME,ADIT_WORK_TIME,RGSDE,STTUS_CODE) values ('157',8987,to_date('2021/11/09','YYYY/MM/DD'),to_date('2021/11/09','YYYY/MM/DD'),null,null,'F004');
Insert into TEAM4_202104F.DCLZ_MNGT (DCLZ_NO,EMPNO,ATTEND_TIME,LVFFC_TIME,ADIT_WORK_TIME,RGSDE,STTUS_CODE) values ('158',8987,to_date('2021/11/10','YYYY/MM/DD'),to_date('2021/11/10','YYYY/MM/DD'),null,null,'F004');
Insert into TEAM4_202104F.DCLZ_MNGT (DCLZ_NO,EMPNO,ATTEND_TIME,LVFFC_TIME,ADIT_WORK_TIME,RGSDE,STTUS_CODE) values ('159',8987,to_date('2021/11/11','YYYY/MM/DD'),to_date('2021/11/11','YYYY/MM/DD'),null,null,'F004');
Insert into TEAM4_202104F.DCLZ_MNGT (DCLZ_NO,EMPNO,ATTEND_TIME,LVFFC_TIME,ADIT_WORK_TIME,RGSDE,STTUS_CODE) values ('160',8987,to_date('2021/11/12','YYYY/MM/DD'),to_date('2021/11/12','YYYY/MM/DD'),null,null,'F004');
Insert into TEAM4_202104F.DCLZ_MNGT (DCLZ_NO,EMPNO,ATTEND_TIME,LVFFC_TIME,ADIT_WORK_TIME,RGSDE,STTUS_CODE) values ('161',8987,to_date('2021/11/15','YYYY/MM/DD'),to_date('2021/11/15','YYYY/MM/DD'),null,null,'F004');
Insert into TEAM4_202104F.DCLZ_MNGT (DCLZ_NO,EMPNO,ATTEND_TIME,LVFFC_TIME,ADIT_WORK_TIME,RGSDE,STTUS_CODE) values ('162',8987,to_date('2021/11/16','YYYY/MM/DD'),to_date('2021/11/16','YYYY/MM/DD'),null,null,'F004');
Insert into TEAM4_202104F.DCLZ_MNGT (DCLZ_NO,EMPNO,ATTEND_TIME,LVFFC_TIME,ADIT_WORK_TIME,RGSDE,STTUS_CODE) values ('163',8987,to_date('2021/11/17','YYYY/MM/DD'),to_date('2021/11/17','YYYY/MM/DD'),null,null,'F004');
Insert into TEAM4_202104F.DCLZ_MNGT (DCLZ_NO,EMPNO,ATTEND_TIME,LVFFC_TIME,ADIT_WORK_TIME,RGSDE,STTUS_CODE) values ('164',8987,to_date('2021/11/18','YYYY/MM/DD'),to_date('2021/11/18','YYYY/MM/DD'),null,null,'F004');
Insert into TEAM4_202104F.DCLZ_MNGT (DCLZ_NO,EMPNO,ATTEND_TIME,LVFFC_TIME,ADIT_WORK_TIME,RGSDE,STTUS_CODE) values ('165',8987,to_date('2021/11/19','YYYY/MM/DD'),to_date('2021/11/19','YYYY/MM/DD'),null,null,'F004');
Insert into TEAM4_202104F.DCLZ_MNGT (DCLZ_NO,EMPNO,ATTEND_TIME,LVFFC_TIME,ADIT_WORK_TIME,RGSDE,STTUS_CODE) values ('166',8987,to_date('2021/11/22','YYYY/MM/DD'),to_date('2021/11/22','YYYY/MM/DD'),null,null,'F004');
Insert into TEAM4_202104F.DCLZ_MNGT (DCLZ_NO,EMPNO,ATTEND_TIME,LVFFC_TIME,ADIT_WORK_TIME,RGSDE,STTUS_CODE) values ('167',8987,to_date('2021/11/23','YYYY/MM/DD'),to_date('2021/11/23','YYYY/MM/DD'),null,null,'F004');
Insert into TEAM4_202104F.DCLZ_MNGT (DCLZ_NO,EMPNO,ATTEND_TIME,LVFFC_TIME,ADIT_WORK_TIME,RGSDE,STTUS_CODE) values ('177',4,to_date('2021/11/17','YYYY/MM/DD'),to_date('2021/11/17','YYYY/MM/DD'),null,null,'F004');
Insert into TEAM4_202104F.DCLZ_MNGT (DCLZ_NO,EMPNO,ATTEND_TIME,LVFFC_TIME,ADIT_WORK_TIME,RGSDE,STTUS_CODE) values ('178',4,to_date('2021/11/18','YYYY/MM/DD'),to_date('2021/11/18','YYYY/MM/DD'),null,null,'F004');
Insert into TEAM4_202104F.DCLZ_MNGT (DCLZ_NO,EMPNO,ATTEND_TIME,LVFFC_TIME,ADIT_WORK_TIME,RGSDE,STTUS_CODE) values ('179',4,to_date('2021/11/19','YYYY/MM/DD'),to_date('2021/11/19','YYYY/MM/DD'),null,null,'F004');
Insert into TEAM4_202104F.DCLZ_MNGT (DCLZ_NO,EMPNO,ATTEND_TIME,LVFFC_TIME,ADIT_WORK_TIME,RGSDE,STTUS_CODE) values ('168',4,to_date('2021/11/04','YYYY/MM/DD'),to_date('2021/11/04','YYYY/MM/DD'),null,null,'F004');
Insert into TEAM4_202104F.DCLZ_MNGT (DCLZ_NO,EMPNO,ATTEND_TIME,LVFFC_TIME,ADIT_WORK_TIME,RGSDE,STTUS_CODE) values ('31',2,to_date('2021/10/09','YYYY/MM/DD'),to_date('2021/11/23','YYYY/MM/DD'),0,to_date('2021/11/23','YYYY/MM/DD'),'F004');
Insert into TEAM4_202104F.DCLZ_MNGT (DCLZ_NO,EMPNO,ATTEND_TIME,LVFFC_TIME,ADIT_WORK_TIME,RGSDE,STTUS_CODE) values ('32',2,to_date('2021/10/08','YYYY/MM/DD'),to_date('2021/11/23','YYYY/MM/DD'),0,to_date('2021/11/23','YYYY/MM/DD'),'F004');
Insert into TEAM4_202104F.DCLZ_MNGT (DCLZ_NO,EMPNO,ATTEND_TIME,LVFFC_TIME,ADIT_WORK_TIME,RGSDE,STTUS_CODE) values ('33',2,to_date('2021/10/07','YYYY/MM/DD'),to_date('2021/11/23','YYYY/MM/DD'),0,to_date('2021/11/23','YYYY/MM/DD'),'F004');
Insert into TEAM4_202104F.DCLZ_MNGT (DCLZ_NO,EMPNO,ATTEND_TIME,LVFFC_TIME,ADIT_WORK_TIME,RGSDE,STTUS_CODE) values ('34',2,to_date('2021/10/06','YYYY/MM/DD'),to_date('2021/11/23','YYYY/MM/DD'),0,to_date('2021/11/23','YYYY/MM/DD'),'F004');
Insert into TEAM4_202104F.DCLZ_MNGT (DCLZ_NO,EMPNO,ATTEND_TIME,LVFFC_TIME,ADIT_WORK_TIME,RGSDE,STTUS_CODE) values ('35',2,to_date('2021/10/05','YYYY/MM/DD'),to_date('2021/11/23','YYYY/MM/DD'),0,to_date('2021/11/23','YYYY/MM/DD'),'F004');
Insert into TEAM4_202104F.DCLZ_MNGT (DCLZ_NO,EMPNO,ATTEND_TIME,LVFFC_TIME,ADIT_WORK_TIME,RGSDE,STTUS_CODE) values ('36',2,to_date('2021/10/04','YYYY/MM/DD'),to_date('2021/11/23','YYYY/MM/DD'),0,to_date('2021/11/23','YYYY/MM/DD'),'F004');
Insert into TEAM4_202104F.DCLZ_MNGT (DCLZ_NO,EMPNO,ATTEND_TIME,LVFFC_TIME,ADIT_WORK_TIME,RGSDE,STTUS_CODE) values ('37',2,to_date('2021/10/03','YYYY/MM/DD'),to_date('2021/11/23','YYYY/MM/DD'),0,to_date('2021/11/23','YYYY/MM/DD'),'F004');
Insert into TEAM4_202104F.DCLZ_MNGT (DCLZ_NO,EMPNO,ATTEND_TIME,LVFFC_TIME,ADIT_WORK_TIME,RGSDE,STTUS_CODE) values ('38',2,to_date('2021/10/02','YYYY/MM/DD'),to_date('2021/11/23','YYYY/MM/DD'),0,to_date('2021/11/23','YYYY/MM/DD'),'F004');
Insert into TEAM4_202104F.DCLZ_MNGT (DCLZ_NO,EMPNO,ATTEND_TIME,LVFFC_TIME,ADIT_WORK_TIME,RGSDE,STTUS_CODE) values ('39',2,to_date('2021/10/01','YYYY/MM/DD'),to_date('2021/11/23','YYYY/MM/DD'),0,to_date('2021/11/23','YYYY/MM/DD'),'F004');
Insert into TEAM4_202104F.DCLZ_MNGT (DCLZ_NO,EMPNO,ATTEND_TIME,LVFFC_TIME,ADIT_WORK_TIME,RGSDE,STTUS_CODE) values ('43',8,to_date('2021/11/23','YYYY/MM/DD'),to_date('2021/11/23','YYYY/MM/DD'),0,to_date('2021/11/23','YYYY/MM/DD'),'F004');
Insert into TEAM4_202104F.DCLZ_MNGT (DCLZ_NO,EMPNO,ATTEND_TIME,LVFFC_TIME,ADIT_WORK_TIME,RGSDE,STTUS_CODE) values ('44',8,to_date('2021/11/02','YYYY/MM/DD'),to_date('2021/11/23','YYYY/MM/DD'),0,to_date('2021/11/23','YYYY/MM/DD'),'F004');
Insert into TEAM4_202104F.DCLZ_MNGT (DCLZ_NO,EMPNO,ATTEND_TIME,LVFFC_TIME,ADIT_WORK_TIME,RGSDE,STTUS_CODE) values ('45',8,to_date('2021/11/22','YYYY/MM/DD'),to_date('2021/11/23','YYYY/MM/DD'),0,to_date('2021/11/23','YYYY/MM/DD'),'F004');
Insert into TEAM4_202104F.DCLZ_MNGT (DCLZ_NO,EMPNO,ATTEND_TIME,LVFFC_TIME,ADIT_WORK_TIME,RGSDE,STTUS_CODE) values ('46',8,to_date('2021/11/04','YYYY/MM/DD'),to_date('2021/11/23','YYYY/MM/DD'),0,to_date('2021/11/23','YYYY/MM/DD'),'F004');
Insert into TEAM4_202104F.DCLZ_MNGT (DCLZ_NO,EMPNO,ATTEND_TIME,LVFFC_TIME,ADIT_WORK_TIME,RGSDE,STTUS_CODE) values ('47',8,to_date('2021/11/05','YYYY/MM/DD'),to_date('2021/11/23','YYYY/MM/DD'),0,to_date('2021/11/23','YYYY/MM/DD'),'F004');
Insert into TEAM4_202104F.DCLZ_MNGT (DCLZ_NO,EMPNO,ATTEND_TIME,LVFFC_TIME,ADIT_WORK_TIME,RGSDE,STTUS_CODE) values ('49',8,to_date('2021/11/09','YYYY/MM/DD'),to_date('2021/11/23','YYYY/MM/DD'),0,to_date('2021/11/23','YYYY/MM/DD'),'F004');
Insert into TEAM4_202104F.DCLZ_MNGT (DCLZ_NO,EMPNO,ATTEND_TIME,LVFFC_TIME,ADIT_WORK_TIME,RGSDE,STTUS_CODE) values ('50',8,to_date('2021/11/10','YYYY/MM/DD'),to_date('2021/11/23','YYYY/MM/DD'),0,to_date('2021/11/23','YYYY/MM/DD'),'F004');
Insert into TEAM4_202104F.DCLZ_MNGT (DCLZ_NO,EMPNO,ATTEND_TIME,LVFFC_TIME,ADIT_WORK_TIME,RGSDE,STTUS_CODE) values ('51',8,to_date('2021/11/11','YYYY/MM/DD'),to_date('2021/11/23','YYYY/MM/DD'),0,to_date('2021/11/23','YYYY/MM/DD'),'F004');
Insert into TEAM4_202104F.DCLZ_MNGT (DCLZ_NO,EMPNO,ATTEND_TIME,LVFFC_TIME,ADIT_WORK_TIME,RGSDE,STTUS_CODE) values ('52',8,to_date('2021/10/20','YYYY/MM/DD'),to_date('2021/11/23','YYYY/MM/DD'),0,to_date('2021/11/23','YYYY/MM/DD'),'F004');
Insert into TEAM4_202104F.DCLZ_MNGT (DCLZ_NO,EMPNO,ATTEND_TIME,LVFFC_TIME,ADIT_WORK_TIME,RGSDE,STTUS_CODE) values ('53',8,to_date('2021/10/21','YYYY/MM/DD'),to_date('2021/11/23','YYYY/MM/DD'),0,to_date('2021/11/23','YYYY/MM/DD'),'F004');
Insert into TEAM4_202104F.DCLZ_MNGT (DCLZ_NO,EMPNO,ATTEND_TIME,LVFFC_TIME,ADIT_WORK_TIME,RGSDE,STTUS_CODE) values ('54',8,to_date('2021/10/22','YYYY/MM/DD'),to_date('2021/11/23','YYYY/MM/DD'),0,to_date('2021/11/23','YYYY/MM/DD'),'F004');
Insert into TEAM4_202104F.DCLZ_MNGT (DCLZ_NO,EMPNO,ATTEND_TIME,LVFFC_TIME,ADIT_WORK_TIME,RGSDE,STTUS_CODE) values ('55',8,to_date('2021/10/25','YYYY/MM/DD'),to_date('2021/11/23','YYYY/MM/DD'),0,to_date('2021/11/23','YYYY/MM/DD'),'F004');
Insert into TEAM4_202104F.DCLZ_MNGT (DCLZ_NO,EMPNO,ATTEND_TIME,LVFFC_TIME,ADIT_WORK_TIME,RGSDE,STTUS_CODE) values ('56',8,to_date('2021/10/26','YYYY/MM/DD'),to_date('2021/11/23','YYYY/MM/DD'),0,to_date('2021/11/23','YYYY/MM/DD'),'F004');
Insert into TEAM4_202104F.DCLZ_MNGT (DCLZ_NO,EMPNO,ATTEND_TIME,LVFFC_TIME,ADIT_WORK_TIME,RGSDE,STTUS_CODE) values ('57',8,to_date('2021/10/27','YYYY/MM/DD'),to_date('2021/11/23','YYYY/MM/DD'),0,to_date('2021/11/23','YYYY/MM/DD'),'F004');
Insert into TEAM4_202104F.DCLZ_MNGT (DCLZ_NO,EMPNO,ATTEND_TIME,LVFFC_TIME,ADIT_WORK_TIME,RGSDE,STTUS_CODE) values ('58',8,to_date('2021/10/28','YYYY/MM/DD'),to_date('2021/11/23','YYYY/MM/DD'),0,to_date('2021/11/23','YYYY/MM/DD'),'F004');
Insert into TEAM4_202104F.DCLZ_MNGT (DCLZ_NO,EMPNO,ATTEND_TIME,LVFFC_TIME,ADIT_WORK_TIME,RGSDE,STTUS_CODE) values ('59',8,to_date('2021/10/29','YYYY/MM/DD'),to_date('2021/11/23','YYYY/MM/DD'),0,to_date('2021/11/23','YYYY/MM/DD'),'F004');
Insert into TEAM4_202104F.DCLZ_MNGT (DCLZ_NO,EMPNO,ATTEND_TIME,LVFFC_TIME,ADIT_WORK_TIME,RGSDE,STTUS_CODE) values ('63',2,null,to_date('2021/11/23','YYYY/MM/DD'),null,to_date('2021/11/23','YYYY/MM/DD'),'F004');
Insert into TEAM4_202104F.DCLZ_MNGT (DCLZ_NO,EMPNO,ATTEND_TIME,LVFFC_TIME,ADIT_WORK_TIME,RGSDE,STTUS_CODE) values ('64',2,to_date('2021/11/15','YYYY/MM/DD'),to_date('2021/11/23','YYYY/MM/DD'),null,to_date('2021/11/23','YYYY/MM/DD'),'F004');
Insert into TEAM4_202104F.DCLZ_MNGT (DCLZ_NO,EMPNO,ATTEND_TIME,LVFFC_TIME,ADIT_WORK_TIME,RGSDE,STTUS_CODE) values ('66',2,to_date('2021/11/15','YYYY/MM/DD'),to_date('2021/11/23','YYYY/MM/DD'),null,to_date('2021/11/23','YYYY/MM/DD'),'F004');
Insert into TEAM4_202104F.DCLZ_MNGT (DCLZ_NO,EMPNO,ATTEND_TIME,LVFFC_TIME,ADIT_WORK_TIME,RGSDE,STTUS_CODE) values ('85',2,to_date('2021/11/15','YYYY/MM/DD'),to_date('2021/11/23','YYYY/MM/DD'),null,to_date('2021/11/23','YYYY/MM/DD'),'F004');
Insert into TEAM4_202104F.DCLZ_MNGT (DCLZ_NO,EMPNO,ATTEND_TIME,LVFFC_TIME,ADIT_WORK_TIME,RGSDE,STTUS_CODE) values ('42',3,to_date('2021/11/04','YYYY/MM/DD'),to_date('2021/11/23','YYYY/MM/DD'),0,to_date('2021/11/23','YYYY/MM/DD'),'F004');
Insert into TEAM4_202104F.DCLZ_MNGT (DCLZ_NO,EMPNO,ATTEND_TIME,LVFFC_TIME,ADIT_WORK_TIME,RGSDE,STTUS_CODE) values ('41',3,to_date('2021/11/03','YYYY/MM/DD'),to_date('2021/11/23','YYYY/MM/DD'),0,to_date('2021/11/23','YYYY/MM/DD'),'F004');
Insert into TEAM4_202104F.DCLZ_MNGT (DCLZ_NO,EMPNO,ATTEND_TIME,LVFFC_TIME,ADIT_WORK_TIME,RGSDE,STTUS_CODE) values ('92',1,to_date('2021/11/18','YYYY/MM/DD'),to_date('2021/11/23','YYYY/MM/DD'),null,to_date('2021/11/23','YYYY/MM/DD'),'F004');
Insert into TEAM4_202104F.DCLZ_MNGT (DCLZ_NO,EMPNO,ATTEND_TIME,LVFFC_TIME,ADIT_WORK_TIME,RGSDE,STTUS_CODE) values ('93',1,to_date('2021/11/18','YYYY/MM/DD'),to_date('2021/11/23','YYYY/MM/DD'),null,to_date('2021/11/23','YYYY/MM/DD'),'F004');
Insert into TEAM4_202104F.DCLZ_MNGT (DCLZ_NO,EMPNO,ATTEND_TIME,LVFFC_TIME,ADIT_WORK_TIME,RGSDE,STTUS_CODE) values ('73',1,to_date('2021/11/15','YYYY/MM/DD'),to_date('2021/11/23','YYYY/MM/DD'),null,to_date('2021/11/23','YYYY/MM/DD'),'F004');
Insert into TEAM4_202104F.DCLZ_MNGT (DCLZ_NO,EMPNO,ATTEND_TIME,LVFFC_TIME,ADIT_WORK_TIME,RGSDE,STTUS_CODE) values ('77',1,to_date('2021/11/16','YYYY/MM/DD'),to_date('2021/11/23','YYYY/MM/DD'),null,to_date('2021/11/23','YYYY/MM/DD'),'F004');
Insert into TEAM4_202104F.DCLZ_MNGT (DCLZ_NO,EMPNO,ATTEND_TIME,LVFFC_TIME,ADIT_WORK_TIME,RGSDE,STTUS_CODE) values ('84',1,null,to_date('2021/11/23','YYYY/MM/DD'),null,to_date('2021/11/23','YYYY/MM/DD'),'F004');
Insert into TEAM4_202104F.DCLZ_MNGT (DCLZ_NO,EMPNO,ATTEND_TIME,LVFFC_TIME,ADIT_WORK_TIME,RGSDE,STTUS_CODE) values ('86',2,to_date('2021/11/15','YYYY/MM/DD'),to_date('2021/11/23','YYYY/MM/DD'),null,to_date('2021/11/23','YYYY/MM/DD'),'F004');
Insert into TEAM4_202104F.DCLZ_MNGT (DCLZ_NO,EMPNO,ATTEND_TIME,LVFFC_TIME,ADIT_WORK_TIME,RGSDE,STTUS_CODE) values ('96',1,to_date('2021/11/18','YYYY/MM/DD'),to_date('2021/11/23','YYYY/MM/DD'),null,to_date('2021/11/23','YYYY/MM/DD'),'F004');
Insert into TEAM4_202104F.DCLZ_MNGT (DCLZ_NO,EMPNO,ATTEND_TIME,LVFFC_TIME,ADIT_WORK_TIME,RGSDE,STTUS_CODE) values ('94',1,to_date('2021/11/18','YYYY/MM/DD'),to_date('2021/11/23','YYYY/MM/DD'),null,to_date('2021/11/23','YYYY/MM/DD'),'F004');
Insert into TEAM4_202104F.DCLZ_MNGT (DCLZ_NO,EMPNO,ATTEND_TIME,LVFFC_TIME,ADIT_WORK_TIME,RGSDE,STTUS_CODE) values ('95',1,to_date('2021/11/18','YYYY/MM/DD'),to_date('2021/11/23','YYYY/MM/DD'),null,to_date('2021/11/23','YYYY/MM/DD'),'F004');
Insert into TEAM4_202104F.DCLZ_MNGT (DCLZ_NO,EMPNO,ATTEND_TIME,LVFFC_TIME,ADIT_WORK_TIME,RGSDE,STTUS_CODE) values ('169',4,to_date('2021/11/05','YYYY/MM/DD'),to_date('2021/11/05','YYYY/MM/DD'),null,null,'F004');
Insert into TEAM4_202104F.DCLZ_MNGT (DCLZ_NO,EMPNO,ATTEND_TIME,LVFFC_TIME,ADIT_WORK_TIME,RGSDE,STTUS_CODE) values ('60',8,to_date('2021/11/12','YYYY/MM/DD'),to_date('2021/11/23','YYYY/MM/DD'),0,to_date('2021/11/23','YYYY/MM/DD'),'F004');
Insert into TEAM4_202104F.DCLZ_MNGT (DCLZ_NO,EMPNO,ATTEND_TIME,LVFFC_TIME,ADIT_WORK_TIME,RGSDE,STTUS_CODE) values ('70',1,to_date('2021/11/17','YYYY/MM/DD'),to_date('2021/11/23','YYYY/MM/DD'),null,to_date('2021/11/23','YYYY/MM/DD'),'F004');
Insert into TEAM4_202104F.DCLZ_MNGT (DCLZ_NO,EMPNO,ATTEND_TIME,LVFFC_TIME,ADIT_WORK_TIME,RGSDE,STTUS_CODE) values ('61',1515,to_date('2021/11/10','YYYY/MM/DD'),to_date('2021/11/23','YYYY/MM/DD'),0,to_date('2021/11/23','YYYY/MM/DD'),'F004');
Insert into TEAM4_202104F.DCLZ_MNGT (DCLZ_NO,EMPNO,ATTEND_TIME,LVFFC_TIME,ADIT_WORK_TIME,RGSDE,STTUS_CODE) values ('75',1,to_date('2021/11/20','YYYY/MM/DD'),to_date('2021/11/23','YYYY/MM/DD'),null,to_date('2021/11/23','YYYY/MM/DD'),'F004');
Insert into TEAM4_202104F.DCLZ_MNGT (DCLZ_NO,EMPNO,ATTEND_TIME,LVFFC_TIME,ADIT_WORK_TIME,RGSDE,STTUS_CODE) values ('76',2,to_date('2021/11/15','YYYY/MM/DD'),to_date('2021/11/23','YYYY/MM/DD'),null,to_date('2021/11/23','YYYY/MM/DD'),'F004');
Insert into TEAM4_202104F.DCLZ_MNGT (DCLZ_NO,EMPNO,ATTEND_TIME,LVFFC_TIME,ADIT_WORK_TIME,RGSDE,STTUS_CODE) values ('111',1515,to_date('2021/11/22','YYYY/MM/DD'),to_date('2021/11/23','YYYY/MM/DD'),0,to_date('2021/11/23','YYYY/MM/DD'),'F004');
Insert into TEAM4_202104F.DCLZ_MNGT (DCLZ_NO,EMPNO,ATTEND_TIME,LVFFC_TIME,ADIT_WORK_TIME,RGSDE,STTUS_CODE) values ('170',4,to_date('2021/11/08','YYYY/MM/DD'),to_date('2021/11/08','YYYY/MM/DD'),null,null,'F004');
Insert into TEAM4_202104F.DCLZ_MNGT (DCLZ_NO,EMPNO,ATTEND_TIME,LVFFC_TIME,ADIT_WORK_TIME,RGSDE,STTUS_CODE) values ('171',4,to_date('2021/11/09','YYYY/MM/DD'),to_date('2021/11/09','YYYY/MM/DD'),null,null,'F004');
Insert into TEAM4_202104F.DCLZ_MNGT (DCLZ_NO,EMPNO,ATTEND_TIME,LVFFC_TIME,ADIT_WORK_TIME,RGSDE,STTUS_CODE) values ('172',4,to_date('2021/11/10','YYYY/MM/DD'),to_date('2021/11/10','YYYY/MM/DD'),null,null,'F004');
Insert into TEAM4_202104F.DCLZ_MNGT (DCLZ_NO,EMPNO,ATTEND_TIME,LVFFC_TIME,ADIT_WORK_TIME,RGSDE,STTUS_CODE) values ('173',4,to_date('2021/11/11','YYYY/MM/DD'),to_date('2021/11/11','YYYY/MM/DD'),null,null,'F004');
Insert into TEAM4_202104F.DCLZ_MNGT (DCLZ_NO,EMPNO,ATTEND_TIME,LVFFC_TIME,ADIT_WORK_TIME,RGSDE,STTUS_CODE) values ('174',4,to_date('2021/11/12','YYYY/MM/DD'),to_date('2021/11/12','YYYY/MM/DD'),null,null,'F004');
Insert into TEAM4_202104F.DCLZ_MNGT (DCLZ_NO,EMPNO,ATTEND_TIME,LVFFC_TIME,ADIT_WORK_TIME,RGSDE,STTUS_CODE) values ('180',4,to_date('2021/11/22','YYYY/MM/DD'),to_date('2021/11/22','YYYY/MM/DD'),null,null,'F004');
Insert into TEAM4_202104F.DCLZ_MNGT (DCLZ_NO,EMPNO,ATTEND_TIME,LVFFC_TIME,ADIT_WORK_TIME,RGSDE,STTUS_CODE) values ('181',4,to_date('2021/11/23','YYYY/MM/DD'),to_date('2021/11/23','YYYY/MM/DD'),null,null,'F004');
Insert into TEAM4_202104F.DCLZ_MNGT (DCLZ_NO,EMPNO,ATTEND_TIME,LVFFC_TIME,ADIT_WORK_TIME,RGSDE,STTUS_CODE) values ('182',2104001,to_date('2021/11/04','YYYY/MM/DD'),to_date('2021/11/04','YYYY/MM/DD'),null,null,'F004');
Insert into TEAM4_202104F.DCLZ_MNGT (DCLZ_NO,EMPNO,ATTEND_TIME,LVFFC_TIME,ADIT_WORK_TIME,RGSDE,STTUS_CODE) values ('183',2104001,to_date('2021/11/05','YYYY/MM/DD'),to_date('2021/11/05','YYYY/MM/DD'),null,null,'F004');
Insert into TEAM4_202104F.DCLZ_MNGT (DCLZ_NO,EMPNO,ATTEND_TIME,LVFFC_TIME,ADIT_WORK_TIME,RGSDE,STTUS_CODE) values ('184',2104001,to_date('2021/11/08','YYYY/MM/DD'),to_date('2021/11/08','YYYY/MM/DD'),null,null,'F004');
Insert into TEAM4_202104F.DCLZ_MNGT (DCLZ_NO,EMPNO,ATTEND_TIME,LVFFC_TIME,ADIT_WORK_TIME,RGSDE,STTUS_CODE) values ('185',2104001,to_date('2021/11/09','YYYY/MM/DD'),to_date('2021/11/09','YYYY/MM/DD'),null,null,'F004');
Insert into TEAM4_202104F.DCLZ_MNGT (DCLZ_NO,EMPNO,ATTEND_TIME,LVFFC_TIME,ADIT_WORK_TIME,RGSDE,STTUS_CODE) values ('186',2104001,to_date('2021/11/10','YYYY/MM/DD'),to_date('2021/11/10','YYYY/MM/DD'),null,null,'F004');
Insert into TEAM4_202104F.DCLZ_MNGT (DCLZ_NO,EMPNO,ATTEND_TIME,LVFFC_TIME,ADIT_WORK_TIME,RGSDE,STTUS_CODE) values ('187',2104001,to_date('2021/11/11','YYYY/MM/DD'),to_date('2021/11/11','YYYY/MM/DD'),null,null,'F004');
Insert into TEAM4_202104F.DCLZ_MNGT (DCLZ_NO,EMPNO,ATTEND_TIME,LVFFC_TIME,ADIT_WORK_TIME,RGSDE,STTUS_CODE) values ('188',2104001,to_date('2021/11/12','YYYY/MM/DD'),to_date('2021/11/12','YYYY/MM/DD'),null,null,'F004');
Insert into TEAM4_202104F.DCLZ_MNGT (DCLZ_NO,EMPNO,ATTEND_TIME,LVFFC_TIME,ADIT_WORK_TIME,RGSDE,STTUS_CODE) values ('189',2104001,to_date('2021/11/15','YYYY/MM/DD'),to_date('2021/11/15','YYYY/MM/DD'),null,null,'F004');
Insert into TEAM4_202104F.DCLZ_MNGT (DCLZ_NO,EMPNO,ATTEND_TIME,LVFFC_TIME,ADIT_WORK_TIME,RGSDE,STTUS_CODE) values ('190',2104001,to_date('2021/11/16','YYYY/MM/DD'),to_date('2021/11/16','YYYY/MM/DD'),null,null,'F004');
Insert into TEAM4_202104F.DCLZ_MNGT (DCLZ_NO,EMPNO,ATTEND_TIME,LVFFC_TIME,ADIT_WORK_TIME,RGSDE,STTUS_CODE) values ('191',2104001,to_date('2021/11/17','YYYY/MM/DD'),to_date('2021/11/17','YYYY/MM/DD'),null,null,'F004');
Insert into TEAM4_202104F.DCLZ_MNGT (DCLZ_NO,EMPNO,ATTEND_TIME,LVFFC_TIME,ADIT_WORK_TIME,RGSDE,STTUS_CODE) values ('192',2104001,to_date('2021/11/18','YYYY/MM/DD'),to_date('2021/11/18','YYYY/MM/DD'),null,null,'F004');
Insert into TEAM4_202104F.DCLZ_MNGT (DCLZ_NO,EMPNO,ATTEND_TIME,LVFFC_TIME,ADIT_WORK_TIME,RGSDE,STTUS_CODE) values ('193',2104001,to_date('2021/11/19','YYYY/MM/DD'),to_date('2021/11/19','YYYY/MM/DD'),null,null,'F004');
Insert into TEAM4_202104F.DCLZ_MNGT (DCLZ_NO,EMPNO,ATTEND_TIME,LVFFC_TIME,ADIT_WORK_TIME,RGSDE,STTUS_CODE) values ('194',2104001,to_date('2021/11/22','YYYY/MM/DD'),to_date('2021/11/22','YYYY/MM/DD'),null,null,'F004');
Insert into TEAM4_202104F.DCLZ_MNGT (DCLZ_NO,EMPNO,ATTEND_TIME,LVFFC_TIME,ADIT_WORK_TIME,RGSDE,STTUS_CODE) values ('195',2104001,to_date('2021/11/23','YYYY/MM/DD'),to_date('2021/11/23','YYYY/MM/DD'),null,null,'F004');
Insert into TEAM4_202104F.DCLZ_MNGT (DCLZ_NO,EMPNO,ATTEND_TIME,LVFFC_TIME,ADIT_WORK_TIME,RGSDE,STTUS_CODE) values ('201',1459012,to_date('2021/11/04','YYYY/MM/DD'),to_date('2021/11/04','YYYY/MM/DD'),null,null,'F005');
Insert into TEAM4_202104F.DCLZ_MNGT (DCLZ_NO,EMPNO,ATTEND_TIME,LVFFC_TIME,ADIT_WORK_TIME,RGSDE,STTUS_CODE) values ('202',1459012,to_date('2021/11/05','YYYY/MM/DD'),to_date('2021/11/05','YYYY/MM/DD'),null,null,'F005');
Insert into TEAM4_202104F.DCLZ_MNGT (DCLZ_NO,EMPNO,ATTEND_TIME,LVFFC_TIME,ADIT_WORK_TIME,RGSDE,STTUS_CODE) values ('203',1459012,to_date('2021/11/08','YYYY/MM/DD'),to_date('2021/11/08','YYYY/MM/DD'),null,null,'F002');
Insert into TEAM4_202104F.DCLZ_MNGT (DCLZ_NO,EMPNO,ATTEND_TIME,LVFFC_TIME,ADIT_WORK_TIME,RGSDE,STTUS_CODE) values ('204',1459012,to_date('2021/11/09','YYYY/MM/DD'),to_date('2021/11/09','YYYY/MM/DD'),null,null,'F004');
Insert into TEAM4_202104F.DCLZ_MNGT (DCLZ_NO,EMPNO,ATTEND_TIME,LVFFC_TIME,ADIT_WORK_TIME,RGSDE,STTUS_CODE) values ('205',1459012,to_date('2021/11/10','YYYY/MM/DD'),to_date('2021/11/10','YYYY/MM/DD'),null,null,'F004');
Insert into TEAM4_202104F.DCLZ_MNGT (DCLZ_NO,EMPNO,ATTEND_TIME,LVFFC_TIME,ADIT_WORK_TIME,RGSDE,STTUS_CODE) values ('206',1459012,to_date('2021/11/11','YYYY/MM/DD'),to_date('2021/11/11','YYYY/MM/DD'),null,null,'F004');
Insert into TEAM4_202104F.DCLZ_MNGT (DCLZ_NO,EMPNO,ATTEND_TIME,LVFFC_TIME,ADIT_WORK_TIME,RGSDE,STTUS_CODE) values ('207',1459012,to_date('2021/11/12','YYYY/MM/DD'),to_date('2021/11/12','YYYY/MM/DD'),null,null,'F004');
Insert into TEAM4_202104F.DCLZ_MNGT (DCLZ_NO,EMPNO,ATTEND_TIME,LVFFC_TIME,ADIT_WORK_TIME,RGSDE,STTUS_CODE) values ('208',1459012,to_date('2021/11/15','YYYY/MM/DD'),to_date('2021/11/15','YYYY/MM/DD'),null,null,'F004');
Insert into TEAM4_202104F.DCLZ_MNGT (DCLZ_NO,EMPNO,ATTEND_TIME,LVFFC_TIME,ADIT_WORK_TIME,RGSDE,STTUS_CODE) values ('209',1459012,to_date('2021/11/16','YYYY/MM/DD'),to_date('2021/11/16','YYYY/MM/DD'),null,null,'F004');
Insert into TEAM4_202104F.DCLZ_MNGT (DCLZ_NO,EMPNO,ATTEND_TIME,LVFFC_TIME,ADIT_WORK_TIME,RGSDE,STTUS_CODE) values ('210',1459012,to_date('2021/11/17','YYYY/MM/DD'),to_date('2021/11/17','YYYY/MM/DD'),null,null,'F004');
Insert into TEAM4_202104F.DCLZ_MNGT (DCLZ_NO,EMPNO,ATTEND_TIME,LVFFC_TIME,ADIT_WORK_TIME,RGSDE,STTUS_CODE) values ('211',1459012,to_date('2021/11/18','YYYY/MM/DD'),to_date('2021/11/18','YYYY/MM/DD'),null,null,'F004');
Insert into TEAM4_202104F.DCLZ_MNGT (DCLZ_NO,EMPNO,ATTEND_TIME,LVFFC_TIME,ADIT_WORK_TIME,RGSDE,STTUS_CODE) values ('212',1459012,to_date('2021/11/19','YYYY/MM/DD'),to_date('2021/11/19','YYYY/MM/DD'),null,null,'F004');
Insert into TEAM4_202104F.DCLZ_MNGT (DCLZ_NO,EMPNO,ATTEND_TIME,LVFFC_TIME,ADIT_WORK_TIME,RGSDE,STTUS_CODE) values ('213',1459012,to_date('2021/11/22','YYYY/MM/DD'),to_date('2021/11/22','YYYY/MM/DD'),null,null,'F004');
Insert into TEAM4_202104F.DCLZ_MNGT (DCLZ_NO,EMPNO,ATTEND_TIME,LVFFC_TIME,ADIT_WORK_TIME,RGSDE,STTUS_CODE) values ('214',1459012,to_date('2021/11/23','YYYY/MM/DD'),to_date('2021/11/23','YYYY/MM/DD'),null,null,'F004');
Insert into TEAM4_202104F.DCLZ_MNGT (DCLZ_NO,EMPNO,ATTEND_TIME,LVFFC_TIME,ADIT_WORK_TIME,RGSDE,STTUS_CODE) values ('215',111,to_date('2021/11/04','YYYY/MM/DD'),to_date('2021/11/04','YYYY/MM/DD'),null,null,'F004');
Insert into TEAM4_202104F.DCLZ_MNGT (DCLZ_NO,EMPNO,ATTEND_TIME,LVFFC_TIME,ADIT_WORK_TIME,RGSDE,STTUS_CODE) values ('216',111,to_date('2021/11/05','YYYY/MM/DD'),to_date('2021/11/05','YYYY/MM/DD'),null,null,'F005');
Insert into TEAM4_202104F.DCLZ_MNGT (DCLZ_NO,EMPNO,ATTEND_TIME,LVFFC_TIME,ADIT_WORK_TIME,RGSDE,STTUS_CODE) values ('217',111,to_date('2021/11/08','YYYY/MM/DD'),to_date('2021/11/08','YYYY/MM/DD'),null,null,'F002');
Insert into TEAM4_202104F.DCLZ_MNGT (DCLZ_NO,EMPNO,ATTEND_TIME,LVFFC_TIME,ADIT_WORK_TIME,RGSDE,STTUS_CODE) values ('218',111,to_date('2021/11/09','YYYY/MM/DD'),to_date('2021/11/09','YYYY/MM/DD'),null,null,'F004');
Insert into TEAM4_202104F.DCLZ_MNGT (DCLZ_NO,EMPNO,ATTEND_TIME,LVFFC_TIME,ADIT_WORK_TIME,RGSDE,STTUS_CODE) values ('219',111,to_date('2021/11/10','YYYY/MM/DD'),to_date('2021/11/10','YYYY/MM/DD'),null,null,'F004');
Insert into TEAM4_202104F.DCLZ_MNGT (DCLZ_NO,EMPNO,ATTEND_TIME,LVFFC_TIME,ADIT_WORK_TIME,RGSDE,STTUS_CODE) values ('220',111,to_date('2021/11/11','YYYY/MM/DD'),to_date('2021/11/11','YYYY/MM/DD'),null,null,'F004');
Insert into TEAM4_202104F.DCLZ_MNGT (DCLZ_NO,EMPNO,ATTEND_TIME,LVFFC_TIME,ADIT_WORK_TIME,RGSDE,STTUS_CODE) values ('221',111,to_date('2021/11/12','YYYY/MM/DD'),to_date('2021/11/12','YYYY/MM/DD'),null,null,'F004');
Insert into TEAM4_202104F.DCLZ_MNGT (DCLZ_NO,EMPNO,ATTEND_TIME,LVFFC_TIME,ADIT_WORK_TIME,RGSDE,STTUS_CODE) values ('222',111,to_date('2021/11/15','YYYY/MM/DD'),to_date('2021/11/15','YYYY/MM/DD'),null,null,'F004');
Insert into TEAM4_202104F.DCLZ_MNGT (DCLZ_NO,EMPNO,ATTEND_TIME,LVFFC_TIME,ADIT_WORK_TIME,RGSDE,STTUS_CODE) values ('223',111,to_date('2021/11/16','YYYY/MM/DD'),to_date('2021/11/16','YYYY/MM/DD'),null,null,'F004');
Insert into TEAM4_202104F.DCLZ_MNGT (DCLZ_NO,EMPNO,ATTEND_TIME,LVFFC_TIME,ADIT_WORK_TIME,RGSDE,STTUS_CODE) values ('224',111,to_date('2021/11/17','YYYY/MM/DD'),to_date('2021/11/17','YYYY/MM/DD'),null,null,'F004');
Insert into TEAM4_202104F.DCLZ_MNGT (DCLZ_NO,EMPNO,ATTEND_TIME,LVFFC_TIME,ADIT_WORK_TIME,RGSDE,STTUS_CODE) values ('225',111,to_date('2021/11/18','YYYY/MM/DD'),to_date('2021/11/18','YYYY/MM/DD'),null,null,'F004');
Insert into TEAM4_202104F.DCLZ_MNGT (DCLZ_NO,EMPNO,ATTEND_TIME,LVFFC_TIME,ADIT_WORK_TIME,RGSDE,STTUS_CODE) values ('226',111,to_date('2021/11/19','YYYY/MM/DD'),to_date('2021/11/19','YYYY/MM/DD'),null,null,'F004');
Insert into TEAM4_202104F.DCLZ_MNGT (DCLZ_NO,EMPNO,ATTEND_TIME,LVFFC_TIME,ADIT_WORK_TIME,RGSDE,STTUS_CODE) values ('227',111,to_date('2021/11/22','YYYY/MM/DD'),to_date('2021/11/22','YYYY/MM/DD'),null,null,'F004');
Insert into TEAM4_202104F.DCLZ_MNGT (DCLZ_NO,EMPNO,ATTEND_TIME,LVFFC_TIME,ADIT_WORK_TIME,RGSDE,STTUS_CODE) values ('228',111,to_date('2021/11/23','YYYY/MM/DD'),to_date('2021/11/23','YYYY/MM/DD'),null,null,'F004');
Insert into TEAM4_202104F.DCLZ_MNGT (DCLZ_NO,EMPNO,ATTEND_TIME,LVFFC_TIME,ADIT_WORK_TIME,RGSDE,STTUS_CODE) values ('300',2104003,to_date('2021/11/04','YYYY/MM/DD'),to_date('2021/11/04','YYYY/MM/DD'),null,null,'F004');
Insert into TEAM4_202104F.DCLZ_MNGT (DCLZ_NO,EMPNO,ATTEND_TIME,LVFFC_TIME,ADIT_WORK_TIME,RGSDE,STTUS_CODE) values ('301',2104003,to_date('2021/11/05','YYYY/MM/DD'),to_date('2021/11/05','YYYY/MM/DD'),null,null,'F004');
Insert into TEAM4_202104F.DCLZ_MNGT (DCLZ_NO,EMPNO,ATTEND_TIME,LVFFC_TIME,ADIT_WORK_TIME,RGSDE,STTUS_CODE) values ('302',2104003,to_date('2021/11/08','YYYY/MM/DD'),to_date('2021/11/08','YYYY/MM/DD'),null,null,'F004');
Insert into TEAM4_202104F.DCLZ_MNGT (DCLZ_NO,EMPNO,ATTEND_TIME,LVFFC_TIME,ADIT_WORK_TIME,RGSDE,STTUS_CODE) values ('303',2104003,to_date('2021/11/09','YYYY/MM/DD'),to_date('2021/11/09','YYYY/MM/DD'),null,null,'F004');
Insert into TEAM4_202104F.DCLZ_MNGT (DCLZ_NO,EMPNO,ATTEND_TIME,LVFFC_TIME,ADIT_WORK_TIME,RGSDE,STTUS_CODE) values ('304',2104003,to_date('2021/11/10','YYYY/MM/DD'),to_date('2021/11/10','YYYY/MM/DD'),null,null,'F004');
Insert into TEAM4_202104F.DCLZ_MNGT (DCLZ_NO,EMPNO,ATTEND_TIME,LVFFC_TIME,ADIT_WORK_TIME,RGSDE,STTUS_CODE) values ('305',2104003,to_date('2021/11/11','YYYY/MM/DD'),to_date('2021/11/11','YYYY/MM/DD'),null,null,'F004');
Insert into TEAM4_202104F.DCLZ_MNGT (DCLZ_NO,EMPNO,ATTEND_TIME,LVFFC_TIME,ADIT_WORK_TIME,RGSDE,STTUS_CODE) values ('306',2104003,to_date('2021/11/12','YYYY/MM/DD'),to_date('2021/11/12','YYYY/MM/DD'),null,null,'F004');
Insert into TEAM4_202104F.DCLZ_MNGT (DCLZ_NO,EMPNO,ATTEND_TIME,LVFFC_TIME,ADIT_WORK_TIME,RGSDE,STTUS_CODE) values ('307',2104003,to_date('2021/11/15','YYYY/MM/DD'),to_date('2021/11/15','YYYY/MM/DD'),null,null,'F004');
Insert into TEAM4_202104F.DCLZ_MNGT (DCLZ_NO,EMPNO,ATTEND_TIME,LVFFC_TIME,ADIT_WORK_TIME,RGSDE,STTUS_CODE) values ('308',2104003,to_date('2021/11/16','YYYY/MM/DD'),to_date('2021/11/16','YYYY/MM/DD'),null,null,'F004');
Insert into TEAM4_202104F.DCLZ_MNGT (DCLZ_NO,EMPNO,ATTEND_TIME,LVFFC_TIME,ADIT_WORK_TIME,RGSDE,STTUS_CODE) values ('309',2104003,to_date('2021/11/17','YYYY/MM/DD'),to_date('2021/11/17','YYYY/MM/DD'),null,null,'F004');
Insert into TEAM4_202104F.DCLZ_MNGT (DCLZ_NO,EMPNO,ATTEND_TIME,LVFFC_TIME,ADIT_WORK_TIME,RGSDE,STTUS_CODE) values ('310',2104003,to_date('2021/11/18','YYYY/MM/DD'),to_date('2021/11/18','YYYY/MM/DD'),null,null,'F004');
Insert into TEAM4_202104F.DCLZ_MNGT (DCLZ_NO,EMPNO,ATTEND_TIME,LVFFC_TIME,ADIT_WORK_TIME,RGSDE,STTUS_CODE) values ('311',2104003,to_date('2021/11/19','YYYY/MM/DD'),to_date('2021/11/19','YYYY/MM/DD'),null,null,'F004');
Insert into TEAM4_202104F.DCLZ_MNGT (DCLZ_NO,EMPNO,ATTEND_TIME,LVFFC_TIME,ADIT_WORK_TIME,RGSDE,STTUS_CODE) values ('312',2104003,to_date('2021/11/22','YYYY/MM/DD'),to_date('2021/11/22','YYYY/MM/DD'),null,null,'F004');
Insert into TEAM4_202104F.DCLZ_MNGT (DCLZ_NO,EMPNO,ATTEND_TIME,LVFFC_TIME,ADIT_WORK_TIME,RGSDE,STTUS_CODE) values ('313',2104003,to_date('2021/11/23','YYYY/MM/DD'),to_date('2021/11/23','YYYY/MM/DD'),null,null,'F004');
Insert into TEAM4_202104F.DCLZ_MNGT (DCLZ_NO,EMPNO,ATTEND_TIME,LVFFC_TIME,ADIT_WORK_TIME,RGSDE,STTUS_CODE) values ('500',2104006,to_date('2021/11/23','YYYY/MM/DD'),null,null,null,'F004');
Insert into TEAM4_202104F.DCLZ_MNGT (DCLZ_NO,EMPNO,ATTEND_TIME,LVFFC_TIME,ADIT_WORK_TIME,RGSDE,STTUS_CODE) values ('700',8987,to_date('2021/11/23','YYYY/MM/DD'),null,null,null,'F004');
Insert into TEAM4_202104F.DCLZ_MNGT (DCLZ_NO,EMPNO,ATTEND_TIME,LVFFC_TIME,ADIT_WORK_TIME,RGSDE,STTUS_CODE) values ('1004',2104006,to_date('2021/11/23','YYYY/MM/DD'),null,null,to_date('2021/11/23','YYYY/MM/DD'),'F005');
Insert into TEAM4_202104F.DCLZ_MNGT (DCLZ_NO,EMPNO,ATTEND_TIME,LVFFC_TIME,ADIT_WORK_TIME,RGSDE,STTUS_CODE) values ('1005',2104006,to_date('2021/11/24','YYYY/MM/DD'),null,null,to_date('2021/11/24','YYYY/MM/DD'),'F005');
REM INSERTING into TEAM4_202104F.DCLZ_VCATN
SET DEFINE OFF;
Insert into TEAM4_202104F.DCLZ_VCATN (VCATN_NO,VCATN_CODE,EMPNO,TOT_VCATN_DAYCNT,USE_VCATN_DAYCNT,EMPNM,SANCTN_NO) values ('dvac11','VCDE27',2104003,15,1,'안병준','scno10011');
Insert into TEAM4_202104F.DCLZ_VCATN (VCATN_NO,VCATN_CODE,EMPNO,TOT_VCATN_DAYCNT,USE_VCATN_DAYCNT,EMPNM,SANCTN_NO) values ('dvac12','VCDE27',2104006,15,1,'정재헌','scno10012');
Insert into TEAM4_202104F.DCLZ_VCATN (VCATN_NO,VCATN_CODE,EMPNO,TOT_VCATN_DAYCNT,USE_VCATN_DAYCNT,EMPNM,SANCTN_NO) values ('dvac61','VCDE27',2104006,15,2,'정재헌','scno282');
Insert into TEAM4_202104F.DCLZ_VCATN (VCATN_NO,VCATN_CODE,EMPNO,TOT_VCATN_DAYCNT,USE_VCATN_DAYCNT,EMPNM,SANCTN_NO) values ('dvac6','VCDE27',2104003,15,1,'안병준','scno100');
Insert into TEAM4_202104F.DCLZ_VCATN (VCATN_NO,VCATN_CODE,EMPNO,TOT_VCATN_DAYCNT,USE_VCATN_DAYCNT,EMPNM,SANCTN_NO) values ('dvac4','VCDE27',2104003,15,1,'안병준','scno1001');
Insert into TEAM4_202104F.DCLZ_VCATN (VCATN_NO,VCATN_CODE,EMPNO,TOT_VCATN_DAYCNT,USE_VCATN_DAYCNT,EMPNM,SANCTN_NO) values ('dvac5','VCDE27',2104003,15,1,'안병준','scno1002');
Insert into TEAM4_202104F.DCLZ_VCATN (VCATN_NO,VCATN_CODE,EMPNO,TOT_VCATN_DAYCNT,USE_VCATN_DAYCNT,EMPNM,SANCTN_NO) values ('dvac7','VCDE27',2104003,15,1,'안병준','scno1003');
Insert into TEAM4_202104F.DCLZ_VCATN (VCATN_NO,VCATN_CODE,EMPNO,TOT_VCATN_DAYCNT,USE_VCATN_DAYCNT,EMPNM,SANCTN_NO) values ('dvac8','VCDE24',2104003,15,0.5,'안병준','scno1007');
Insert into TEAM4_202104F.DCLZ_VCATN (VCATN_NO,VCATN_CODE,EMPNO,TOT_VCATN_DAYCNT,USE_VCATN_DAYCNT,EMPNM,SANCTN_NO) values ('dvac9','VCDE24',2104003,15,0.5,'안병준','scno1009');
Insert into TEAM4_202104F.DCLZ_VCATN (VCATN_NO,VCATN_CODE,EMPNO,TOT_VCATN_DAYCNT,USE_VCATN_DAYCNT,EMPNM,SANCTN_NO) values ('dvac10','VCDE24',2104003,15,0.5,'안병준','scno10010');
Insert into TEAM4_202104F.DCLZ_VCATN (VCATN_NO,VCATN_CODE,EMPNO,TOT_VCATN_DAYCNT,USE_VCATN_DAYCNT,EMPNM,SANCTN_NO) values ('dvac35','VCDE27',1,15,9,'성윤모','scno245');
Insert into TEAM4_202104F.DCLZ_VCATN (VCATN_NO,VCATN_CODE,EMPNO,TOT_VCATN_DAYCNT,USE_VCATN_DAYCNT,EMPNM,SANCTN_NO) values ('dvac43','VCDE27',2104006,15,2,'정재헌','scno275');
Insert into TEAM4_202104F.DCLZ_VCATN (VCATN_NO,VCATN_CODE,EMPNO,TOT_VCATN_DAYCNT,USE_VCATN_DAYCNT,EMPNM,SANCTN_NO) values ('dvac63','VCDE27',2104006,15,2,'정재헌','scno289');
Insert into TEAM4_202104F.DCLZ_VCATN (VCATN_NO,VCATN_CODE,EMPNO,TOT_VCATN_DAYCNT,USE_VCATN_DAYCNT,EMPNM,SANCTN_NO) values ('dvac3','VCDE27',3214,15,1,'윤진명','scno126999');
Insert into TEAM4_202104F.DCLZ_VCATN (VCATN_NO,VCATN_CODE,EMPNO,TOT_VCATN_DAYCNT,USE_VCATN_DAYCNT,EMPNM,SANCTN_NO) values ('dvac42','VCDE27',2104006,15,3,'정재헌','scno272');
Insert into TEAM4_202104F.DCLZ_VCATN (VCATN_NO,VCATN_CODE,EMPNO,TOT_VCATN_DAYCNT,USE_VCATN_DAYCNT,EMPNM,SANCTN_NO) values ('dvac62','VCDE27',2104006,15,2,'정재헌','scno285');
REM INSERTING into TEAM4_202104F.DCLZ_VCATN_CODE
SET DEFINE OFF;
Insert into TEAM4_202104F.DCLZ_VCATN_CODE (VCATN_CODE,VCATN_NM,VCATN_DAYCNT) values ('VCDE1','0년차',11);
Insert into TEAM4_202104F.DCLZ_VCATN_CODE (VCATN_CODE,VCATN_NM,VCATN_DAYCNT) values ('VCDE2','1년차',15);
Insert into TEAM4_202104F.DCLZ_VCATN_CODE (VCATN_CODE,VCATN_NM,VCATN_DAYCNT) values ('VCDE3','2년차',15);
Insert into TEAM4_202104F.DCLZ_VCATN_CODE (VCATN_CODE,VCATN_NM,VCATN_DAYCNT) values ('VCDE4','3년차',16);
Insert into TEAM4_202104F.DCLZ_VCATN_CODE (VCATN_CODE,VCATN_NM,VCATN_DAYCNT) values ('VCDE5','4년차',16);
Insert into TEAM4_202104F.DCLZ_VCATN_CODE (VCATN_CODE,VCATN_NM,VCATN_DAYCNT) values ('VCDE6','5년차',17);
Insert into TEAM4_202104F.DCLZ_VCATN_CODE (VCATN_CODE,VCATN_NM,VCATN_DAYCNT) values ('VCDE7','6년차',17);
Insert into TEAM4_202104F.DCLZ_VCATN_CODE (VCATN_CODE,VCATN_NM,VCATN_DAYCNT) values ('VCDE8','7년차',18);
Insert into TEAM4_202104F.DCLZ_VCATN_CODE (VCATN_CODE,VCATN_NM,VCATN_DAYCNT) values ('VCDE9','8년차',18);
Insert into TEAM4_202104F.DCLZ_VCATN_CODE (VCATN_CODE,VCATN_NM,VCATN_DAYCNT) values ('VCDE10','9년차',19);
Insert into TEAM4_202104F.DCLZ_VCATN_CODE (VCATN_CODE,VCATN_NM,VCATN_DAYCNT) values ('VCDE11','10년차',19);
Insert into TEAM4_202104F.DCLZ_VCATN_CODE (VCATN_CODE,VCATN_NM,VCATN_DAYCNT) values ('VCDE12','11년차',20);
Insert into TEAM4_202104F.DCLZ_VCATN_CODE (VCATN_CODE,VCATN_NM,VCATN_DAYCNT) values ('VCDE13','12년차',20);
Insert into TEAM4_202104F.DCLZ_VCATN_CODE (VCATN_CODE,VCATN_NM,VCATN_DAYCNT) values ('VCDE14','13년차',21);
Insert into TEAM4_202104F.DCLZ_VCATN_CODE (VCATN_CODE,VCATN_NM,VCATN_DAYCNT) values ('VCDE15','14년차',21);
Insert into TEAM4_202104F.DCLZ_VCATN_CODE (VCATN_CODE,VCATN_NM,VCATN_DAYCNT) values ('VCDE16','15년차',22);
Insert into TEAM4_202104F.DCLZ_VCATN_CODE (VCATN_CODE,VCATN_NM,VCATN_DAYCNT) values ('VCDE17','16년차',22);
Insert into TEAM4_202104F.DCLZ_VCATN_CODE (VCATN_CODE,VCATN_NM,VCATN_DAYCNT) values ('VCDE18','17년차',23);
Insert into TEAM4_202104F.DCLZ_VCATN_CODE (VCATN_CODE,VCATN_NM,VCATN_DAYCNT) values ('VCDE19','18년차',23);
Insert into TEAM4_202104F.DCLZ_VCATN_CODE (VCATN_CODE,VCATN_NM,VCATN_DAYCNT) values ('VCDE20','19년차',24);
Insert into TEAM4_202104F.DCLZ_VCATN_CODE (VCATN_CODE,VCATN_NM,VCATN_DAYCNT) values ('VCDE21','20년차',24);
Insert into TEAM4_202104F.DCLZ_VCATN_CODE (VCATN_CODE,VCATN_NM,VCATN_DAYCNT) values ('VCDE22','21년차이상',25);
Insert into TEAM4_202104F.DCLZ_VCATN_CODE (VCATN_CODE,VCATN_NM,VCATN_DAYCNT) values ('VCDE23','오전반차',0.5);
Insert into TEAM4_202104F.DCLZ_VCATN_CODE (VCATN_CODE,VCATN_NM,VCATN_DAYCNT) values ('VCDE24','오후반차',0.5);
Insert into TEAM4_202104F.DCLZ_VCATN_CODE (VCATN_CODE,VCATN_NM,VCATN_DAYCNT) values ('VCDE25','병가',1);
Insert into TEAM4_202104F.DCLZ_VCATN_CODE (VCATN_CODE,VCATN_NM,VCATN_DAYCNT) values ('VCDE26','공가',1);
Insert into TEAM4_202104F.DCLZ_VCATN_CODE (VCATN_CODE,VCATN_NM,VCATN_DAYCNT) values ('VCDE27','연차',1);
REM INSERTING into TEAM4_202104F.ECCST_BKMK_FORM
SET DEFINE OFF;
REM INSERTING into TEAM4_202104F.ECCST_BKMK_SANCTN_LN
SET DEFINE OFF;
Insert into TEAM4_202104F.ECCST_BKMK_SANCTN_LN (BKMK_NO,RGSTR_EMPNO,FORM_NO,BKMK_SJ,BKMK_INFO) values ('LNBM34',123,'erf1','키안지','asd');
Insert into TEAM4_202104F.ECCST_BKMK_SANCTN_LN (BKMK_NO,RGSTR_EMPNO,FORM_NO,BKMK_SJ,BKMK_INFO) values ('LNBM23',123,'erf1','확인용','확인용');
Insert into TEAM4_202104F.ECCST_BKMK_SANCTN_LN (BKMK_NO,RGSTR_EMPNO,FORM_NO,BKMK_SJ,BKMK_INFO) values ('LNBM24',123,'erf1','이상하다','이상해');
Insert into TEAM4_202104F.ECCST_BKMK_SANCTN_LN (BKMK_NO,RGSTR_EMPNO,FORM_NO,BKMK_SJ,BKMK_INFO) values ('LNBM181',2104006,'erf5','이의신청저장','이의신청');
Insert into TEAM4_202104F.ECCST_BKMK_SANCTN_LN (BKMK_NO,RGSTR_EMPNO,FORM_NO,BKMK_SJ,BKMK_INFO) values ('LNBM33',123,'erf1','키안지','asd');
Insert into TEAM4_202104F.ECCST_BKMK_SANCTN_LN (BKMK_NO,RGSTR_EMPNO,FORM_NO,BKMK_SJ,BKMK_INFO) values ('LNBM121',2104006,'erf5','즐겨찾기1','겨래즐겨찾기');
Insert into TEAM4_202104F.ECCST_BKMK_SANCTN_LN (BKMK_NO,RGSTR_EMPNO,FORM_NO,BKMK_SJ,BKMK_INFO) values ('LNBM102',1,'erf1','결재즐겨찾기2','123');
Insert into TEAM4_202104F.ECCST_BKMK_SANCTN_LN (BKMK_NO,RGSTR_EMPNO,FORM_NO,BKMK_SJ,BKMK_INFO) values ('LNBM81',123,'erf1','ㅁㄴㅇㄹ','ㄴㅁㅇㄻㄴㅇㄹ');
Insert into TEAM4_202104F.ECCST_BKMK_SANCTN_LN (BKMK_NO,RGSTR_EMPNO,FORM_NO,BKMK_SJ,BKMK_INFO) values ('LNBM141',123,'erf5','내결재선1','결재선123');
Insert into TEAM4_202104F.ECCST_BKMK_SANCTN_LN (BKMK_NO,RGSTR_EMPNO,FORM_NO,BKMK_SJ,BKMK_INFO) values ('LNBM142',123,'erf5','내결재선2','123
');
Insert into TEAM4_202104F.ECCST_BKMK_SANCTN_LN (BKMK_NO,RGSTR_EMPNO,FORM_NO,BKMK_SJ,BKMK_INFO) values ('LNBM161',2104006,'erf4','내즐겨찾기','즐찾');
Insert into TEAM4_202104F.ECCST_BKMK_SANCTN_LN (BKMK_NO,RGSTR_EMPNO,FORM_NO,BKMK_SJ,BKMK_INFO) values ('LNBM182',2104006,'erf5','내 즐겨찾기1','즐겨찾기');
Insert into TEAM4_202104F.ECCST_BKMK_SANCTN_LN (BKMK_NO,RGSTR_EMPNO,FORM_NO,BKMK_SJ,BKMK_INFO) values ('LNBM202',2104006,'erf5','내즐겨찾기목록','내즐겨찾기목록');
Insert into TEAM4_202104F.ECCST_BKMK_SANCTN_LN (BKMK_NO,RGSTR_EMPNO,FORM_NO,BKMK_SJ,BKMK_INFO) values ('LNBM201',2104006,'erf5','내 즐겨찾기 5','즐겨찾기10');
Insert into TEAM4_202104F.ECCST_BKMK_SANCTN_LN (BKMK_NO,RGSTR_EMPNO,FORM_NO,BKMK_SJ,BKMK_INFO) values ('LNBM38',123,'erf1','김김임홍','1234');
Insert into TEAM4_202104F.ECCST_BKMK_SANCTN_LN (BKMK_NO,RGSTR_EMPNO,FORM_NO,BKMK_SJ,BKMK_INFO) values ('LNBM41',123,'erf1','키안지','키안지');
Insert into TEAM4_202104F.ECCST_BKMK_SANCTN_LN (BKMK_NO,RGSTR_EMPNO,FORM_NO,BKMK_SJ,BKMK_INFO) values ('LNBM101',1,'erf5','결재즐겨찾기1','내가좋아하는결재선');
Insert into TEAM4_202104F.ECCST_BKMK_SANCTN_LN (BKMK_NO,RGSTR_EMPNO,FORM_NO,BKMK_SJ,BKMK_INFO) values ('LNBM61',123,'erf1','테스트1111','1234');
Insert into TEAM4_202104F.ECCST_BKMK_SANCTN_LN (BKMK_NO,RGSTR_EMPNO,FORM_NO,BKMK_SJ,BKMK_INFO) values ('LNBM13',123,'erf1','테스트','테스트되라');
Insert into TEAM4_202104F.ECCST_BKMK_SANCTN_LN (BKMK_NO,RGSTR_EMPNO,FORM_NO,BKMK_SJ,BKMK_INFO) values ('LNBM15',123,'erf1','테스트2','테테테스스스트트트');
Insert into TEAM4_202104F.ECCST_BKMK_SANCTN_LN (BKMK_NO,RGSTR_EMPNO,FORM_NO,BKMK_SJ,BKMK_INFO) values ('LNBM162',2104006,'erf4','결재즐겨찾기2','즐찾');
Insert into TEAM4_202104F.ECCST_BKMK_SANCTN_LN (BKMK_NO,RGSTR_EMPNO,FORM_NO,BKMK_SJ,BKMK_INFO) values ('LNBM163',2104006,'erf1','이의신청즐겨찾기','이의신청 즐겨찾기');
Insert into TEAM4_202104F.ECCST_BKMK_SANCTN_LN (BKMK_NO,RGSTR_EMPNO,FORM_NO,BKMK_SJ,BKMK_INFO) values ('LNBM164',2104006,'erf4','품의즐겨찾기','회장님들');
Insert into TEAM4_202104F.ECCST_BKMK_SANCTN_LN (BKMK_NO,RGSTR_EMPNO,FORM_NO,BKMK_SJ,BKMK_INFO) values ('LNBM203',2104006,'erf5','즐겨찾기1','즐겨찾기');
REM INSERTING into TEAM4_202104F.ECCST_BKMK_SANCTN_LN_DTLS
SET DEFINE OFF;
Insert into TEAM4_202104F.ECCST_BKMK_SANCTN_LN_DTLS (DTLS_NO,BKMK_NO,SAVED_EMPNO,LN_NO,FORM_NO) values ('LNDT223','LNBM181',2104003,1,'erf5');
Insert into TEAM4_202104F.ECCST_BKMK_SANCTN_LN_DTLS (DTLS_NO,BKMK_NO,SAVED_EMPNO,LN_NO,FORM_NO) values ('LNDT74','LNBM34',8987,1,'erf1');
Insert into TEAM4_202104F.ECCST_BKMK_SANCTN_LN_DTLS (DTLS_NO,BKMK_NO,SAVED_EMPNO,LN_NO,FORM_NO) values ('LNDT75','LNBM34',1515,0,'erf1');
Insert into TEAM4_202104F.ECCST_BKMK_SANCTN_LN_DTLS (DTLS_NO,BKMK_NO,SAVED_EMPNO,LN_NO,FORM_NO) values ('LNDT161','LNBM121',3,3,'erf5');
Insert into TEAM4_202104F.ECCST_BKMK_SANCTN_LN_DTLS (DTLS_NO,BKMK_NO,SAVED_EMPNO,LN_NO,FORM_NO) values ('LNDT162','LNBM121',2,2,'erf5');
Insert into TEAM4_202104F.ECCST_BKMK_SANCTN_LN_DTLS (DTLS_NO,BKMK_NO,SAVED_EMPNO,LN_NO,FORM_NO) values ('LNDT163','LNBM121',2104003,1,'erf5');
Insert into TEAM4_202104F.ECCST_BKMK_SANCTN_LN_DTLS (DTLS_NO,BKMK_NO,SAVED_EMPNO,LN_NO,FORM_NO) values ('LNDT221','LNBM181',321,3,'erf5');
Insert into TEAM4_202104F.ECCST_BKMK_SANCTN_LN_DTLS (DTLS_NO,BKMK_NO,SAVED_EMPNO,LN_NO,FORM_NO) values ('LNDT222','LNBM181',3,2,'erf5');
Insert into TEAM4_202104F.ECCST_BKMK_SANCTN_LN_DTLS (DTLS_NO,BKMK_NO,SAVED_EMPNO,LN_NO,FORM_NO) values ('LNDT33','LNBM23',1515,1,'erf1');
Insert into TEAM4_202104F.ECCST_BKMK_SANCTN_LN_DTLS (DTLS_NO,BKMK_NO,SAVED_EMPNO,LN_NO,FORM_NO) values ('LNDT34','LNBM23',8987,2,'erf1');
Insert into TEAM4_202104F.ECCST_BKMK_SANCTN_LN_DTLS (DTLS_NO,BKMK_NO,SAVED_EMPNO,LN_NO,FORM_NO) values ('LNDT35','LNBM23',2,3,'erf1');
Insert into TEAM4_202104F.ECCST_BKMK_SANCTN_LN_DTLS (DTLS_NO,BKMK_NO,SAVED_EMPNO,LN_NO,FORM_NO) values ('LNDT36','LNBM23',1459012,4,'erf1');
Insert into TEAM4_202104F.ECCST_BKMK_SANCTN_LN_DTLS (DTLS_NO,BKMK_NO,SAVED_EMPNO,LN_NO,FORM_NO) values ('LNDT37','LNBM24',12345,1,'erf1');
Insert into TEAM4_202104F.ECCST_BKMK_SANCTN_LN_DTLS (DTLS_NO,BKMK_NO,SAVED_EMPNO,LN_NO,FORM_NO) values ('LNDT38','LNBM24',44,2,'erf1');
Insert into TEAM4_202104F.ECCST_BKMK_SANCTN_LN_DTLS (DTLS_NO,BKMK_NO,SAVED_EMPNO,LN_NO,FORM_NO) values ('LNDT72','LNBM33',2,2,'erf1');
Insert into TEAM4_202104F.ECCST_BKMK_SANCTN_LN_DTLS (DTLS_NO,BKMK_NO,SAVED_EMPNO,LN_NO,FORM_NO) values ('LNDT73','LNBM34',2,2,'erf1');
Insert into TEAM4_202104F.ECCST_BKMK_SANCTN_LN_DTLS (DTLS_NO,BKMK_NO,SAVED_EMPNO,LN_NO,FORM_NO) values ('LNDT122','LNBM81',8987,2,'erf1');
Insert into TEAM4_202104F.ECCST_BKMK_SANCTN_LN_DTLS (DTLS_NO,BKMK_NO,SAVED_EMPNO,LN_NO,FORM_NO) values ('LNDT123','LNBM81',1515,1,'erf1');
Insert into TEAM4_202104F.ECCST_BKMK_SANCTN_LN_DTLS (DTLS_NO,BKMK_NO,SAVED_EMPNO,LN_NO,FORM_NO) values ('LNDT145','LNBM102',8987,3,'erf1');
Insert into TEAM4_202104F.ECCST_BKMK_SANCTN_LN_DTLS (DTLS_NO,BKMK_NO,SAVED_EMPNO,LN_NO,FORM_NO) values ('LNDT146','LNBM102',2,2,'erf1');
Insert into TEAM4_202104F.ECCST_BKMK_SANCTN_LN_DTLS (DTLS_NO,BKMK_NO,SAVED_EMPNO,LN_NO,FORM_NO) values ('LNDT147','LNBM102',2104005,1,'erf1');
Insert into TEAM4_202104F.ECCST_BKMK_SANCTN_LN_DTLS (DTLS_NO,BKMK_NO,SAVED_EMPNO,LN_NO,FORM_NO) values ('LNDT121','LNBM81',2,3,'erf1');
Insert into TEAM4_202104F.ECCST_BKMK_SANCTN_LN_DTLS (DTLS_NO,BKMK_NO,SAVED_EMPNO,LN_NO,FORM_NO) values ('LNDT181','LNBM141',8987,3,'erf5');
Insert into TEAM4_202104F.ECCST_BKMK_SANCTN_LN_DTLS (DTLS_NO,BKMK_NO,SAVED_EMPNO,LN_NO,FORM_NO) values ('LNDT182','LNBM141',2104005,2,'erf5');
Insert into TEAM4_202104F.ECCST_BKMK_SANCTN_LN_DTLS (DTLS_NO,BKMK_NO,SAVED_EMPNO,LN_NO,FORM_NO) values ('LNDT183','LNBM141',2,1,'erf5');
Insert into TEAM4_202104F.ECCST_BKMK_SANCTN_LN_DTLS (DTLS_NO,BKMK_NO,SAVED_EMPNO,LN_NO,FORM_NO) values ('LNDT184','LNBM142',1515,4,'erf5');
Insert into TEAM4_202104F.ECCST_BKMK_SANCTN_LN_DTLS (DTLS_NO,BKMK_NO,SAVED_EMPNO,LN_NO,FORM_NO) values ('LNDT185','LNBM142',8987,3,'erf5');
Insert into TEAM4_202104F.ECCST_BKMK_SANCTN_LN_DTLS (DTLS_NO,BKMK_NO,SAVED_EMPNO,LN_NO,FORM_NO) values ('LNDT186','LNBM142',2104005,2,'erf5');
Insert into TEAM4_202104F.ECCST_BKMK_SANCTN_LN_DTLS (DTLS_NO,BKMK_NO,SAVED_EMPNO,LN_NO,FORM_NO) values ('LNDT187','LNBM142',2,1,'erf5');
Insert into TEAM4_202104F.ECCST_BKMK_SANCTN_LN_DTLS (DTLS_NO,BKMK_NO,SAVED_EMPNO,LN_NO,FORM_NO) values ('LNDT201','LNBM161',2,4,'erf4');
Insert into TEAM4_202104F.ECCST_BKMK_SANCTN_LN_DTLS (DTLS_NO,BKMK_NO,SAVED_EMPNO,LN_NO,FORM_NO) values ('LNDT202','LNBM161',2104003,3,'erf4');
Insert into TEAM4_202104F.ECCST_BKMK_SANCTN_LN_DTLS (DTLS_NO,BKMK_NO,SAVED_EMPNO,LN_NO,FORM_NO) values ('LNDT203','LNBM161',3,2,'erf4');
Insert into TEAM4_202104F.ECCST_BKMK_SANCTN_LN_DTLS (DTLS_NO,BKMK_NO,SAVED_EMPNO,LN_NO,FORM_NO) values ('LNDT204','LNBM161',3214,1,'erf4');
Insert into TEAM4_202104F.ECCST_BKMK_SANCTN_LN_DTLS (DTLS_NO,BKMK_NO,SAVED_EMPNO,LN_NO,FORM_NO) values ('LNDT224','LNBM182',321,3,'erf5');
Insert into TEAM4_202104F.ECCST_BKMK_SANCTN_LN_DTLS (DTLS_NO,BKMK_NO,SAVED_EMPNO,LN_NO,FORM_NO) values ('LNDT225','LNBM182',2,2,'erf5');
Insert into TEAM4_202104F.ECCST_BKMK_SANCTN_LN_DTLS (DTLS_NO,BKMK_NO,SAVED_EMPNO,LN_NO,FORM_NO) values ('LNDT226','LNBM182',2104003,1,'erf5');
Insert into TEAM4_202104F.ECCST_BKMK_SANCTN_LN_DTLS (DTLS_NO,BKMK_NO,SAVED_EMPNO,LN_NO,FORM_NO) values ('LNDT245','LNBM202',3214,3,'erf5');
Insert into TEAM4_202104F.ECCST_BKMK_SANCTN_LN_DTLS (DTLS_NO,BKMK_NO,SAVED_EMPNO,LN_NO,FORM_NO) values ('LNDT246','LNBM202',321,2,'erf5');
Insert into TEAM4_202104F.ECCST_BKMK_SANCTN_LN_DTLS (DTLS_NO,BKMK_NO,SAVED_EMPNO,LN_NO,FORM_NO) values ('LNDT247','LNBM202',2,1,'erf5');
Insert into TEAM4_202104F.ECCST_BKMK_SANCTN_LN_DTLS (DTLS_NO,BKMK_NO,SAVED_EMPNO,LN_NO,FORM_NO) values ('LNDT241','LNBM201',2104003,4,'erf5');
Insert into TEAM4_202104F.ECCST_BKMK_SANCTN_LN_DTLS (DTLS_NO,BKMK_NO,SAVED_EMPNO,LN_NO,FORM_NO) values ('LNDT242','LNBM201',8987,3,'erf5');
Insert into TEAM4_202104F.ECCST_BKMK_SANCTN_LN_DTLS (DTLS_NO,BKMK_NO,SAVED_EMPNO,LN_NO,FORM_NO) values ('LNDT243','LNBM201',2104005,2,'erf5');
Insert into TEAM4_202104F.ECCST_BKMK_SANCTN_LN_DTLS (DTLS_NO,BKMK_NO,SAVED_EMPNO,LN_NO,FORM_NO) values ('LNDT244','LNBM201',1515,1,'erf5');
Insert into TEAM4_202104F.ECCST_BKMK_SANCTN_LN_DTLS (DTLS_NO,BKMK_NO,SAVED_EMPNO,LN_NO,FORM_NO) values ('LNDT87','LNBM38',3,4,'erf1');
Insert into TEAM4_202104F.ECCST_BKMK_SANCTN_LN_DTLS (DTLS_NO,BKMK_NO,SAVED_EMPNO,LN_NO,FORM_NO) values ('LNDT88','LNBM38',54123,3,'erf1');
Insert into TEAM4_202104F.ECCST_BKMK_SANCTN_LN_DTLS (DTLS_NO,BKMK_NO,SAVED_EMPNO,LN_NO,FORM_NO) values ('LNDT89','LNBM38',8,2,'erf1');
Insert into TEAM4_202104F.ECCST_BKMK_SANCTN_LN_DTLS (DTLS_NO,BKMK_NO,SAVED_EMPNO,LN_NO,FORM_NO) values ('LNDT90','LNBM38',1459012,1,'erf1');
Insert into TEAM4_202104F.ECCST_BKMK_SANCTN_LN_DTLS (DTLS_NO,BKMK_NO,SAVED_EMPNO,LN_NO,FORM_NO) values ('LNDT101','LNBM41',2,3,'erf1');
Insert into TEAM4_202104F.ECCST_BKMK_SANCTN_LN_DTLS (DTLS_NO,BKMK_NO,SAVED_EMPNO,LN_NO,FORM_NO) values ('LNDT102','LNBM41',8987,2,'erf1');
Insert into TEAM4_202104F.ECCST_BKMK_SANCTN_LN_DTLS (DTLS_NO,BKMK_NO,SAVED_EMPNO,LN_NO,FORM_NO) values ('LNDT103','LNBM41',1515,1,'erf1');
Insert into TEAM4_202104F.ECCST_BKMK_SANCTN_LN_DTLS (DTLS_NO,BKMK_NO,SAVED_EMPNO,LN_NO,FORM_NO) values ('LNDT141','LNBM101',8987,4,'erf5');
Insert into TEAM4_202104F.ECCST_BKMK_SANCTN_LN_DTLS (DTLS_NO,BKMK_NO,SAVED_EMPNO,LN_NO,FORM_NO) values ('LNDT142','LNBM101',2104002,3,'erf5');
Insert into TEAM4_202104F.ECCST_BKMK_SANCTN_LN_DTLS (DTLS_NO,BKMK_NO,SAVED_EMPNO,LN_NO,FORM_NO) values ('LNDT143','LNBM101',3214,2,'erf5');
Insert into TEAM4_202104F.ECCST_BKMK_SANCTN_LN_DTLS (DTLS_NO,BKMK_NO,SAVED_EMPNO,LN_NO,FORM_NO) values ('LNDT144','LNBM101',2,1,'erf5');
Insert into TEAM4_202104F.ECCST_BKMK_SANCTN_LN_DTLS (DTLS_NO,BKMK_NO,SAVED_EMPNO,LN_NO,FORM_NO) values ('LNDT5','LNBM15',2,1,null);
Insert into TEAM4_202104F.ECCST_BKMK_SANCTN_LN_DTLS (DTLS_NO,BKMK_NO,SAVED_EMPNO,LN_NO,FORM_NO) values ('LNDT6','LNBM15',8987,2,null);
Insert into TEAM4_202104F.ECCST_BKMK_SANCTN_LN_DTLS (DTLS_NO,BKMK_NO,SAVED_EMPNO,LN_NO,FORM_NO) values ('LNDT3','LNBM13',2,1,null);
Insert into TEAM4_202104F.ECCST_BKMK_SANCTN_LN_DTLS (DTLS_NO,BKMK_NO,SAVED_EMPNO,LN_NO,FORM_NO) values ('LNDT4','LNBM13',8987,2,null);
Insert into TEAM4_202104F.ECCST_BKMK_SANCTN_LN_DTLS (DTLS_NO,BKMK_NO,SAVED_EMPNO,LN_NO,FORM_NO) values ('LNDT104','LNBM61',2,3,'erf1');
Insert into TEAM4_202104F.ECCST_BKMK_SANCTN_LN_DTLS (DTLS_NO,BKMK_NO,SAVED_EMPNO,LN_NO,FORM_NO) values ('LNDT105','LNBM61',1515,2,'erf1');
Insert into TEAM4_202104F.ECCST_BKMK_SANCTN_LN_DTLS (DTLS_NO,BKMK_NO,SAVED_EMPNO,LN_NO,FORM_NO) values ('LNDT106','LNBM61',8987,1,'erf1');
Insert into TEAM4_202104F.ECCST_BKMK_SANCTN_LN_DTLS (DTLS_NO,BKMK_NO,SAVED_EMPNO,LN_NO,FORM_NO) values ('LNDT205','LNBM162',2104003,2,'erf4');
Insert into TEAM4_202104F.ECCST_BKMK_SANCTN_LN_DTLS (DTLS_NO,BKMK_NO,SAVED_EMPNO,LN_NO,FORM_NO) values ('LNDT206','LNBM162',3,1,'erf4');
Insert into TEAM4_202104F.ECCST_BKMK_SANCTN_LN_DTLS (DTLS_NO,BKMK_NO,SAVED_EMPNO,LN_NO,FORM_NO) values ('LNDT207','LNBM163',2104003,2,'erf1');
Insert into TEAM4_202104F.ECCST_BKMK_SANCTN_LN_DTLS (DTLS_NO,BKMK_NO,SAVED_EMPNO,LN_NO,FORM_NO) values ('LNDT208','LNBM163',321,1,'erf1');
Insert into TEAM4_202104F.ECCST_BKMK_SANCTN_LN_DTLS (DTLS_NO,BKMK_NO,SAVED_EMPNO,LN_NO,FORM_NO) values ('LNDT209','LNBM164',8987,4,'erf4');
Insert into TEAM4_202104F.ECCST_BKMK_SANCTN_LN_DTLS (DTLS_NO,BKMK_NO,SAVED_EMPNO,LN_NO,FORM_NO) values ('LNDT210','LNBM164',1515,3,'erf4');
Insert into TEAM4_202104F.ECCST_BKMK_SANCTN_LN_DTLS (DTLS_NO,BKMK_NO,SAVED_EMPNO,LN_NO,FORM_NO) values ('LNDT211','LNBM164',2104005,2,'erf4');
Insert into TEAM4_202104F.ECCST_BKMK_SANCTN_LN_DTLS (DTLS_NO,BKMK_NO,SAVED_EMPNO,LN_NO,FORM_NO) values ('LNDT212','LNBM164',2,1,'erf4');
Insert into TEAM4_202104F.ECCST_BKMK_SANCTN_LN_DTLS (DTLS_NO,BKMK_NO,SAVED_EMPNO,LN_NO,FORM_NO) values ('LNDT248','LNBM203',3,3,'erf5');
Insert into TEAM4_202104F.ECCST_BKMK_SANCTN_LN_DTLS (DTLS_NO,BKMK_NO,SAVED_EMPNO,LN_NO,FORM_NO) values ('LNDT249','LNBM203',2104003,2,'erf5');
Insert into TEAM4_202104F.ECCST_BKMK_SANCTN_LN_DTLS (DTLS_NO,BKMK_NO,SAVED_EMPNO,LN_NO,FORM_NO) values ('LNDT250','LNBM203',2,1,'erf5');
REM INSERTING into TEAM4_202104F.ECCST_DBX
SET DEFINE OFF;
Insert into TEAM4_202104F.ECCST_DBX (ECCDBX_NO,SANCTN_NO,EMPNO,REC_EMPNO) values ('207','scno123','2104006','2');
Insert into TEAM4_202104F.ECCST_DBX (ECCDBX_NO,SANCTN_NO,EMPNO,REC_EMPNO) values ('208','scno123','2104006','3');
Insert into TEAM4_202104F.ECCST_DBX (ECCDBX_NO,SANCTN_NO,EMPNO,REC_EMPNO) values ('209','scno124','2104006','2104004');
Insert into TEAM4_202104F.ECCST_DBX (ECCDBX_NO,SANCTN_NO,EMPNO,REC_EMPNO) values ('210','scno124','2104006','2');
Insert into TEAM4_202104F.ECCST_DBX (ECCDBX_NO,SANCTN_NO,EMPNO,REC_EMPNO) values ('205','scno123','2104006','8987');
Insert into TEAM4_202104F.ECCST_DBX (ECCDBX_NO,SANCTN_NO,EMPNO,REC_EMPNO) values ('206','scno123','2104006','2104003');
Insert into TEAM4_202104F.ECCST_DBX (ECCDBX_NO,SANCTN_NO,EMPNO,REC_EMPNO) values ('211','scno124','2104006','2104003');
Insert into TEAM4_202104F.ECCST_DBX (ECCDBX_NO,SANCTN_NO,EMPNO,REC_EMPNO) values ('339','scno182','123','8987');
Insert into TEAM4_202104F.ECCST_DBX (ECCDBX_NO,SANCTN_NO,EMPNO,REC_EMPNO) values ('340','scno128','123','8987');
Insert into TEAM4_202104F.ECCST_DBX (ECCDBX_NO,SANCTN_NO,EMPNO,REC_EMPNO) values ('341','scno128','123','2');
Insert into TEAM4_202104F.ECCST_DBX (ECCDBX_NO,SANCTN_NO,EMPNO,REC_EMPNO) values ('337','scno182','123','2104003');
Insert into TEAM4_202104F.ECCST_DBX (ECCDBX_NO,SANCTN_NO,EMPNO,REC_EMPNO) values ('338','scno182','123','2');
Insert into TEAM4_202104F.ECCST_DBX (ECCDBX_NO,SANCTN_NO,EMPNO,REC_EMPNO) values ('342','scno203','123','2');
Insert into TEAM4_202104F.ECCST_DBX (ECCDBX_NO,SANCTN_NO,EMPNO,REC_EMPNO) values ('432','scno241','2104006','1515');
Insert into TEAM4_202104F.ECCST_DBX (ECCDBX_NO,SANCTN_NO,EMPNO,REC_EMPNO) values ('424','scno234','2104006','1515');
Insert into TEAM4_202104F.ECCST_DBX (ECCDBX_NO,SANCTN_NO,EMPNO,REC_EMPNO) values ('431','scno240','2104006','1515');
Insert into TEAM4_202104F.ECCST_DBX (ECCDBX_NO,SANCTN_NO,EMPNO,REC_EMPNO) values ('433','scno242','2104006','1515');
Insert into TEAM4_202104F.ECCST_DBX (ECCDBX_NO,SANCTN_NO,EMPNO,REC_EMPNO) values ('463','scno270','2104006','2');
Insert into TEAM4_202104F.ECCST_DBX (ECCDBX_NO,SANCTN_NO,EMPNO,REC_EMPNO) values ('442','scno264','2104006','2104003');
Insert into TEAM4_202104F.ECCST_DBX (ECCDBX_NO,SANCTN_NO,EMPNO,REC_EMPNO) values ('443','scno265','2104006','2104005');
Insert into TEAM4_202104F.ECCST_DBX (ECCDBX_NO,SANCTN_NO,EMPNO,REC_EMPNO) values ('444','scno265','2104006','2104002');
Insert into TEAM4_202104F.ECCST_DBX (ECCDBX_NO,SANCTN_NO,EMPNO,REC_EMPNO) values ('445','scno265','2104006','321');
Insert into TEAM4_202104F.ECCST_DBX (ECCDBX_NO,SANCTN_NO,EMPNO,REC_EMPNO) values ('446','scno265','2104006','2104003');
Insert into TEAM4_202104F.ECCST_DBX (ECCDBX_NO,SANCTN_NO,EMPNO,REC_EMPNO) values ('28','scno55','123','1515');
Insert into TEAM4_202104F.ECCST_DBX (ECCDBX_NO,SANCTN_NO,EMPNO,REC_EMPNO) values ('29','scno55','123','8987');
Insert into TEAM4_202104F.ECCST_DBX (ECCDBX_NO,SANCTN_NO,EMPNO,REC_EMPNO) values ('30','scno55','123','2');
Insert into TEAM4_202104F.ECCST_DBX (ECCDBX_NO,SANCTN_NO,EMPNO,REC_EMPNO) values ('41','scno83','123','8987');
Insert into TEAM4_202104F.ECCST_DBX (ECCDBX_NO,SANCTN_NO,EMPNO,REC_EMPNO) values ('42','scno83','123','1515');
Insert into TEAM4_202104F.ECCST_DBX (ECCDBX_NO,SANCTN_NO,EMPNO,REC_EMPNO) values ('26','scno55','123','3214');
Insert into TEAM4_202104F.ECCST_DBX (ECCDBX_NO,SANCTN_NO,EMPNO,REC_EMPNO) values ('27','scno55','123','1459012');
Insert into TEAM4_202104F.ECCST_DBX (ECCDBX_NO,SANCTN_NO,EMPNO,REC_EMPNO) values ('43','scno83','123','2');
Insert into TEAM4_202104F.ECCST_DBX (ECCDBX_NO,SANCTN_NO,EMPNO,REC_EMPNO) values ('190','scno102','1','2');
Insert into TEAM4_202104F.ECCST_DBX (ECCDBX_NO,SANCTN_NO,EMPNO,REC_EMPNO) values ('188','scno102','1','1515');
Insert into TEAM4_202104F.ECCST_DBX (ECCDBX_NO,SANCTN_NO,EMPNO,REC_EMPNO) values ('191','scno102','1','8987');
Insert into TEAM4_202104F.ECCST_DBX (ECCDBX_NO,SANCTN_NO,EMPNO,REC_EMPNO) values ('245','scno126','123','1515');
Insert into TEAM4_202104F.ECCST_DBX (ECCDBX_NO,SANCTN_NO,EMPNO,REC_EMPNO) values ('189','scno102','1','2104005');
Insert into TEAM4_202104F.ECCST_DBX (ECCDBX_NO,SANCTN_NO,EMPNO,REC_EMPNO) values ('247','scno127','123','2');
Insert into TEAM4_202104F.ECCST_DBX (ECCDBX_NO,SANCTN_NO,EMPNO,REC_EMPNO) values ('231','scno87','123','8987');
Insert into TEAM4_202104F.ECCST_DBX (ECCDBX_NO,SANCTN_NO,EMPNO,REC_EMPNO) values ('232','scno87','123','3214');
Insert into TEAM4_202104F.ECCST_DBX (ECCDBX_NO,SANCTN_NO,EMPNO,REC_EMPNO) values ('246','scno126','123','2104005');
Insert into TEAM4_202104F.ECCST_DBX (ECCDBX_NO,SANCTN_NO,EMPNO,REC_EMPNO) values ('248','scno127','123','8987');
Insert into TEAM4_202104F.ECCST_DBX (ECCDBX_NO,SANCTN_NO,EMPNO,REC_EMPNO) values ('229','scno87','123','1515');
Insert into TEAM4_202104F.ECCST_DBX (ECCDBX_NO,SANCTN_NO,EMPNO,REC_EMPNO) values ('230','scno87','123','2');
Insert into TEAM4_202104F.ECCST_DBX (ECCDBX_NO,SANCTN_NO,EMPNO,REC_EMPNO) values ('364','scno222','123','2');
Insert into TEAM4_202104F.ECCST_DBX (ECCDBX_NO,SANCTN_NO,EMPNO,REC_EMPNO) values ('336','scno202','123','2');
Insert into TEAM4_202104F.ECCST_DBX (ECCDBX_NO,SANCTN_NO,EMPNO,REC_EMPNO) values ('261','scno161','123','2');
Insert into TEAM4_202104F.ECCST_DBX (ECCDBX_NO,SANCTN_NO,EMPNO,REC_EMPNO) values ('281','scno125','123','1515');
Insert into TEAM4_202104F.ECCST_DBX (ECCDBX_NO,SANCTN_NO,EMPNO,REC_EMPNO) values ('363','scno222','123','1515');
Insert into TEAM4_202104F.ECCST_DBX (ECCDBX_NO,SANCTN_NO,EMPNO,REC_EMPNO) values ('365','scno222','123','2104005');
Insert into TEAM4_202104F.ECCST_DBX (ECCDBX_NO,SANCTN_NO,EMPNO,REC_EMPNO) values ('430','scno239','2104006','1515');
Insert into TEAM4_202104F.ECCST_DBX (ECCDBX_NO,SANCTN_NO,EMPNO,REC_EMPNO) values ('425','scno235','2104006','1515');
Insert into TEAM4_202104F.ECCST_DBX (ECCDBX_NO,SANCTN_NO,EMPNO,REC_EMPNO) values ('429','scno238','2104006','1515');
Insert into TEAM4_202104F.ECCST_DBX (ECCDBX_NO,SANCTN_NO,EMPNO,REC_EMPNO) values ('434','scno243','2104006','1515');
Insert into TEAM4_202104F.ECCST_DBX (ECCDBX_NO,SANCTN_NO,EMPNO,REC_EMPNO) values ('450','scno267','2104006','8987');
Insert into TEAM4_202104F.ECCST_DBX (ECCDBX_NO,SANCTN_NO,EMPNO,REC_EMPNO) values ('451','scno267','2104006','321');
Insert into TEAM4_202104F.ECCST_DBX (ECCDBX_NO,SANCTN_NO,EMPNO,REC_EMPNO) values ('452','scno267','2104006','2104003');
Insert into TEAM4_202104F.ECCST_DBX (ECCDBX_NO,SANCTN_NO,EMPNO,REC_EMPNO) values ('468','scno274','2104006','1515');
Insert into TEAM4_202104F.ECCST_DBX (ECCDBX_NO,SANCTN_NO,EMPNO,REC_EMPNO) values ('495','scno287','1515','8987');
Insert into TEAM4_202104F.ECCST_DBX (ECCDBX_NO,SANCTN_NO,EMPNO,REC_EMPNO) values ('489','scno286','2104006','1515');
Insert into TEAM4_202104F.ECCST_DBX (ECCDBX_NO,SANCTN_NO,EMPNO,REC_EMPNO) values ('493','scno276','2104006','1515');
Insert into TEAM4_202104F.ECCST_DBX (ECCDBX_NO,SANCTN_NO,EMPNO,REC_EMPNO) values ('488','scno285','2104006','2104003');
Insert into TEAM4_202104F.ECCST_DBX (ECCDBX_NO,SANCTN_NO,EMPNO,REC_EMPNO) values ('490','scno286','2104006','321');
Insert into TEAM4_202104F.ECCST_DBX (ECCDBX_NO,SANCTN_NO,EMPNO,REC_EMPNO) values ('491','scno286','2104006','2104003');
Insert into TEAM4_202104F.ECCST_DBX (ECCDBX_NO,SANCTN_NO,EMPNO,REC_EMPNO) values ('492','scno284','2104006','1515');
Insert into TEAM4_202104F.ECCST_DBX (ECCDBX_NO,SANCTN_NO,EMPNO,REC_EMPNO) values ('494','scno287','1515','2104005');
Insert into TEAM4_202104F.ECCST_DBX (ECCDBX_NO,SANCTN_NO,EMPNO,REC_EMPNO) values ('496','scno287','1515','2104003');
Insert into TEAM4_202104F.ECCST_DBX (ECCDBX_NO,SANCTN_NO,EMPNO,REC_EMPNO) values ('44','scno85','123','3214');
Insert into TEAM4_202104F.ECCST_DBX (ECCDBX_NO,SANCTN_NO,EMPNO,REC_EMPNO) values ('45','scno85','123','1515');
Insert into TEAM4_202104F.ECCST_DBX (ECCDBX_NO,SANCTN_NO,EMPNO,REC_EMPNO) values ('46','scno85','123','8987');
Insert into TEAM4_202104F.ECCST_DBX (ECCDBX_NO,SANCTN_NO,EMPNO,REC_EMPNO) values ('47','scno85','123','2');
Insert into TEAM4_202104F.ECCST_DBX (ECCDBX_NO,SANCTN_NO,EMPNO,REC_EMPNO) values ('382','scno225','123','2');
Insert into TEAM4_202104F.ECCST_DBX (ECCDBX_NO,SANCTN_NO,EMPNO,REC_EMPNO) values ('383','scno225','123','1515');
Insert into TEAM4_202104F.ECCST_DBX (ECCDBX_NO,SANCTN_NO,EMPNO,REC_EMPNO) values ('384','scno226','2104006','2');
Insert into TEAM4_202104F.ECCST_DBX (ECCDBX_NO,SANCTN_NO,EMPNO,REC_EMPNO) values ('385','scno226','2104006','1515');
Insert into TEAM4_202104F.ECCST_DBX (ECCDBX_NO,SANCTN_NO,EMPNO,REC_EMPNO) values ('404','scno227','2104006','2104003');
Insert into TEAM4_202104F.ECCST_DBX (ECCDBX_NO,SANCTN_NO,EMPNO,REC_EMPNO) values ('405','scno227','2104006','2');
Insert into TEAM4_202104F.ECCST_DBX (ECCDBX_NO,SANCTN_NO,EMPNO,REC_EMPNO) values ('406','scno228','2104006','2104003');
Insert into TEAM4_202104F.ECCST_DBX (ECCDBX_NO,SANCTN_NO,EMPNO,REC_EMPNO) values ('381','scno225','123','2104005');
Insert into TEAM4_202104F.ECCST_DBX (ECCDBX_NO,SANCTN_NO,EMPNO,REC_EMPNO) values ('420','scno230','2104006','2104004');
Insert into TEAM4_202104F.ECCST_DBX (ECCDBX_NO,SANCTN_NO,EMPNO,REC_EMPNO) values ('402','scno227','2104006','3214');
Insert into TEAM4_202104F.ECCST_DBX (ECCDBX_NO,SANCTN_NO,EMPNO,REC_EMPNO) values ('403','scno227','2104006','3');
Insert into TEAM4_202104F.ECCST_DBX (ECCDBX_NO,SANCTN_NO,EMPNO,REC_EMPNO) values ('421','scno230','2104006','321');
Insert into TEAM4_202104F.ECCST_DBX (ECCDBX_NO,SANCTN_NO,EMPNO,REC_EMPNO) values ('422','scno230','2104006','2104003');
Insert into TEAM4_202104F.ECCST_DBX (ECCDBX_NO,SANCTN_NO,EMPNO,REC_EMPNO) values ('435','scno244','1','1515');
Insert into TEAM4_202104F.ECCST_DBX (ECCDBX_NO,SANCTN_NO,EMPNO,REC_EMPNO) values ('436','scno245','1','1515');
Insert into TEAM4_202104F.ECCST_DBX (ECCDBX_NO,SANCTN_NO,EMPNO,REC_EMPNO) values ('449','scno266','2104006','2104003');
Insert into TEAM4_202104F.ECCST_DBX (ECCDBX_NO,SANCTN_NO,EMPNO,REC_EMPNO) values ('483','scno283','2104006','2104002');
Insert into TEAM4_202104F.ECCST_DBX (ECCDBX_NO,SANCTN_NO,EMPNO,REC_EMPNO) values ('484','scno283','2104006','321');
Insert into TEAM4_202104F.ECCST_DBX (ECCDBX_NO,SANCTN_NO,EMPNO,REC_EMPNO) values ('485','scno283','2104006','2104003');
Insert into TEAM4_202104F.ECCST_DBX (ECCDBX_NO,SANCTN_NO,EMPNO,REC_EMPNO) values ('486','scno281','2104006','1515');
Insert into TEAM4_202104F.ECCST_DBX (ECCDBX_NO,SANCTN_NO,EMPNO,REC_EMPNO) values ('1','scno3','1','3');
Insert into TEAM4_202104F.ECCST_DBX (ECCDBX_NO,SANCTN_NO,EMPNO,REC_EMPNO) values ('2','scno3','1','2');
Insert into TEAM4_202104F.ECCST_DBX (ECCDBX_NO,SANCTN_NO,EMPNO,REC_EMPNO) values ('3','scno4','3','1');
Insert into TEAM4_202104F.ECCST_DBX (ECCDBX_NO,SANCTN_NO,EMPNO,REC_EMPNO) values ('4','scno4','3','2');
Insert into TEAM4_202104F.ECCST_DBX (ECCDBX_NO,SANCTN_NO,EMPNO,REC_EMPNO) values ('48','scno86','123','12345');
Insert into TEAM4_202104F.ECCST_DBX (ECCDBX_NO,SANCTN_NO,EMPNO,REC_EMPNO) values ('49','scno86','123','1515');
Insert into TEAM4_202104F.ECCST_DBX (ECCDBX_NO,SANCTN_NO,EMPNO,REC_EMPNO) values ('50','scno86','123','2');
Insert into TEAM4_202104F.ECCST_DBX (ECCDBX_NO,SANCTN_NO,EMPNO,REC_EMPNO) values ('51','scno86','123','1459012');
Insert into TEAM4_202104F.ECCST_DBX (ECCDBX_NO,SANCTN_NO,EMPNO,REC_EMPNO) values ('52','scno86','123','8');
Insert into TEAM4_202104F.ECCST_DBX (ECCDBX_NO,SANCTN_NO,EMPNO,REC_EMPNO) values ('380','scno224','123','2104005');
Insert into TEAM4_202104F.ECCST_DBX (ECCDBX_NO,SANCTN_NO,EMPNO,REC_EMPNO) values ('426','scno236','2104006','1515');
Insert into TEAM4_202104F.ECCST_DBX (ECCDBX_NO,SANCTN_NO,EMPNO,REC_EMPNO) values ('427','scno236','2104006','8987');
Insert into TEAM4_202104F.ECCST_DBX (ECCDBX_NO,SANCTN_NO,EMPNO,REC_EMPNO) values ('181','scno101','1','2104006');
Insert into TEAM4_202104F.ECCST_DBX (ECCDBX_NO,SANCTN_NO,EMPNO,REC_EMPNO) values ('182','scno101','1','1459012');
Insert into TEAM4_202104F.ECCST_DBX (ECCDBX_NO,SANCTN_NO,EMPNO,REC_EMPNO) values ('378','scno224','123','1515');
Insert into TEAM4_202104F.ECCST_DBX (ECCDBX_NO,SANCTN_NO,EMPNO,REC_EMPNO) values ('183','scno101','1','1234');
Insert into TEAM4_202104F.ECCST_DBX (ECCDBX_NO,SANCTN_NO,EMPNO,REC_EMPNO) values ('184','scno101','1','2');
Insert into TEAM4_202104F.ECCST_DBX (ECCDBX_NO,SANCTN_NO,EMPNO,REC_EMPNO) values ('185','scno101','1','8987');
Insert into TEAM4_202104F.ECCST_DBX (ECCDBX_NO,SANCTN_NO,EMPNO,REC_EMPNO) values ('186','scno101','1','3214');
Insert into TEAM4_202104F.ECCST_DBX (ECCDBX_NO,SANCTN_NO,EMPNO,REC_EMPNO) values ('187','scno101','1','2104002');
Insert into TEAM4_202104F.ECCST_DBX (ECCDBX_NO,SANCTN_NO,EMPNO,REC_EMPNO) values ('284','scno181','8','2104006');
Insert into TEAM4_202104F.ECCST_DBX (ECCDBX_NO,SANCTN_NO,EMPNO,REC_EMPNO) values ('379','scno224','123','2');
Insert into TEAM4_202104F.ECCST_DBX (ECCDBX_NO,SANCTN_NO,EMPNO,REC_EMPNO) values ('428','scno237','2104006','1515');
Insert into TEAM4_202104F.ECCST_DBX (ECCDBX_NO,SANCTN_NO,EMPNO,REC_EMPNO) values ('469','scno275','2104006','1515');
Insert into TEAM4_202104F.ECCST_DBX (ECCDBX_NO,SANCTN_NO,EMPNO,REC_EMPNO) values ('31','scno56','123','1515');
Insert into TEAM4_202104F.ECCST_DBX (ECCDBX_NO,SANCTN_NO,EMPNO,REC_EMPNO) values ('32','scno56','123','8987');
Insert into TEAM4_202104F.ECCST_DBX (ECCDBX_NO,SANCTN_NO,EMPNO,REC_EMPNO) values ('33','scno56','123','2');
Insert into TEAM4_202104F.ECCST_DBX (ECCDBX_NO,SANCTN_NO,EMPNO,REC_EMPNO) values ('361','scno221','123','2');
Insert into TEAM4_202104F.ECCST_DBX (ECCDBX_NO,SANCTN_NO,EMPNO,REC_EMPNO) values ('413','scno229','2104006','3');
Insert into TEAM4_202104F.ECCST_DBX (ECCDBX_NO,SANCTN_NO,EMPNO,REC_EMPNO) values ('72','scno88','123','8');
Insert into TEAM4_202104F.ECCST_DBX (ECCDBX_NO,SANCTN_NO,EMPNO,REC_EMPNO) values ('73','scno88','123','2');
Insert into TEAM4_202104F.ECCST_DBX (ECCDBX_NO,SANCTN_NO,EMPNO,REC_EMPNO) values ('414','scno229','2104006','2104003');
Insert into TEAM4_202104F.ECCST_DBX (ECCDBX_NO,SANCTN_NO,EMPNO,REC_EMPNO) values ('303','scno201','123','2104003');
Insert into TEAM4_202104F.ECCST_DBX (ECCDBX_NO,SANCTN_NO,EMPNO,REC_EMPNO) values ('304','scno201','123','2');
Insert into TEAM4_202104F.ECCST_DBX (ECCDBX_NO,SANCTN_NO,EMPNO,REC_EMPNO) values ('362','scno221','123','1515');
Insert into TEAM4_202104F.ECCST_DBX (ECCDBX_NO,SANCTN_NO,EMPNO,REC_EMPNO) values ('415','scno105','2104006','3');
Insert into TEAM4_202104F.ECCST_DBX (ECCDBX_NO,SANCTN_NO,EMPNO,REC_EMPNO) values ('416','scno105','2104006','2104003');
Insert into TEAM4_202104F.ECCST_DBX (ECCDBX_NO,SANCTN_NO,EMPNO,REC_EMPNO) values ('411','scno229','2104006','2104002');
Insert into TEAM4_202104F.ECCST_DBX (ECCDBX_NO,SANCTN_NO,EMPNO,REC_EMPNO) values ('412','scno229','2104006','123');
Insert into TEAM4_202104F.ECCST_DBX (ECCDBX_NO,SANCTN_NO,EMPNO,REC_EMPNO) values ('461','scno268','2104006','2');
Insert into TEAM4_202104F.ECCST_DBX (ECCDBX_NO,SANCTN_NO,EMPNO,REC_EMPNO) values ('464','scno271','2104006','321');
Insert into TEAM4_202104F.ECCST_DBX (ECCDBX_NO,SANCTN_NO,EMPNO,REC_EMPNO) values ('465','scno271','2104006','2104003');
Insert into TEAM4_202104F.ECCST_DBX (ECCDBX_NO,SANCTN_NO,EMPNO,REC_EMPNO) values ('447','scno263','2104006','2104003');
Insert into TEAM4_202104F.ECCST_DBX (ECCDBX_NO,SANCTN_NO,EMPNO,REC_EMPNO) values ('448','scno122','2104006','2104003');
Insert into TEAM4_202104F.ECCST_DBX (ECCDBX_NO,SANCTN_NO,EMPNO,REC_EMPNO) values ('466','scno272','2104006','2104003');
Insert into TEAM4_202104F.ECCST_DBX (ECCDBX_NO,SANCTN_NO,EMPNO,REC_EMPNO) values ('467','scno273','2104006','1515');
Insert into TEAM4_202104F.ECCST_DBX (ECCDBX_NO,SANCTN_NO,EMPNO,REC_EMPNO) values ('482','scno282','2104006','2104003');
Insert into TEAM4_202104F.ECCST_DBX (ECCDBX_NO,SANCTN_NO,EMPNO,REC_EMPNO) values ('498','scno289','2104006','2104003');
Insert into TEAM4_202104F.ECCST_DBX (ECCDBX_NO,SANCTN_NO,EMPNO,REC_EMPNO) values ('499','scno290','2104006','1515');
Insert into TEAM4_202104F.ECCST_DBX (ECCDBX_NO,SANCTN_NO,EMPNO,REC_EMPNO) values ('500','scno290','2104006','321');
Insert into TEAM4_202104F.ECCST_DBX (ECCDBX_NO,SANCTN_NO,EMPNO,REC_EMPNO) values ('501','scno290','2104006','2104003');
Insert into TEAM4_202104F.ECCST_DBX (ECCDBX_NO,SANCTN_NO,EMPNO,REC_EMPNO) values ('502','scno288','2104006','2104003');
Insert into TEAM4_202104F.ECCST_DBX (ECCDBX_NO,SANCTN_NO,EMPNO,REC_EMPNO) values ('503','scno269','2104006','2');
REM INSERTING into TEAM4_202104F.ECCST_ENVRN_SETUP
SET DEFINE OFF;
Insert into TEAM4_202104F.ECCST_ENVRN_SETUP (EMPNO,DRSC_SETUP,REPLC_SANCTNER_EMPNO) values (123,0,111);
Insert into TEAM4_202104F.ECCST_ENVRN_SETUP (EMPNO,DRSC_SETUP,REPLC_SANCTNER_EMPNO) values (2,1,8987);
Insert into TEAM4_202104F.ECCST_ENVRN_SETUP (EMPNO,DRSC_SETUP,REPLC_SANCTNER_EMPNO) values (2104003,1,3214);
Insert into TEAM4_202104F.ECCST_ENVRN_SETUP (EMPNO,DRSC_SETUP,REPLC_SANCTNER_EMPNO) values (1,1,111);
Insert into TEAM4_202104F.ECCST_ENVRN_SETUP (EMPNO,DRSC_SETUP,REPLC_SANCTNER_EMPNO) values (321,1,3);
REM INSERTING into TEAM4_202104F.ECCST_REGSTR_FORM
SET DEFINE OFF;
Insert into TEAM4_202104F.ECCST_REGSTR_FORM (FORM_NO,FORM_NM,SE,FILEATC_AT,SCRTY_GRAD,PRSRV_PD) values ('erf1','근태신청서','1','0','보통','5년');
Insert into TEAM4_202104F.ECCST_REGSTR_FORM (FORM_NO,FORM_NM,SE,FILEATC_AT,SCRTY_GRAD,PRSRV_PD) values ('erf4','일반품의서','2','0','보통','5년');
Insert into TEAM4_202104F.ECCST_REGSTR_FORM (FORM_NO,FORM_NM,SE,FILEATC_AT,SCRTY_GRAD,PRSRV_PD) values ('erf2','휴가신청서','1','1','보통','5년');
Insert into TEAM4_202104F.ECCST_REGSTR_FORM (FORM_NO,FORM_NM,SE,FILEATC_AT,SCRTY_GRAD,PRSRV_PD) values ('erf3','연장근무신청서','1','1','보통','5년');
Insert into TEAM4_202104F.ECCST_REGSTR_FORM (FORM_NO,FORM_NM,SE,FILEATC_AT,SCRTY_GRAD,PRSRV_PD) values ('erf5','이의신청서','100','1','보통','5년');
Insert into TEAM4_202104F.ECCST_REGSTR_FORM (FORM_NO,FORM_NM,SE,FILEATC_AT,SCRTY_GRAD,PRSRV_PD) values ('erf6','지출결의서','2','1','보통','5년');
Insert into TEAM4_202104F.ECCST_REGSTR_FORM (FORM_NO,FORM_NM,SE,FILEATC_AT,SCRTY_GRAD,PRSRV_PD) values ('erf7','지출품의서','2','0','보통','5년');
REM INSERTING into TEAM4_202104F.ECCST_SANCTNER
SET DEFINE OFF;
Insert into TEAM4_202104F.ECCST_SANCTNER (SANCTNER_NO,SANCTN_NO,SANCTNER_NM,SANCTNER_EMPNO,LN_NO,SANCTN_STTUS,LST_CONFIRM_AT,SANCTN_DATE,REPLACE_EMPNO,RESANC_AT) values ('sncn397','scno234','키티','1515',1,'L004','Y',to_date('2021/11/23','YYYY/MM/DD'),null,null);
Insert into TEAM4_202104F.ECCST_SANCTNER (SANCTNER_NO,SANCTN_NO,SANCTNER_NM,SANCTNER_EMPNO,LN_NO,SANCTN_STTUS,LST_CONFIRM_AT,SANCTN_DATE,REPLACE_EMPNO,RESANC_AT) values ('sncn404','scno240','키티','1515',1,'L004','Y',to_date('2021/11/23','YYYY/MM/DD'),null,null);
Insert into TEAM4_202104F.ECCST_SANCTNER (SANCTNER_NO,SANCTN_NO,SANCTNER_NM,SANCTNER_EMPNO,LN_NO,SANCTN_STTUS,LST_CONFIRM_AT,SANCTN_DATE,REPLACE_EMPNO,RESANC_AT) values ('sncn405','scno241','키티','1515',1,'L004','Y',to_date('2021/11/23','YYYY/MM/DD'),null,null);
Insert into TEAM4_202104F.ECCST_SANCTNER (SANCTNER_NO,SANCTN_NO,SANCTNER_NM,SANCTNER_EMPNO,LN_NO,SANCTN_STTUS,LST_CONFIRM_AT,SANCTN_DATE,REPLACE_EMPNO,RESANC_AT) values ('sncn406','scno242','키티','1515',1,'L004','Y',to_date('2021/11/23','YYYY/MM/DD'),null,null);
Insert into TEAM4_202104F.ECCST_SANCTNER (SANCTNER_NO,SANCTN_NO,SANCTNER_NM,SANCTNER_EMPNO,LN_NO,SANCTN_STTUS,LST_CONFIRM_AT,SANCTN_DATE,REPLACE_EMPNO,RESANC_AT) values ('sncn422','scno264','안병준','2104003',1,'L004','Y',to_date('2021/11/23','YYYY/MM/DD'),3214,null);
Insert into TEAM4_202104F.ECCST_SANCTNER (SANCTNER_NO,SANCTN_NO,SANCTNER_NM,SANCTNER_EMPNO,LN_NO,SANCTN_STTUS,LST_CONFIRM_AT,SANCTN_DATE,REPLACE_EMPNO,RESANC_AT) values ('sncn423','scno265','강시후','321',1,'L004','Y',to_date('2021/11/23','YYYY/MM/DD'),3,'Y');
Insert into TEAM4_202104F.ECCST_SANCTNER (SANCTNER_NO,SANCTN_NO,SANCTNER_NM,SANCTNER_EMPNO,LN_NO,SANCTN_STTUS,LST_CONFIRM_AT,SANCTN_DATE,REPLACE_EMPNO,RESANC_AT) values ('sncn424','scno265','안병준','2104003',2,'L004','Y',to_date('2021/11/23','YYYY/MM/DD'),3214,null);
Insert into TEAM4_202104F.ECCST_SANCTNER (SANCTNER_NO,SANCTN_NO,SANCTNER_NM,SANCTNER_EMPNO,LN_NO,SANCTN_STTUS,LST_CONFIRM_AT,SANCTN_DATE,REPLACE_EMPNO,RESANC_AT) values ('sncn443','scno270','지호진','2',1,'L001','N',null,8987,null);
Insert into TEAM4_202104F.ECCST_SANCTNER (SANCTNER_NO,SANCTN_NO,SANCTNER_NM,SANCTNER_EMPNO,LN_NO,SANCTN_STTUS,LST_CONFIRM_AT,SANCTN_DATE,REPLACE_EMPNO,RESANC_AT) values ('sncn345','scno222','장하늘','2104005',3,'L002','N',null,null,null);
Insert into TEAM4_202104F.ECCST_SANCTNER (SANCTNER_NO,SANCTN_NO,SANCTNER_NM,SANCTNER_EMPNO,LN_NO,SANCTN_STTUS,LST_CONFIRM_AT,SANCTN_DATE,REPLACE_EMPNO,RESANC_AT) values ('sncn402','scno238','키티','1515',1,'L004','Y',to_date('2021/11/23','YYYY/MM/DD'),null,null);
Insert into TEAM4_202104F.ECCST_SANCTNER (SANCTNER_NO,SANCTN_NO,SANCTNER_NM,SANCTNER_EMPNO,LN_NO,SANCTN_STTUS,LST_CONFIRM_AT,SANCTN_DATE,REPLACE_EMPNO,RESANC_AT) values ('sncn403','scno239','키티','1515',1,'L004','Y',to_date('2021/11/23','YYYY/MM/DD'),null,null);
Insert into TEAM4_202104F.ECCST_SANCTNER (SANCTNER_NO,SANCTN_NO,SANCTNER_NM,SANCTNER_EMPNO,LN_NO,SANCTN_STTUS,LST_CONFIRM_AT,SANCTN_DATE,REPLACE_EMPNO,RESANC_AT) values ('sncn407','scno243','키티','1515',1,'L004','Y',to_date('2021/11/23','YYYY/MM/DD'),null,null);
Insert into TEAM4_202104F.ECCST_SANCTNER (SANCTNER_NO,SANCTN_NO,SANCTNER_NM,SANCTNER_EMPNO,LN_NO,SANCTN_STTUS,LST_CONFIRM_AT,SANCTN_DATE,REPLACE_EMPNO,RESANC_AT) values ('sncn428','scno267','강시후','321',1,'L004','Y',to_date('2021/11/23','YYYY/MM/DD'),3,'Y');
Insert into TEAM4_202104F.ECCST_SANCTNER (SANCTNER_NO,SANCTN_NO,SANCTNER_NM,SANCTNER_EMPNO,LN_NO,SANCTN_STTUS,LST_CONFIRM_AT,SANCTN_DATE,REPLACE_EMPNO,RESANC_AT) values ('sncn398','scno235','키티','1515',1,'L004','Y',to_date('2021/11/23','YYYY/MM/DD'),null,null);
Insert into TEAM4_202104F.ECCST_SANCTNER (SANCTNER_NO,SANCTN_NO,SANCTNER_NM,SANCTNER_EMPNO,LN_NO,SANCTN_STTUS,LST_CONFIRM_AT,SANCTN_DATE,REPLACE_EMPNO,RESANC_AT) values ('sncn429','scno267','안병준','2104003',2,'L004','Y',to_date('2021/11/23','YYYY/MM/DD'),3214,null);
Insert into TEAM4_202104F.ECCST_SANCTNER (SANCTNER_NO,SANCTN_NO,SANCTNER_NM,SANCTNER_EMPNO,LN_NO,SANCTN_STTUS,LST_CONFIRM_AT,SANCTN_DATE,REPLACE_EMPNO,RESANC_AT) values ('sncn448','scno274','박히윤','1515',1,'L004','Y',to_date('2021/11/23','YYYY/MM/DD'),null,null);
Insert into TEAM4_202104F.ECCST_SANCTNER (SANCTNER_NO,SANCTN_NO,SANCTNER_NM,SANCTNER_EMPNO,LN_NO,SANCTN_STTUS,LST_CONFIRM_AT,SANCTN_DATE,REPLACE_EMPNO,RESANC_AT) values ('sncn472','scno287','장하늘','2104005',1,'L001','N',null,null,null);
Insert into TEAM4_202104F.ECCST_SANCTNER (SANCTNER_NO,SANCTN_NO,SANCTNER_NM,SANCTNER_EMPNO,LN_NO,SANCTN_STTUS,LST_CONFIRM_AT,SANCTN_DATE,REPLACE_EMPNO,RESANC_AT) values ('sncn468','scno286','강시후','321',1,'L004','Y',to_date('2021/11/24','YYYY/MM/DD'),3,'Y');
Insert into TEAM4_202104F.ECCST_SANCTNER (SANCTNER_NO,SANCTN_NO,SANCTNER_NM,SANCTNER_EMPNO,LN_NO,SANCTN_STTUS,LST_CONFIRM_AT,SANCTN_DATE,REPLACE_EMPNO,RESANC_AT) values ('sncn471','scno276','박히윤','1515',1,'L001','N',null,null,null);
Insert into TEAM4_202104F.ECCST_SANCTNER (SANCTNER_NO,SANCTN_NO,SANCTNER_NM,SANCTNER_EMPNO,LN_NO,SANCTN_STTUS,LST_CONFIRM_AT,SANCTN_DATE,REPLACE_EMPNO,RESANC_AT) values ('sncn467','scno285','안병준','2104003',1,'L004','Y',to_date('2021/11/24','YYYY/MM/DD'),3214,null);
Insert into TEAM4_202104F.ECCST_SANCTNER (SANCTNER_NO,SANCTN_NO,SANCTNER_NM,SANCTNER_EMPNO,LN_NO,SANCTN_STTUS,LST_CONFIRM_AT,SANCTN_DATE,REPLACE_EMPNO,RESANC_AT) values ('sncn469','scno286','안병준','2104003',2,'L004','Y',to_date('2021/11/24','YYYY/MM/DD'),3214,null);
Insert into TEAM4_202104F.ECCST_SANCTNER (SANCTNER_NO,SANCTN_NO,SANCTNER_NM,SANCTNER_EMPNO,LN_NO,SANCTN_STTUS,LST_CONFIRM_AT,SANCTN_DATE,REPLACE_EMPNO,RESANC_AT) values ('sncn470','scno284','박히윤','1515',1,'L001','N',null,null,null);
Insert into TEAM4_202104F.ECCST_SANCTNER (SANCTNER_NO,SANCTN_NO,SANCTNER_NM,SANCTNER_EMPNO,LN_NO,SANCTN_STTUS,LST_CONFIRM_AT,SANCTN_DATE,REPLACE_EMPNO,RESANC_AT) values ('sncn473','scno287','김광석','8987',2,'L002','N',null,null,null);
Insert into TEAM4_202104F.ECCST_SANCTNER (SANCTNER_NO,SANCTN_NO,SANCTNER_NM,SANCTNER_EMPNO,LN_NO,SANCTN_STTUS,LST_CONFIRM_AT,SANCTN_DATE,REPLACE_EMPNO,RESANC_AT) values ('sncn474','scno287','안병준','2104003',3,'L002','N',null,null,null);
Insert into TEAM4_202104F.ECCST_SANCTNER (SANCTNER_NO,SANCTN_NO,SANCTNER_NM,SANCTNER_EMPNO,LN_NO,SANCTN_STTUS,LST_CONFIRM_AT,SANCTN_DATE,REPLACE_EMPNO,RESANC_AT) values ('sncn343','scno222','키티','1515',1,'L001','N',null,null,null);
Insert into TEAM4_202104F.ECCST_SANCTNER (SANCTNER_NO,SANCTN_NO,SANCTNER_NM,SANCTNER_EMPNO,LN_NO,SANCTN_STTUS,LST_CONFIRM_AT,SANCTN_DATE,REPLACE_EMPNO,RESANC_AT) values ('sncn344','scno222','지호진','2',2,'L002','N',null,8987,null);
Insert into TEAM4_202104F.ECCST_SANCTNER (SANCTNER_NO,SANCTN_NO,SANCTNER_NM,SANCTNER_EMPNO,LN_NO,SANCTN_STTUS,LST_CONFIRM_AT,SANCTN_DATE,REPLACE_EMPNO,RESANC_AT) values ('sncn42','scno52','안병준','8987',2,'L002','N',null,null,null);
Insert into TEAM4_202104F.ECCST_SANCTNER (SANCTNER_NO,SANCTN_NO,SANCTNER_NM,SANCTNER_EMPNO,LN_NO,SANCTN_STTUS,LST_CONFIRM_AT,SANCTN_DATE,REPLACE_EMPNO,RESANC_AT) values ('sncn43','scno53','지호진','2',1,'L001','N',null,null,null);
Insert into TEAM4_202104F.ECCST_SANCTNER (SANCTNER_NO,SANCTN_NO,SANCTNER_NM,SANCTNER_EMPNO,LN_NO,SANCTN_STTUS,LST_CONFIRM_AT,SANCTN_DATE,REPLACE_EMPNO,RESANC_AT) values ('sncn2','scno5','지호진','2',2,'L002','N',null,null,null);
Insert into TEAM4_202104F.ECCST_SANCTNER (SANCTNER_NO,SANCTN_NO,SANCTNER_NM,SANCTNER_EMPNO,LN_NO,SANCTN_STTUS,LST_CONFIRM_AT,SANCTN_DATE,REPLACE_EMPNO,RESANC_AT) values ('sncn3','scno5','홍길동','3',3,'L002','N',null,null,null);
Insert into TEAM4_202104F.ECCST_SANCTNER (SANCTNER_NO,SANCTN_NO,SANCTNER_NM,SANCTNER_EMPNO,LN_NO,SANCTN_STTUS,LST_CONFIRM_AT,SANCTN_DATE,REPLACE_EMPNO,RESANC_AT) values ('sncn41','scno52','지호진','2',1,'L003','N',to_date('2021/11/20','YYYY/MM/DD'),null,null);
Insert into TEAM4_202104F.ECCST_SANCTNER (SANCTNER_NO,SANCTN_NO,SANCTNER_NM,SANCTNER_EMPNO,LN_NO,SANCTN_STTUS,LST_CONFIRM_AT,SANCTN_DATE,REPLACE_EMPNO,RESANC_AT) values ('sncn44','scno53','안병준','8987',2,'L002','N',null,null,null);
Insert into TEAM4_202104F.ECCST_SANCTNER (SANCTNER_NO,SANCTN_NO,SANCTNER_NM,SANCTNER_EMPNO,LN_NO,SANCTN_STTUS,LST_CONFIRM_AT,SANCTN_DATE,REPLACE_EMPNO,RESANC_AT) values ('sncn361','scno225','지호진','2',2,'L003','N',to_date('2021/11/22','YYYY/MM/DD'),8987,'Y');
Insert into TEAM4_202104F.ECCST_SANCTNER (SANCTNER_NO,SANCTN_NO,SANCTNER_NM,SANCTNER_EMPNO,LN_NO,SANCTN_STTUS,LST_CONFIRM_AT,SANCTN_DATE,REPLACE_EMPNO,RESANC_AT) values ('sncn362','scno225','키티','1515',3,'L002','N',null,null,null);
Insert into TEAM4_202104F.ECCST_SANCTNER (SANCTNER_NO,SANCTN_NO,SANCTNER_NM,SANCTNER_EMPNO,LN_NO,SANCTN_STTUS,LST_CONFIRM_AT,SANCTN_DATE,REPLACE_EMPNO,RESANC_AT) values ('sncn363','scno226','지호진','2',1,'L001','N',null,8987,null);
Insert into TEAM4_202104F.ECCST_SANCTNER (SANCTNER_NO,SANCTN_NO,SANCTNER_NM,SANCTNER_EMPNO,LN_NO,SANCTN_STTUS,LST_CONFIRM_AT,SANCTN_DATE,REPLACE_EMPNO,RESANC_AT) values ('sncn360','scno225','장하늘','2104005',1,'L004','N',to_date('2021/11/22','YYYY/MM/DD'),null,null);
Insert into TEAM4_202104F.ECCST_SANCTNER (SANCTNER_NO,SANCTN_NO,SANCTNER_NM,SANCTNER_EMPNO,LN_NO,SANCTN_STTUS,LST_CONFIRM_AT,SANCTN_DATE,REPLACE_EMPNO,RESANC_AT) values ('sncn364','scno226','키티','1515',2,'L002','N',null,null,null);
Insert into TEAM4_202104F.ECCST_SANCTNER (SANCTNER_NO,SANCTN_NO,SANCTNER_NM,SANCTNER_EMPNO,LN_NO,SANCTN_STTUS,LST_CONFIRM_AT,SANCTN_DATE,REPLACE_EMPNO,RESANC_AT) values ('sncn381','scno227','윤진명','3214',1,'L004','N',to_date('2021/11/22','YYYY/MM/DD'),null,null);
Insert into TEAM4_202104F.ECCST_SANCTNER (SANCTNER_NO,SANCTN_NO,SANCTNER_NM,SANCTNER_EMPNO,LN_NO,SANCTN_STTUS,LST_CONFIRM_AT,SANCTN_DATE,REPLACE_EMPNO,RESANC_AT) values ('sncn382','scno227','홍길동','3',2,'L001','N',null,null,null);
Insert into TEAM4_202104F.ECCST_SANCTNER (SANCTNER_NO,SANCTN_NO,SANCTNER_NM,SANCTNER_EMPNO,LN_NO,SANCTN_STTUS,LST_CONFIRM_AT,SANCTN_DATE,REPLACE_EMPNO,RESANC_AT) values ('sncn383','scno227','안병준','2104003',3,'L002','N',null,null,null);
Insert into TEAM4_202104F.ECCST_SANCTNER (SANCTNER_NO,SANCTN_NO,SANCTNER_NM,SANCTNER_EMPNO,LN_NO,SANCTN_STTUS,LST_CONFIRM_AT,SANCTN_DATE,REPLACE_EMPNO,RESANC_AT) values ('sncn384','scno227','지호진','2',4,'L002','N',null,8987,null);
Insert into TEAM4_202104F.ECCST_SANCTNER (SANCTNER_NO,SANCTN_NO,SANCTNER_NM,SANCTNER_EMPNO,LN_NO,SANCTN_STTUS,LST_CONFIRM_AT,SANCTN_DATE,REPLACE_EMPNO,RESANC_AT) values ('sncn385','scno228','안병준','2104003',1,'L001','N',null,null,null);
Insert into TEAM4_202104F.ECCST_SANCTNER (SANCTNER_NO,SANCTN_NO,SANCTNER_NM,SANCTNER_EMPNO,LN_NO,SANCTN_STTUS,LST_CONFIRM_AT,SANCTN_DATE,REPLACE_EMPNO,RESANC_AT) values ('sncn394','scno230','강시후','321',1,'L004','Y',to_date('2021/11/22','YYYY/MM/DD'),3,'Y');
Insert into TEAM4_202104F.ECCST_SANCTNER (SANCTNER_NO,SANCTN_NO,SANCTNER_NM,SANCTNER_EMPNO,LN_NO,SANCTN_STTUS,LST_CONFIRM_AT,SANCTN_DATE,REPLACE_EMPNO,RESANC_AT) values ('sncn395','scno230','안병준','2104003',2,'L004','Y',to_date('2021/11/22','YYYY/MM/DD'),null,null);
Insert into TEAM4_202104F.ECCST_SANCTNER (SANCTNER_NO,SANCTN_NO,SANCTNER_NM,SANCTNER_EMPNO,LN_NO,SANCTN_STTUS,LST_CONFIRM_AT,SANCTN_DATE,REPLACE_EMPNO,RESANC_AT) values ('sncn408','scno244','키티','1515',1,'L004','Y',to_date('2021/11/23','YYYY/MM/DD'),null,null);
Insert into TEAM4_202104F.ECCST_SANCTNER (SANCTNER_NO,SANCTN_NO,SANCTNER_NM,SANCTNER_EMPNO,LN_NO,SANCTN_STTUS,LST_CONFIRM_AT,SANCTN_DATE,REPLACE_EMPNO,RESANC_AT) values ('sncn409','scno245','키티','1515',1,'L004','Y',to_date('2021/11/23','YYYY/MM/DD'),null,null);
Insert into TEAM4_202104F.ECCST_SANCTNER (SANCTNER_NO,SANCTN_NO,SANCTNER_NM,SANCTNER_EMPNO,LN_NO,SANCTN_STTUS,LST_CONFIRM_AT,SANCTN_DATE,REPLACE_EMPNO,RESANC_AT) values ('sncn427','scno266','안병준','2104003',1,'L001','N',null,3214,null);
Insert into TEAM4_202104F.ECCST_SANCTNER (SANCTNER_NO,SANCTN_NO,SANCTNER_NM,SANCTNER_EMPNO,LN_NO,SANCTN_STTUS,LST_CONFIRM_AT,SANCTN_DATE,REPLACE_EMPNO,RESANC_AT) values ('sncn463','scno283','강시후','321',1,'L004','Y',to_date('2021/11/24','YYYY/MM/DD'),3,'Y');
Insert into TEAM4_202104F.ECCST_SANCTNER (SANCTNER_NO,SANCTN_NO,SANCTNER_NM,SANCTNER_EMPNO,LN_NO,SANCTN_STTUS,LST_CONFIRM_AT,SANCTN_DATE,REPLACE_EMPNO,RESANC_AT) values ('sncn464','scno283','안병준','2104003',2,'L004','Y',to_date('2021/11/24','YYYY/MM/DD'),3214,null);
Insert into TEAM4_202104F.ECCST_SANCTNER (SANCTNER_NO,SANCTN_NO,SANCTNER_NM,SANCTNER_EMPNO,LN_NO,SANCTN_STTUS,LST_CONFIRM_AT,SANCTN_DATE,REPLACE_EMPNO,RESANC_AT) values ('sncn465','scno281','박히윤','1515',1,'L001','N',null,null,null);
Insert into TEAM4_202104F.ECCST_SANCTNER (SANCTNER_NO,SANCTN_NO,SANCTNER_NM,SANCTNER_EMPNO,LN_NO,SANCTN_STTUS,LST_CONFIRM_AT,SANCTN_DATE,REPLACE_EMPNO,RESANC_AT) values ('sncn45','scno53','키티','1515',3,'L002','N',null,null,null);
Insert into TEAM4_202104F.ECCST_SANCTNER (SANCTNER_NO,SANCTN_NO,SANCTNER_NM,SANCTNER_EMPNO,LN_NO,SANCTN_STTUS,LST_CONFIRM_AT,SANCTN_DATE,REPLACE_EMPNO,RESANC_AT) values ('sncn201','scno121','지호진','2',1,'L004','Y',to_date('2021/11/19','YYYY/MM/DD'),null,null);
Insert into TEAM4_202104F.ECCST_SANCTNER (SANCTNER_NO,SANCTN_NO,SANCTNER_NM,SANCTNER_EMPNO,LN_NO,SANCTN_STTUS,LST_CONFIRM_AT,SANCTN_DATE,REPLACE_EMPNO,RESANC_AT) values ('sncn208','scno123','홍길동','3',3,'L004','Y',to_date('2021/11/22','YYYY/MM/DD'),null,null);
Insert into TEAM4_202104F.ECCST_SANCTNER (SANCTNER_NO,SANCTN_NO,SANCTNER_NM,SANCTNER_EMPNO,LN_NO,SANCTN_STTUS,LST_CONFIRM_AT,SANCTN_DATE,REPLACE_EMPNO,RESANC_AT) values ('sncn209','scno124','지호진','2',1,'L004','Y',to_date('2021/11/19','YYYY/MM/DD'),null,null);
Insert into TEAM4_202104F.ECCST_SANCTNER (SANCTNER_NO,SANCTN_NO,SANCTNER_NM,SANCTNER_EMPNO,LN_NO,SANCTN_STTUS,LST_CONFIRM_AT,SANCTN_DATE,REPLACE_EMPNO,RESANC_AT) values ('sncn210','scno124','안병준','2104003',2,'L004','Y',to_date('2021/11/19','YYYY/MM/DD'),null,null);
Insert into TEAM4_202104F.ECCST_SANCTNER (SANCTNER_NO,SANCTN_NO,SANCTNER_NM,SANCTNER_EMPNO,LN_NO,SANCTN_STTUS,LST_CONFIRM_AT,SANCTN_DATE,REPLACE_EMPNO,RESANC_AT) values ('sncn206','scno123','안병준','2104003',1,'L004','Y',to_date('2021/11/19','YYYY/MM/DD'),null,null);
Insert into TEAM4_202104F.ECCST_SANCTNER (SANCTNER_NO,SANCTN_NO,SANCTNER_NM,SANCTNER_EMPNO,LN_NO,SANCTN_STTUS,LST_CONFIRM_AT,SANCTN_DATE,REPLACE_EMPNO,RESANC_AT) values ('sncn207','scno123','지호진','2',2,'L004','Y',to_date('2021/11/20','YYYY/MM/DD'),null,null);
Insert into TEAM4_202104F.ECCST_SANCTNER (SANCTNER_NO,SANCTN_NO,SANCTNER_NM,SANCTNER_EMPNO,LN_NO,SANCTN_STTUS,LST_CONFIRM_AT,SANCTN_DATE,REPLACE_EMPNO,RESANC_AT) values ('sncn329','scno128','김광석','8987',1,'L004','Y',to_date('2021/11/22','YYYY/MM/DD'),null,null);
Insert into TEAM4_202104F.ECCST_SANCTNER (SANCTNER_NO,SANCTN_NO,SANCTNER_NM,SANCTNER_EMPNO,LN_NO,SANCTN_STTUS,LST_CONFIRM_AT,SANCTN_DATE,REPLACE_EMPNO,RESANC_AT) values ('sncn327','scno182','지호진','2',1,'L004','N',to_date('2021/11/22','YYYY/MM/DD'),8987,null);
Insert into TEAM4_202104F.ECCST_SANCTNER (SANCTNER_NO,SANCTN_NO,SANCTNER_NM,SANCTNER_EMPNO,LN_NO,SANCTN_STTUS,LST_CONFIRM_AT,SANCTN_DATE,REPLACE_EMPNO,RESANC_AT) values ('sncn330','scno128','지호진','2',2,'L004','Y',to_date('2021/11/22','YYYY/MM/DD'),8987,null);
Insert into TEAM4_202104F.ECCST_SANCTNER (SANCTNER_NO,SANCTN_NO,SANCTNER_NM,SANCTNER_EMPNO,LN_NO,SANCTN_STTUS,LST_CONFIRM_AT,SANCTN_DATE,REPLACE_EMPNO,RESANC_AT) values ('sncn328','scno182','김광석','8987',2,'L003','N',to_date('2021/11/22','YYYY/MM/DD'),null,null);
Insert into TEAM4_202104F.ECCST_SANCTNER (SANCTNER_NO,SANCTN_NO,SANCTNER_NM,SANCTNER_EMPNO,LN_NO,SANCTN_STTUS,LST_CONFIRM_AT,SANCTN_DATE,REPLACE_EMPNO,RESANC_AT) values ('sncn331','scno203','지호진','2',1,'L001','N',null,8987,null);
Insert into TEAM4_202104F.ECCST_SANCTNER (SANCTNER_NO,SANCTN_NO,SANCTNER_NM,SANCTNER_EMPNO,LN_NO,SANCTN_STTUS,LST_CONFIRM_AT,SANCTN_DATE,REPLACE_EMPNO,RESANC_AT) values ('sncn46','scno54','안병준','8987',1,'L004','N',to_date('2021/11/19','YYYY/MM/DD'),null,null);
Insert into TEAM4_202104F.ECCST_SANCTNER (SANCTNER_NO,SANCTN_NO,SANCTNER_NM,SANCTNER_EMPNO,LN_NO,SANCTN_STTUS,LST_CONFIRM_AT,SANCTN_DATE,REPLACE_EMPNO,RESANC_AT) values ('sncn47','scno54','지호진','2',2,'L004','N',to_date('2021/11/20','YYYY/MM/DD'),null,null);
Insert into TEAM4_202104F.ECCST_SANCTNER (SANCTNER_NO,SANCTN_NO,SANCTNER_NM,SANCTNER_EMPNO,LN_NO,SANCTN_STTUS,LST_CONFIRM_AT,SANCTN_DATE,REPLACE_EMPNO,RESANC_AT) values ('sncn48','scno54','키티','1515',3,'L001','N',null,null,null);
Insert into TEAM4_202104F.ECCST_SANCTNER (SANCTNER_NO,SANCTN_NO,SANCTNER_NM,SANCTNER_EMPNO,LN_NO,SANCTN_STTUS,LST_CONFIRM_AT,SANCTN_DATE,REPLACE_EMPNO,RESANC_AT) values ('sncn49','scno55','키티','1515',1,'L001','N',null,null,null);
Insert into TEAM4_202104F.ECCST_SANCTNER (SANCTNER_NO,SANCTN_NO,SANCTNER_NM,SANCTNER_EMPNO,LN_NO,SANCTN_STTUS,LST_CONFIRM_AT,SANCTN_DATE,REPLACE_EMPNO,RESANC_AT) values ('sncn50','scno55','안병준','8987',2,'L002','N',null,null,null);
Insert into TEAM4_202104F.ECCST_SANCTNER (SANCTNER_NO,SANCTN_NO,SANCTNER_NM,SANCTNER_EMPNO,LN_NO,SANCTN_STTUS,LST_CONFIRM_AT,SANCTN_DATE,REPLACE_EMPNO,RESANC_AT) values ('sncn51','scno55','지호진','2',3,'L002','N',null,null,null);
Insert into TEAM4_202104F.ECCST_SANCTNER (SANCTNER_NO,SANCTN_NO,SANCTNER_NM,SANCTNER_EMPNO,LN_NO,SANCTN_STTUS,LST_CONFIRM_AT,SANCTN_DATE,REPLACE_EMPNO,RESANC_AT) values ('sncn61','scno83','안병준','8987',1,'L004','N',to_date('2021/11/19','YYYY/MM/DD'),null,null);
Insert into TEAM4_202104F.ECCST_SANCTNER (SANCTNER_NO,SANCTN_NO,SANCTNER_NM,SANCTNER_EMPNO,LN_NO,SANCTN_STTUS,LST_CONFIRM_AT,SANCTN_DATE,REPLACE_EMPNO,RESANC_AT) values ('sncn62','scno83','키티','1515',2,'L001','N',null,null,null);
Insert into TEAM4_202104F.ECCST_SANCTNER (SANCTNER_NO,SANCTN_NO,SANCTNER_NM,SANCTNER_EMPNO,LN_NO,SANCTN_STTUS,LST_CONFIRM_AT,SANCTN_DATE,REPLACE_EMPNO,RESANC_AT) values ('sncn63','scno83','지호진','2',3,'L002','N',null,null,null);
Insert into TEAM4_202104F.ECCST_SANCTNER (SANCTNER_NO,SANCTN_NO,SANCTNER_NM,SANCTNER_EMPNO,LN_NO,SANCTN_STTUS,LST_CONFIRM_AT,SANCTN_DATE,REPLACE_EMPNO,RESANC_AT) values ('sncn187','scno102','안병준','8987',3,'L002','N',null,null,null);
Insert into TEAM4_202104F.ECCST_SANCTNER (SANCTNER_NO,SANCTN_NO,SANCTNER_NM,SANCTNER_EMPNO,LN_NO,SANCTN_STTUS,LST_CONFIRM_AT,SANCTN_DATE,REPLACE_EMPNO,RESANC_AT) values ('sncn185','scno102','장하늘','2104005',1,'L001','N',null,null,null);
Insert into TEAM4_202104F.ECCST_SANCTNER (SANCTNER_NO,SANCTN_NO,SANCTNER_NM,SANCTNER_EMPNO,LN_NO,SANCTN_STTUS,LST_CONFIRM_AT,SANCTN_DATE,REPLACE_EMPNO,RESANC_AT) values ('sncn242','scno127','지호진','2',1,'L004','N',to_date('2021/11/20','YYYY/MM/DD'),null,null);
Insert into TEAM4_202104F.ECCST_SANCTNER (SANCTNER_NO,SANCTN_NO,SANCTNER_NM,SANCTNER_EMPNO,LN_NO,SANCTN_STTUS,LST_CONFIRM_AT,SANCTN_DATE,REPLACE_EMPNO,RESANC_AT) values ('sncn243','scno127','김광석','8987',2,'L003','N',to_date('2021/11/20','YYYY/MM/DD'),null,null);
Insert into TEAM4_202104F.ECCST_SANCTNER (SANCTNER_NO,SANCTN_NO,SANCTNER_NM,SANCTNER_EMPNO,LN_NO,SANCTN_STTUS,LST_CONFIRM_AT,SANCTN_DATE,REPLACE_EMPNO,RESANC_AT) values ('sncn186','scno102','지호진','2',2,'L002','N',null,null,null);
Insert into TEAM4_202104F.ECCST_SANCTNER (SANCTNER_NO,SANCTN_NO,SANCTNER_NM,SANCTNER_EMPNO,LN_NO,SANCTN_STTUS,LST_CONFIRM_AT,SANCTN_DATE,REPLACE_EMPNO,RESANC_AT) values ('sncn227','scno87','메가커피','3214',3,'L002','N',null,null,null);
Insert into TEAM4_202104F.ECCST_SANCTNER (SANCTNER_NO,SANCTN_NO,SANCTNER_NM,SANCTNER_EMPNO,LN_NO,SANCTN_STTUS,LST_CONFIRM_AT,SANCTN_DATE,REPLACE_EMPNO,RESANC_AT) values ('sncn240','scno126','키티','1515',1,'L003','N',to_date('2021/11/20','YYYY/MM/DD'),null,null);
Insert into TEAM4_202104F.ECCST_SANCTNER (SANCTNER_NO,SANCTN_NO,SANCTNER_NM,SANCTNER_EMPNO,LN_NO,SANCTN_STTUS,LST_CONFIRM_AT,SANCTN_DATE,REPLACE_EMPNO,RESANC_AT) values ('sncn241','scno126','장하늘','2104005',2,'L002','N',null,null,null);
Insert into TEAM4_202104F.ECCST_SANCTNER (SANCTNER_NO,SANCTN_NO,SANCTNER_NM,SANCTNER_EMPNO,LN_NO,SANCTN_STTUS,LST_CONFIRM_AT,SANCTN_DATE,REPLACE_EMPNO,RESANC_AT) values ('sncn225','scno87','지호진','2',1,'L003','N',to_date('2021/11/20','YYYY/MM/DD'),null,null);
Insert into TEAM4_202104F.ECCST_SANCTNER (SANCTNER_NO,SANCTN_NO,SANCTNER_NM,SANCTNER_EMPNO,LN_NO,SANCTN_STTUS,LST_CONFIRM_AT,SANCTN_DATE,REPLACE_EMPNO,RESANC_AT) values ('sncn226','scno87','김광석','8987',2,'L002','N',null,null,null);
Insert into TEAM4_202104F.ECCST_SANCTNER (SANCTNER_NO,SANCTN_NO,SANCTNER_NM,SANCTNER_EMPNO,LN_NO,SANCTN_STTUS,LST_CONFIRM_AT,SANCTN_DATE,REPLACE_EMPNO,RESANC_AT) values ('sncn261','scno161','지호진','2',1,'L004','Y',to_date('2021/11/20','YYYY/MM/DD'),null,null);
Insert into TEAM4_202104F.ECCST_SANCTNER (SANCTNER_NO,SANCTN_NO,SANCTNER_NM,SANCTNER_EMPNO,LN_NO,SANCTN_STTUS,LST_CONFIRM_AT,SANCTN_DATE,REPLACE_EMPNO,RESANC_AT) values ('sncn281','scno125','키티','1515',1,'L001','N',null,null,null);
Insert into TEAM4_202104F.ECCST_SANCTNER (SANCTNER_NO,SANCTN_NO,SANCTNER_NM,SANCTNER_EMPNO,LN_NO,SANCTN_STTUS,LST_CONFIRM_AT,SANCTN_DATE,REPLACE_EMPNO,RESANC_AT) values ('sncn326','scno202','지호진','2',1,'L001','N',null,8987,null);
Insert into TEAM4_202104F.ECCST_SANCTNER (SANCTNER_NO,SANCTN_NO,SANCTNER_NM,SANCTNER_EMPNO,LN_NO,SANCTN_STTUS,LST_CONFIRM_AT,SANCTN_DATE,REPLACE_EMPNO,RESANC_AT) values ('sncn64','scno84','메가커피','3214',1,'L003','N',to_date('2021/11/22','YYYY/MM/DD'),null,null);
Insert into TEAM4_202104F.ECCST_SANCTNER (SANCTNER_NO,SANCTN_NO,SANCTNER_NM,SANCTNER_EMPNO,LN_NO,SANCTN_STTUS,LST_CONFIRM_AT,SANCTN_DATE,REPLACE_EMPNO,RESANC_AT) values ('sncn65','scno84','김수정','1459012',2,'L002','N',null,null,null);
Insert into TEAM4_202104F.ECCST_SANCTNER (SANCTNER_NO,SANCTN_NO,SANCTNER_NM,SANCTNER_EMPNO,LN_NO,SANCTN_STTUS,LST_CONFIRM_AT,SANCTN_DATE,REPLACE_EMPNO,RESANC_AT) values ('sncn66','scno84','지호진','2',3,'L002','N',null,null,null);
Insert into TEAM4_202104F.ECCST_SANCTNER (SANCTNER_NO,SANCTN_NO,SANCTNER_NM,SANCTNER_EMPNO,LN_NO,SANCTN_STTUS,LST_CONFIRM_AT,SANCTN_DATE,REPLACE_EMPNO,RESANC_AT) values ('sncn67','scno85','키티','1515',1,'L001','N',null,null,null);
Insert into TEAM4_202104F.ECCST_SANCTNER (SANCTNER_NO,SANCTN_NO,SANCTNER_NM,SANCTNER_EMPNO,LN_NO,SANCTN_STTUS,LST_CONFIRM_AT,SANCTN_DATE,REPLACE_EMPNO,RESANC_AT) values ('sncn68','scno85','안병준','8987',2,'L002','N',null,null,null);
Insert into TEAM4_202104F.ECCST_SANCTNER (SANCTNER_NO,SANCTN_NO,SANCTNER_NM,SANCTNER_EMPNO,LN_NO,SANCTN_STTUS,LST_CONFIRM_AT,SANCTN_DATE,REPLACE_EMPNO,RESANC_AT) values ('sncn69','scno85','지호진','2',3,'L002','N',null,null,null);
Insert into TEAM4_202104F.ECCST_SANCTNER (SANCTNER_NO,SANCTN_NO,SANCTNER_NM,SANCTNER_EMPNO,LN_NO,SANCTN_STTUS,LST_CONFIRM_AT,SANCTN_DATE,REPLACE_EMPNO,RESANC_AT) values ('sncn70','scno86','키티','1515',1,'L001','N',null,null,null);
Insert into TEAM4_202104F.ECCST_SANCTNER (SANCTNER_NO,SANCTN_NO,SANCTNER_NM,SANCTNER_EMPNO,LN_NO,SANCTN_STTUS,LST_CONFIRM_AT,SANCTN_DATE,REPLACE_EMPNO,RESANC_AT) values ('sncn71','scno86','지호진','2',2,'L002','N',null,null,null);
Insert into TEAM4_202104F.ECCST_SANCTNER (SANCTNER_NO,SANCTN_NO,SANCTNER_NM,SANCTNER_EMPNO,LN_NO,SANCTN_STTUS,LST_CONFIRM_AT,SANCTN_DATE,REPLACE_EMPNO,RESANC_AT) values ('sncn72','scno86','김수정','1459012',3,'L002','N',null,null,null);
Insert into TEAM4_202104F.ECCST_SANCTNER (SANCTNER_NO,SANCTN_NO,SANCTNER_NM,SANCTNER_EMPNO,LN_NO,SANCTN_STTUS,LST_CONFIRM_AT,SANCTN_DATE,REPLACE_EMPNO,RESANC_AT) values ('sncn73','scno86','김더미','8',4,'L002','N',null,null,null);
Insert into TEAM4_202104F.ECCST_SANCTNER (SANCTNER_NO,SANCTN_NO,SANCTNER_NM,SANCTNER_EMPNO,LN_NO,SANCTN_STTUS,LST_CONFIRM_AT,SANCTN_DATE,REPLACE_EMPNO,RESANC_AT) values ('sncn284','scno181','정재헌','2104006',1,'L003','N',to_date('2021/11/23','YYYY/MM/DD'),null,null);
Insert into TEAM4_202104F.ECCST_SANCTNER (SANCTNER_NO,SANCTN_NO,SANCTNER_NM,SANCTNER_EMPNO,LN_NO,SANCTN_STTUS,LST_CONFIRM_AT,SANCTN_DATE,REPLACE_EMPNO,RESANC_AT) values ('sncn181','scno101','지호진','2',1,'L004','N',to_date('2021/11/20','YYYY/MM/DD'),null,null);
Insert into TEAM4_202104F.ECCST_SANCTNER (SANCTNER_NO,SANCTN_NO,SANCTNER_NM,SANCTNER_EMPNO,LN_NO,SANCTN_STTUS,LST_CONFIRM_AT,SANCTN_DATE,REPLACE_EMPNO,RESANC_AT) values ('sncn182','scno101','안병준','8987',2,'L003','N',to_date('2021/11/20','YYYY/MM/DD'),null,null);
Insert into TEAM4_202104F.ECCST_SANCTNER (SANCTNER_NO,SANCTN_NO,SANCTNER_NM,SANCTNER_EMPNO,LN_NO,SANCTN_STTUS,LST_CONFIRM_AT,SANCTN_DATE,REPLACE_EMPNO,RESANC_AT) values ('sncn183','scno101','메가커피','3214',3,'L002','N',null,null,null);
Insert into TEAM4_202104F.ECCST_SANCTNER (SANCTNER_NO,SANCTN_NO,SANCTNER_NM,SANCTNER_EMPNO,LN_NO,SANCTN_STTUS,LST_CONFIRM_AT,SANCTN_DATE,REPLACE_EMPNO,RESANC_AT) values ('sncn184','scno101','송지수','2104002',4,'L002','N',null,null,null);
Insert into TEAM4_202104F.ECCST_SANCTNER (SANCTNER_NO,SANCTN_NO,SANCTNER_NM,SANCTNER_EMPNO,LN_NO,SANCTN_STTUS,LST_CONFIRM_AT,SANCTN_DATE,REPLACE_EMPNO,RESANC_AT) values ('sncn188','scno103','안병준','8987',1,'L004','Y',to_date('2021/11/19','YYYY/MM/DD'),null,null);
Insert into TEAM4_202104F.ECCST_SANCTNER (SANCTNER_NO,SANCTN_NO,SANCTNER_NM,SANCTNER_EMPNO,LN_NO,SANCTN_STTUS,LST_CONFIRM_AT,SANCTN_DATE,REPLACE_EMPNO,RESANC_AT) values ('sncn189','scno103','키티','1515',2,'L004','Y',to_date('2021/11/19','YYYY/MM/DD'),null,null);
Insert into TEAM4_202104F.ECCST_SANCTNER (SANCTNER_NO,SANCTN_NO,SANCTNER_NM,SANCTNER_EMPNO,LN_NO,SANCTN_STTUS,LST_CONFIRM_AT,SANCTN_DATE,REPLACE_EMPNO,RESANC_AT) values ('sncn190','scno104','안병준','8987',1,'L004','N',to_date('2021/11/19','YYYY/MM/DD'),null,null);
Insert into TEAM4_202104F.ECCST_SANCTNER (SANCTNER_NO,SANCTN_NO,SANCTNER_NM,SANCTNER_EMPNO,LN_NO,SANCTN_STTUS,LST_CONFIRM_AT,SANCTN_DATE,REPLACE_EMPNO,RESANC_AT) values ('sncn191','scno104','지호진','2',2,'L003','N',to_date('2021/11/19','YYYY/MM/DD'),null,null);
Insert into TEAM4_202104F.ECCST_SANCTNER (SANCTNER_NO,SANCTN_NO,SANCTNER_NM,SANCTNER_EMPNO,LN_NO,SANCTN_STTUS,LST_CONFIRM_AT,SANCTN_DATE,REPLACE_EMPNO,RESANC_AT) values ('sncn192','scno104','키티','1515',3,'L002','N',null,null,null);
Insert into TEAM4_202104F.ECCST_SANCTNER (SANCTNER_NO,SANCTN_NO,SANCTNER_NM,SANCTNER_EMPNO,LN_NO,SANCTN_STTUS,LST_CONFIRM_AT,SANCTN_DATE,REPLACE_EMPNO,RESANC_AT) values ('sncn1','scno5','키티','1515',1,'L001','N',null,null,null);
Insert into TEAM4_202104F.ECCST_SANCTNER (SANCTNER_NO,SANCTN_NO,SANCTNER_NM,SANCTNER_EMPNO,LN_NO,SANCTN_STTUS,LST_CONFIRM_AT,SANCTN_DATE,REPLACE_EMPNO,RESANC_AT) values ('sncn53','scno56','안병준','8987',2,'L002','N',null,null,null);
Insert into TEAM4_202104F.ECCST_SANCTNER (SANCTNER_NO,SANCTN_NO,SANCTNER_NM,SANCTNER_EMPNO,LN_NO,SANCTN_STTUS,LST_CONFIRM_AT,SANCTN_DATE,REPLACE_EMPNO,RESANC_AT) values ('sncn54','scno56','지호진','2',3,'L002','N',null,null,null);
Insert into TEAM4_202104F.ECCST_SANCTNER (SANCTNER_NO,SANCTN_NO,SANCTNER_NM,SANCTNER_EMPNO,LN_NO,SANCTN_STTUS,LST_CONFIRM_AT,SANCTN_DATE,REPLACE_EMPNO,RESANC_AT) values ('sncn52','scno56','키티','1515',1,'L001','N',null,null,null);
Insert into TEAM4_202104F.ECCST_SANCTNER (SANCTNER_NO,SANCTN_NO,SANCTNER_NM,SANCTNER_EMPNO,LN_NO,SANCTN_STTUS,LST_CONFIRM_AT,SANCTN_DATE,REPLACE_EMPNO,RESANC_AT) values ('sncn304','scno201','지호진','2',2,'L001','N',null,8987,null);
Insert into TEAM4_202104F.ECCST_SANCTNER (SANCTNER_NO,SANCTN_NO,SANCTNER_NM,SANCTNER_EMPNO,LN_NO,SANCTN_STTUS,LST_CONFIRM_AT,SANCTN_DATE,REPLACE_EMPNO,RESANC_AT) values ('sncn88','scno88','지호진','2',1,'L003','N',to_date('2021/11/20','YYYY/MM/DD'),null,null);
Insert into TEAM4_202104F.ECCST_SANCTNER (SANCTNER_NO,SANCTN_NO,SANCTNER_NM,SANCTNER_EMPNO,LN_NO,SANCTN_STTUS,LST_CONFIRM_AT,SANCTN_DATE,REPLACE_EMPNO,RESANC_AT) values ('sncn303','scno201','안병준','2104003',1,'L004','N',to_date('2021/11/22','YYYY/MM/DD'),0,null);
Insert into TEAM4_202104F.ECCST_SANCTNER (SANCTNER_NO,SANCTN_NO,SANCTNER_NM,SANCTNER_EMPNO,LN_NO,SANCTN_STTUS,LST_CONFIRM_AT,SANCTN_DATE,REPLACE_EMPNO,RESANC_AT) values ('sncn359','scno224','장하늘','2104005',3,'L004','Y',to_date('2021/11/22','YYYY/MM/DD'),null,null);
Insert into TEAM4_202104F.ECCST_SANCTNER (SANCTNER_NO,SANCTN_NO,SANCTNER_NM,SANCTNER_EMPNO,LN_NO,SANCTN_STTUS,LST_CONFIRM_AT,SANCTN_DATE,REPLACE_EMPNO,RESANC_AT) values ('sncn357','scno224','키티','1515',1,'L004','Y',to_date('2021/11/22','YYYY/MM/DD'),null,null);
Insert into TEAM4_202104F.ECCST_SANCTNER (SANCTNER_NO,SANCTN_NO,SANCTNER_NM,SANCTNER_EMPNO,LN_NO,SANCTN_STTUS,LST_CONFIRM_AT,SANCTN_DATE,REPLACE_EMPNO,RESANC_AT) values ('sncn358','scno224','지호진','2',2,'L004','Y',to_date('2021/11/22','YYYY/MM/DD'),8987,'Y');
Insert into TEAM4_202104F.ECCST_SANCTNER (SANCTNER_NO,SANCTN_NO,SANCTNER_NM,SANCTNER_EMPNO,LN_NO,SANCTN_STTUS,LST_CONFIRM_AT,SANCTN_DATE,REPLACE_EMPNO,RESANC_AT) values ('sncn399','scno236','키티','1515',1,'L004','Y',to_date('2021/11/23','YYYY/MM/DD'),null,null);
Insert into TEAM4_202104F.ECCST_SANCTNER (SANCTNER_NO,SANCTN_NO,SANCTNER_NM,SANCTNER_EMPNO,LN_NO,SANCTN_STTUS,LST_CONFIRM_AT,SANCTN_DATE,REPLACE_EMPNO,RESANC_AT) values ('sncn400','scno236','김광석','8987',2,'L004','Y',to_date('2021/11/23','YYYY/MM/DD'),null,null);
Insert into TEAM4_202104F.ECCST_SANCTNER (SANCTNER_NO,SANCTN_NO,SANCTNER_NM,SANCTNER_EMPNO,LN_NO,SANCTN_STTUS,LST_CONFIRM_AT,SANCTN_DATE,REPLACE_EMPNO,RESANC_AT) values ('sncn401','scno237','키티','1515',1,'L001','N',null,null,null);
Insert into TEAM4_202104F.ECCST_SANCTNER (SANCTNER_NO,SANCTN_NO,SANCTNER_NM,SANCTNER_EMPNO,LN_NO,SANCTN_STTUS,LST_CONFIRM_AT,SANCTN_DATE,REPLACE_EMPNO,RESANC_AT) values ('sncn449','scno275','박히윤','1515',1,'L004','Y',to_date('2021/11/23','YYYY/MM/DD'),null,null);
Insert into TEAM4_202104F.ECCST_SANCTNER (SANCTNER_NO,SANCTN_NO,SANCTNER_NM,SANCTNER_EMPNO,LN_NO,SANCTN_STTUS,LST_CONFIRM_AT,SANCTN_DATE,REPLACE_EMPNO,RESANC_AT) values ('sncn390','scno105','홍길동','3',1,'L003','N',to_date('2021/11/24','YYYY/MM/DD'),null,null);
Insert into TEAM4_202104F.ECCST_SANCTNER (SANCTNER_NO,SANCTN_NO,SANCTNER_NM,SANCTNER_EMPNO,LN_NO,SANCTN_STTUS,LST_CONFIRM_AT,SANCTN_DATE,REPLACE_EMPNO,RESANC_AT) values ('sncn391','scno105','안병준','2104003',2,'L002','N',null,null,null);
Insert into TEAM4_202104F.ECCST_SANCTNER (SANCTNER_NO,SANCTN_NO,SANCTNER_NM,SANCTNER_EMPNO,LN_NO,SANCTN_STTUS,LST_CONFIRM_AT,SANCTN_DATE,REPLACE_EMPNO,RESANC_AT) values ('sncn388','scno229','홍길동','3',1,'L004','Y',to_date('2021/11/22','YYYY/MM/DD'),null,null);
Insert into TEAM4_202104F.ECCST_SANCTNER (SANCTNER_NO,SANCTN_NO,SANCTNER_NM,SANCTNER_EMPNO,LN_NO,SANCTN_STTUS,LST_CONFIRM_AT,SANCTN_DATE,REPLACE_EMPNO,RESANC_AT) values ('sncn389','scno229','안병준','2104003',2,'L004','Y',to_date('2021/11/22','YYYY/MM/DD'),null,null);
Insert into TEAM4_202104F.ECCST_SANCTNER (SANCTNER_NO,SANCTN_NO,SANCTNER_NM,SANCTNER_EMPNO,LN_NO,SANCTN_STTUS,LST_CONFIRM_AT,SANCTN_DATE,REPLACE_EMPNO,RESANC_AT) values ('sncn441','scno268','지호진','2',1,'L003','N',to_date('2021/11/23','YYYY/MM/DD'),8987,null);
Insert into TEAM4_202104F.ECCST_SANCTNER (SANCTNER_NO,SANCTN_NO,SANCTNER_NM,SANCTNER_EMPNO,LN_NO,SANCTN_STTUS,LST_CONFIRM_AT,SANCTN_DATE,REPLACE_EMPNO,RESANC_AT) values ('sncn444','scno271','강시후','321',1,'L004','Y',to_date('2021/11/23','YYYY/MM/DD'),3,'Y');
Insert into TEAM4_202104F.ECCST_SANCTNER (SANCTNER_NO,SANCTN_NO,SANCTNER_NM,SANCTNER_EMPNO,LN_NO,SANCTN_STTUS,LST_CONFIRM_AT,SANCTN_DATE,REPLACE_EMPNO,RESANC_AT) values ('sncn341','scno221','지호진','2',1,'L001','N',null,8987,null);
Insert into TEAM4_202104F.ECCST_SANCTNER (SANCTNER_NO,SANCTN_NO,SANCTNER_NM,SANCTNER_EMPNO,LN_NO,SANCTN_STTUS,LST_CONFIRM_AT,SANCTN_DATE,REPLACE_EMPNO,RESANC_AT) values ('sncn342','scno221','키티','1515',2,'L002','N',null,null,null);
Insert into TEAM4_202104F.ECCST_SANCTNER (SANCTNER_NO,SANCTN_NO,SANCTNER_NM,SANCTNER_EMPNO,LN_NO,SANCTN_STTUS,LST_CONFIRM_AT,SANCTN_DATE,REPLACE_EMPNO,RESANC_AT) values ('sncn425','scno263','안병준','2104003',1,'L001','N',null,3214,null);
Insert into TEAM4_202104F.ECCST_SANCTNER (SANCTNER_NO,SANCTN_NO,SANCTNER_NM,SANCTNER_EMPNO,LN_NO,SANCTN_STTUS,LST_CONFIRM_AT,SANCTN_DATE,REPLACE_EMPNO,RESANC_AT) values ('sncn426','scno122','안병준','2104003',1,'L001','N',null,3214,null);
Insert into TEAM4_202104F.ECCST_SANCTNER (SANCTNER_NO,SANCTN_NO,SANCTNER_NM,SANCTNER_EMPNO,LN_NO,SANCTN_STTUS,LST_CONFIRM_AT,SANCTN_DATE,REPLACE_EMPNO,RESANC_AT) values ('sncn445','scno271','안병준','2104003',2,'L004','Y',to_date('2021/11/23','YYYY/MM/DD'),3214,null);
Insert into TEAM4_202104F.ECCST_SANCTNER (SANCTNER_NO,SANCTN_NO,SANCTNER_NM,SANCTNER_EMPNO,LN_NO,SANCTN_STTUS,LST_CONFIRM_AT,SANCTN_DATE,REPLACE_EMPNO,RESANC_AT) values ('sncn446','scno272','안병준','2104003',1,'L004','Y',to_date('2021/11/23','YYYY/MM/DD'),3214,null);
Insert into TEAM4_202104F.ECCST_SANCTNER (SANCTNER_NO,SANCTN_NO,SANCTNER_NM,SANCTNER_EMPNO,LN_NO,SANCTN_STTUS,LST_CONFIRM_AT,SANCTN_DATE,REPLACE_EMPNO,RESANC_AT) values ('sncn447','scno273','박히윤','1515',1,'L004','Y',to_date('2021/11/23','YYYY/MM/DD'),null,null);
Insert into TEAM4_202104F.ECCST_SANCTNER (SANCTNER_NO,SANCTN_NO,SANCTNER_NM,SANCTNER_EMPNO,LN_NO,SANCTN_STTUS,LST_CONFIRM_AT,SANCTN_DATE,REPLACE_EMPNO,RESANC_AT) values ('sncn462','scno282','안병준','2104003',1,'L004','Y',to_date('2021/11/24','YYYY/MM/DD'),3214,null);
Insert into TEAM4_202104F.ECCST_SANCTNER (SANCTNER_NO,SANCTN_NO,SANCTNER_NM,SANCTNER_EMPNO,LN_NO,SANCTN_STTUS,LST_CONFIRM_AT,SANCTN_DATE,REPLACE_EMPNO,RESANC_AT) values ('sncn480','scno269','지호진','2',1,'L001','N',null,8987,null);
Insert into TEAM4_202104F.ECCST_SANCTNER (SANCTNER_NO,SANCTN_NO,SANCTNER_NM,SANCTNER_EMPNO,LN_NO,SANCTN_STTUS,LST_CONFIRM_AT,SANCTN_DATE,REPLACE_EMPNO,RESANC_AT) values ('sncn476','scno289','안병준','2104003',1,'L004','Y',to_date('2021/11/24','YYYY/MM/DD'),null,null);
Insert into TEAM4_202104F.ECCST_SANCTNER (SANCTNER_NO,SANCTN_NO,SANCTNER_NM,SANCTNER_EMPNO,LN_NO,SANCTN_STTUS,LST_CONFIRM_AT,SANCTN_DATE,REPLACE_EMPNO,RESANC_AT) values ('sncn477','scno290','강시후','321',1,'L004','Y',to_date('2021/11/24','YYYY/MM/DD'),3,'Y');
Insert into TEAM4_202104F.ECCST_SANCTNER (SANCTNER_NO,SANCTN_NO,SANCTNER_NM,SANCTNER_EMPNO,LN_NO,SANCTN_STTUS,LST_CONFIRM_AT,SANCTN_DATE,REPLACE_EMPNO,RESANC_AT) values ('sncn478','scno290','안병준','2104003',2,'L004','Y',to_date('2021/11/24','YYYY/MM/DD'),null,null);
Insert into TEAM4_202104F.ECCST_SANCTNER (SANCTNER_NO,SANCTN_NO,SANCTNER_NM,SANCTNER_EMPNO,LN_NO,SANCTN_STTUS,LST_CONFIRM_AT,SANCTN_DATE,REPLACE_EMPNO,RESANC_AT) values ('sncn479','scno288','안병준','2104003',1,'L001','N',null,null,null);
REM INSERTING into TEAM4_202104F.ECCST_SANCTN_MNGT
SET DEFINE OFF;
Insert into TEAM4_202104F.ECCST_SANCTN_MNGT (SANCTN_NO,FORM_NO,EMPNO,SJ,SCRTY_GRAD,PRSRV_PD,RGSDE,SANCTN_TMLMT,IPCR_CODE,STTUS_CODE,BGNDE,ENDDE,RETURN_REASON,NM) values ('scno60','erf5',123,'asdasdsadasdasdsa','보통','5년',to_date('2021/11/15','YYYY/MM/DD'),null,'H001','G004',null,null,null,'임원근');
Insert into TEAM4_202104F.ECCST_SANCTN_MNGT (SANCTN_NO,FORM_NO,EMPNO,SJ,SCRTY_GRAD,PRSRV_PD,RGSDE,SANCTN_TMLMT,IPCR_CODE,STTUS_CODE,BGNDE,ENDDE,RETURN_REASON,NM) values ('scno52','erf1',123,'sadfsfadfsad','보통','5년',to_date('2021/11/15','YYYY/MM/DD'),to_date('2021/11/15','YYYY/MM/DD'),'H001','G003',null,null,'반려 처리','임원근');
Insert into TEAM4_202104F.ECCST_SANCTN_MNGT (SANCTN_NO,FORM_NO,EMPNO,SJ,SCRTY_GRAD,PRSRV_PD,RGSDE,SANCTN_TMLMT,IPCR_CODE,STTUS_CODE,BGNDE,ENDDE,RETURN_REASON,NM) values ('scno53','erf1',123,'asdfgasdffasd','보통','5년',to_date('2021/11/15','YYYY/MM/DD'),to_date('2021/11/19','YYYY/MM/DD'),'H001','G004',null,null,null,'임원근');
Insert into TEAM4_202104F.ECCST_SANCTN_MNGT (SANCTN_NO,FORM_NO,EMPNO,SJ,SCRTY_GRAD,PRSRV_PD,RGSDE,SANCTN_TMLMT,IPCR_CODE,STTUS_CODE,BGNDE,ENDDE,RETURN_REASON,NM) values ('scno54','erf1',123,'asdfasdffasd','보통','5년',to_date('2021/11/15','YYYY/MM/DD'),null,'H001','G001',null,null,null,'임원근');
Insert into TEAM4_202104F.ECCST_SANCTN_MNGT (SANCTN_NO,FORM_NO,EMPNO,SJ,SCRTY_GRAD,PRSRV_PD,RGSDE,SANCTN_TMLMT,IPCR_CODE,STTUS_CODE,BGNDE,ENDDE,RETURN_REASON,NM) values ('scno55','erf1',123,'ASDFASDFFSAD','보통','5년',to_date('2021/11/15','YYYY/MM/DD'),null,'H001','G005',null,null,null,'임원근');
Insert into TEAM4_202104F.ECCST_SANCTN_MNGT (SANCTN_NO,FORM_NO,EMPNO,SJ,SCRTY_GRAD,PRSRV_PD,RGSDE,SANCTN_TMLMT,IPCR_CODE,STTUS_CODE,BGNDE,ENDDE,RETURN_REASON,NM) values ('scno83','erf1',123,'ㅁㄴㅇㄹㄻㅇㄴ','보통','5년',to_date('2021/11/17','YYYY/MM/DD'),null,'H001','G004',null,null,null,'임원근');
Insert into TEAM4_202104F.ECCST_SANCTN_MNGT (SANCTN_NO,FORM_NO,EMPNO,SJ,SCRTY_GRAD,PRSRV_PD,RGSDE,SANCTN_TMLMT,IPCR_CODE,STTUS_CODE,BGNDE,ENDDE,RETURN_REASON,NM) values ('scno5','erf1',123,'ㅎㅇ','보통','5년',to_date('2021/11/13','YYYY/MM/DD'),to_date('2021/11/13','YYYY/MM/DD'),'H001','G004',null,null,null,'임원근');
Insert into TEAM4_202104F.ECCST_SANCTN_MNGT (SANCTN_NO,FORM_NO,EMPNO,SJ,SCRTY_GRAD,PRSRV_PD,RGSDE,SANCTN_TMLMT,IPCR_CODE,STTUS_CODE,BGNDE,ENDDE,RETURN_REASON,NM) values ('scno63','erf5',123,'asdfsafd','보통','5년',to_date('2021/11/15','YYYY/MM/DD'),null,'H001','G004',null,null,null,'임원근');
Insert into TEAM4_202104F.ECCST_SANCTN_MNGT (SANCTN_NO,FORM_NO,EMPNO,SJ,SCRTY_GRAD,PRSRV_PD,RGSDE,SANCTN_TMLMT,IPCR_CODE,STTUS_CODE,BGNDE,ENDDE,RETURN_REASON,NM) values ('scno61','erf5',123,'asdfafsdafdsfadsasdf','보통','5년',to_date('2021/11/18','YYYY/MM/DD'),null,'H001','G004',null,null,null,'임원근');
Insert into TEAM4_202104F.ECCST_SANCTN_MNGT (SANCTN_NO,FORM_NO,EMPNO,SJ,SCRTY_GRAD,PRSRV_PD,RGSDE,SANCTN_TMLMT,IPCR_CODE,STTUS_CODE,BGNDE,ENDDE,RETURN_REASON,NM) values ('scno62','erf5',123,'asdfafsd','보통','5년',to_date('2021/11/15','YYYY/MM/DD'),null,'H001','G004',null,null,null,'임원근');
Insert into TEAM4_202104F.ECCST_SANCTN_MNGT (SANCTN_NO,FORM_NO,EMPNO,SJ,SCRTY_GRAD,PRSRV_PD,RGSDE,SANCTN_TMLMT,IPCR_CODE,STTUS_CODE,BGNDE,ENDDE,RETURN_REASON,NM) values ('scno1','erf1',1,'시차출퇴근제 신청합니다.',null,null,to_date('2021/10/29','YYYY/MM/DD'),null,'H001','G004',null,null,null,'성윤모');
Insert into TEAM4_202104F.ECCST_SANCTN_MNGT (SANCTN_NO,FORM_NO,EMPNO,SJ,SCRTY_GRAD,PRSRV_PD,RGSDE,SANCTN_TMLMT,IPCR_CODE,STTUS_CODE,BGNDE,ENDDE,RETURN_REASON,NM) values ('scno81','erf1',123,'asdfasdfasdffsdasdfa','보통','5년',to_date('2021/11/16','YYYY/MM/DD'),null,'H001','G004',null,null,null,'임원근');
Insert into TEAM4_202104F.ECCST_SANCTN_MNGT (SANCTN_NO,FORM_NO,EMPNO,SJ,SCRTY_GRAD,PRSRV_PD,RGSDE,SANCTN_TMLMT,IPCR_CODE,STTUS_CODE,BGNDE,ENDDE,RETURN_REASON,NM) values ('scno3','erf3',1,'연장근무 신청',null,null,to_date('2021/10/29','YYYY/MM/DD'),null,'H002','G003',null,null,null,'성윤모');
Insert into TEAM4_202104F.ECCST_SANCTN_MNGT (SANCTN_NO,FORM_NO,EMPNO,SJ,SCRTY_GRAD,PRSRV_PD,RGSDE,SANCTN_TMLMT,IPCR_CODE,STTUS_CODE,BGNDE,ENDDE,RETURN_REASON,NM) values ('scno4','erf3',3,'test',null,null,to_date('2021/11/08','YYYY/MM/DD'),null,'H002','G001',null,null,null,'홍길동');
Insert into TEAM4_202104F.ECCST_SANCTN_MNGT (SANCTN_NO,FORM_NO,EMPNO,SJ,SCRTY_GRAD,PRSRV_PD,RGSDE,SANCTN_TMLMT,IPCR_CODE,STTUS_CODE,BGNDE,ENDDE,RETURN_REASON,NM) values ('scno82','erf1',123,'ㄴㅁㅇㄹㄴㅁㅇㄹ','보통','5년',to_date('2021/11/16','YYYY/MM/DD'),null,'H001','G004',null,null,null,'임원근');
Insert into TEAM4_202104F.ECCST_SANCTN_MNGT (SANCTN_NO,FORM_NO,EMPNO,SJ,SCRTY_GRAD,PRSRV_PD,RGSDE,SANCTN_TMLMT,IPCR_CODE,STTUS_CODE,BGNDE,ENDDE,RETURN_REASON,NM) values ('scno84','erf1',123,'ㄴㅇㄻㄹㄴㅇㅁ','보통','5년',to_date('2021/11/16','YYYY/MM/DD'),null,'H001','G003',null,null,'반려 ㅋ','임원근');
Insert into TEAM4_202104F.ECCST_SANCTN_MNGT (SANCTN_NO,FORM_NO,EMPNO,SJ,SCRTY_GRAD,PRSRV_PD,RGSDE,SANCTN_TMLMT,IPCR_CODE,STTUS_CODE,BGNDE,ENDDE,RETURN_REASON,NM) values ('scno56','erf1',123,'asdfsfdafdas','보통','5년',to_date('2021/11/17','YYYY/MM/DD'),null,'H001','G004',null,null,null,'임원근');
Insert into TEAM4_202104F.ECCST_SANCTN_MNGT (SANCTN_NO,FORM_NO,EMPNO,SJ,SCRTY_GRAD,PRSRV_PD,RGSDE,SANCTN_TMLMT,IPCR_CODE,STTUS_CODE,BGNDE,ENDDE,RETURN_REASON,NM) values ('scno57','erf1',123,'ㄹㄴㅇㅁㅁㄹㄴㅇㅁㄴㄹㅇ','보통','5년',to_date('2021/11/15','YYYY/MM/DD'),null,'H001','G004',null,null,null,'임원근');
Insert into TEAM4_202104F.ECCST_SANCTN_MNGT (SANCTN_NO,FORM_NO,EMPNO,SJ,SCRTY_GRAD,PRSRV_PD,RGSDE,SANCTN_TMLMT,IPCR_CODE,STTUS_CODE,BGNDE,ENDDE,RETURN_REASON,NM) values ('scno86','erf1',123,'테스트입니다','보통','5년',to_date('2021/11/16','YYYY/MM/DD'),null,'H001','G004',null,null,null,'임원근');
Insert into TEAM4_202104F.ECCST_SANCTN_MNGT (SANCTN_NO,FORM_NO,EMPNO,SJ,SCRTY_GRAD,PRSRV_PD,RGSDE,SANCTN_TMLMT,IPCR_CODE,STTUS_CODE,BGNDE,ENDDE,RETURN_REASON,NM) values ('scno87','erf5',123,'밥먹자안먹자배먹자달먹자asdf','보통','5년',to_date('2021/11/19','YYYY/MM/DD'),to_date('2021/11/18','YYYY/MM/DD'),'H002','G003',null,null,'반려합니다','임원근');
Insert into TEAM4_202104F.ECCST_SANCTN_MNGT (SANCTN_NO,FORM_NO,EMPNO,SJ,SCRTY_GRAD,PRSRV_PD,RGSDE,SANCTN_TMLMT,IPCR_CODE,STTUS_CODE,BGNDE,ENDDE,RETURN_REASON,NM) values ('scno88','erf1',123,'장하늘테스트','보통','5년',to_date('2021/11/16','YYYY/MM/DD'),to_date('2021/11/03','YYYY/MM/DD'),'H003','G003',null,null,'ㅁㄴㄹㅇㅁㄴㄹㅇㅁㄴ','임원근');
Insert into TEAM4_202104F.ECCST_SANCTN_MNGT (SANCTN_NO,FORM_NO,EMPNO,SJ,SCRTY_GRAD,PRSRV_PD,RGSDE,SANCTN_TMLMT,IPCR_CODE,STTUS_CODE,BGNDE,ENDDE,RETURN_REASON,NM) values ('scno101','erf5',1,'임시저장용입니다.','보통','5년',to_date('2021/11/18','YYYY/MM/DD'),null,'H001','G003',null,null,null,'성윤모');
Insert into TEAM4_202104F.ECCST_SANCTN_MNGT (SANCTN_NO,FORM_NO,EMPNO,SJ,SCRTY_GRAD,PRSRV_PD,RGSDE,SANCTN_TMLMT,IPCR_CODE,STTUS_CODE,BGNDE,ENDDE,RETURN_REASON,NM) values ('scno102','erf1',1,'ㅂㅈㄷㄱ','보통','5년',to_date('2021/11/18','YYYY/MM/DD'),null,'H001','G004',null,null,null,'성윤모');
Insert into TEAM4_202104F.ECCST_SANCTN_MNGT (SANCTN_NO,FORM_NO,EMPNO,SJ,SCRTY_GRAD,PRSRV_PD,RGSDE,SANCTN_TMLMT,IPCR_CODE,STTUS_CODE,BGNDE,ENDDE,RETURN_REASON,NM) values ('scno105','erf1',2104006,'근태신청 상신합니다.','보통','5년',to_date('2021/11/22','YYYY/MM/DD'),to_date('2021/11/20','YYYY/MM/DD'),'H002','G003',null,null,'반려합니다','정재헌');
Insert into TEAM4_202104F.ECCST_SANCTN_MNGT (SANCTN_NO,FORM_NO,EMPNO,SJ,SCRTY_GRAD,PRSRV_PD,RGSDE,SANCTN_TMLMT,IPCR_CODE,STTUS_CODE,BGNDE,ENDDE,RETURN_REASON,NM) values ('scno103','erf1',123,'결재테스트','보통','5년',to_date('2021/11/19','YYYY/MM/DD'),to_date('2021/11/20','YYYY/MM/DD'),'H003','G005',null,null,null,'임원근');
Insert into TEAM4_202104F.ECCST_SANCTN_MNGT (SANCTN_NO,FORM_NO,EMPNO,SJ,SCRTY_GRAD,PRSRV_PD,RGSDE,SANCTN_TMLMT,IPCR_CODE,STTUS_CODE,BGNDE,ENDDE,RETURN_REASON,NM) values ('scno104','erf1',123,'테스트','보통','5년',to_date('2021/11/19','YYYY/MM/DD'),null,'H001','G003',null,null,null,'임원근');
Insert into TEAM4_202104F.ECCST_SANCTN_MNGT (SANCTN_NO,FORM_NO,EMPNO,SJ,SCRTY_GRAD,PRSRV_PD,RGSDE,SANCTN_TMLMT,IPCR_CODE,STTUS_CODE,BGNDE,ENDDE,RETURN_REASON,NM) values ('scno123','erf5',2104006,'이의신청하겠습니다','보통','5년',to_date('2021/11/19','YYYY/MM/DD'),null,'H001','G005',null,null,null,'정재헌');
Insert into TEAM4_202104F.ECCST_SANCTN_MNGT (SANCTN_NO,FORM_NO,EMPNO,SJ,SCRTY_GRAD,PRSRV_PD,RGSDE,SANCTN_TMLMT,IPCR_CODE,STTUS_CODE,BGNDE,ENDDE,RETURN_REASON,NM) values ('scno125','erf1',123,'fasdfsadasdf','보통','5년',to_date('2021/11/20','YYYY/MM/DD'),null,'H003','G004',null,null,null,'임원근');
Insert into TEAM4_202104F.ECCST_SANCTN_MNGT (SANCTN_NO,FORM_NO,EMPNO,SJ,SCRTY_GRAD,PRSRV_PD,RGSDE,SANCTN_TMLMT,IPCR_CODE,STTUS_CODE,BGNDE,ENDDE,RETURN_REASON,NM) values ('scno126','erf1',123,'번호넣을게','보통','5년',to_date('2021/11/19','YYYY/MM/DD'),null,'H001','G003',null,null,null,'임원근');
Insert into TEAM4_202104F.ECCST_SANCTN_MNGT (SANCTN_NO,FORM_NO,EMPNO,SJ,SCRTY_GRAD,PRSRV_PD,RGSDE,SANCTN_TMLMT,IPCR_CODE,STTUS_CODE,BGNDE,ENDDE,RETURN_REASON,NM) values ('scno127','erf5',123,'afsdfdasfdas','보통','5년',to_date('2021/11/19','YYYY/MM/DD'),null,'H001','G003',null,null,null,'임원근');
Insert into TEAM4_202104F.ECCST_SANCTN_MNGT (SANCTN_NO,FORM_NO,EMPNO,SJ,SCRTY_GRAD,PRSRV_PD,RGSDE,SANCTN_TMLMT,IPCR_CODE,STTUS_CODE,BGNDE,ENDDE,RETURN_REASON,NM) values ('scno141','erf1',2,'임시보간함 삭제','보통','5년',to_date('2021/11/19','YYYY/MM/DD'),to_date('2021/11/24','YYYY/MM/DD'),'H003','G004',null,null,null,'지호진');
Insert into TEAM4_202104F.ECCST_SANCTN_MNGT (SANCTN_NO,FORM_NO,EMPNO,SJ,SCRTY_GRAD,PRSRV_PD,RGSDE,SANCTN_TMLMT,IPCR_CODE,STTUS_CODE,BGNDE,ENDDE,RETURN_REASON,NM) values ('scno142','erf1',2,'123','보통','5년',to_date('2021/11/19','YYYY/MM/DD'),null,'H001','G004',null,null,null,'지호진');
Insert into TEAM4_202104F.ECCST_SANCTN_MNGT (SANCTN_NO,FORM_NO,EMPNO,SJ,SCRTY_GRAD,PRSRV_PD,RGSDE,SANCTN_TMLMT,IPCR_CODE,STTUS_CODE,BGNDE,ENDDE,RETURN_REASON,NM) values ('scno161','erf5',123,'이의신청123ㄴㅁㄻㄴㄴㅁㄹㅇ','보통','5년',to_date('2021/11/20','YYYY/MM/DD'),to_date('2021/11/26','YYYY/MM/DD'),'H002','G005',null,null,null,'임원근');
Insert into TEAM4_202104F.ECCST_SANCTN_MNGT (SANCTN_NO,FORM_NO,EMPNO,SJ,SCRTY_GRAD,PRSRV_PD,RGSDE,SANCTN_TMLMT,IPCR_CODE,STTUS_CODE,BGNDE,ENDDE,RETURN_REASON,NM) values ('scno100','erf2',2104003,'연차신청','보통','5년',to_date('2021/11/01','YYYY/MM/DD'),to_date('2021/11/02','YYYY/MM/DD'),'H001','G005',to_date('2021/11/11','YYYY/MM/DD'),to_date('2021/11/11','YYYY/MM/DD'),null,'안병준');
Insert into TEAM4_202104F.ECCST_SANCTN_MNGT (SANCTN_NO,FORM_NO,EMPNO,SJ,SCRTY_GRAD,PRSRV_PD,RGSDE,SANCTN_TMLMT,IPCR_CODE,STTUS_CODE,BGNDE,ENDDE,RETURN_REASON,NM) values ('scno1001','erf2',2104003,'연차신청','보통','5년',to_date('2021/11/01','YYYY/MM/DD'),to_date('2021/11/02','YYYY/MM/DD'),'H001','G005',to_date('2021/11/11','YYYY/MM/DD'),to_date('2021/11/11','YYYY/MM/DD'),null,'안병준');
Insert into TEAM4_202104F.ECCST_SANCTN_MNGT (SANCTN_NO,FORM_NO,EMPNO,SJ,SCRTY_GRAD,PRSRV_PD,RGSDE,SANCTN_TMLMT,IPCR_CODE,STTUS_CODE,BGNDE,ENDDE,RETURN_REASON,NM) values ('scno1002','erf2',2104003,'연차신청','보통','5년',to_date('2021/11/01','YYYY/MM/DD'),to_date('2021/11/02','YYYY/MM/DD'),'H001','G005',to_date('2021/11/11','YYYY/MM/DD'),to_date('2021/11/11','YYYY/MM/DD'),null,'안병준');
Insert into TEAM4_202104F.ECCST_SANCTN_MNGT (SANCTN_NO,FORM_NO,EMPNO,SJ,SCRTY_GRAD,PRSRV_PD,RGSDE,SANCTN_TMLMT,IPCR_CODE,STTUS_CODE,BGNDE,ENDDE,RETURN_REASON,NM) values ('scno1003','erf2',2104003,'연차신청','보통','5년',to_date('2021/11/01','YYYY/MM/DD'),to_date('2021/11/02','YYYY/MM/DD'),'H001','G005',to_date('2021/11/11','YYYY/MM/DD'),to_date('2021/11/11','YYYY/MM/DD'),null,'안병준');
Insert into TEAM4_202104F.ECCST_SANCTN_MNGT (SANCTN_NO,FORM_NO,EMPNO,SJ,SCRTY_GRAD,PRSRV_PD,RGSDE,SANCTN_TMLMT,IPCR_CODE,STTUS_CODE,BGNDE,ENDDE,RETURN_REASON,NM) values ('scno1007','erf2',2104003,'반차신청','보통','5년',to_date('2020/11/01','YYYY/MM/DD'),to_date('2020/11/02','YYYY/MM/DD'),'H001','G005',to_date('2020/11/11','YYYY/MM/DD'),to_date('2020/11/11','YYYY/MM/DD'),null,'안병준');
Insert into TEAM4_202104F.ECCST_SANCTN_MNGT (SANCTN_NO,FORM_NO,EMPNO,SJ,SCRTY_GRAD,PRSRV_PD,RGSDE,SANCTN_TMLMT,IPCR_CODE,STTUS_CODE,BGNDE,ENDDE,RETURN_REASON,NM) values ('scno10011','erf2',2104003,'연차신청','보통','5년',to_date('2021/11/01','YYYY/MM/DD'),to_date('2021/11/02','YYYY/MM/DD'),'H001','G005',to_date('2021/11/11','YYYY/MM/DD'),to_date('2021/11/11','YYYY/MM/DD'),null,'안병준');
Insert into TEAM4_202104F.ECCST_SANCTN_MNGT (SANCTN_NO,FORM_NO,EMPNO,SJ,SCRTY_GRAD,PRSRV_PD,RGSDE,SANCTN_TMLMT,IPCR_CODE,STTUS_CODE,BGNDE,ENDDE,RETURN_REASON,NM) values ('scno10012','erf2',2104003,'연차신청','보통','5년',to_date('2021/11/01','YYYY/MM/DD'),to_date('2021/11/02','YYYY/MM/DD'),'H001','G005',to_date('2021/11/11','YYYY/MM/DD'),to_date('2021/11/11','YYYY/MM/DD'),null,'정재헌');
Insert into TEAM4_202104F.ECCST_SANCTN_MNGT (SANCTN_NO,FORM_NO,EMPNO,SJ,SCRTY_GRAD,PRSRV_PD,RGSDE,SANCTN_TMLMT,IPCR_CODE,STTUS_CODE,BGNDE,ENDDE,RETURN_REASON,NM) values ('scno1008','erf2',2104003,'반차신청','보통','5년',to_date('2021/11/01','YYYY/MM/DD'),to_date('2021/11/02','YYYY/MM/DD'),'H001','G005',to_date('2021/11/11','YYYY/MM/DD'),to_date('2021/11/11','YYYY/MM/DD'),null,'안병준');
Insert into TEAM4_202104F.ECCST_SANCTN_MNGT (SANCTN_NO,FORM_NO,EMPNO,SJ,SCRTY_GRAD,PRSRV_PD,RGSDE,SANCTN_TMLMT,IPCR_CODE,STTUS_CODE,BGNDE,ENDDE,RETURN_REASON,NM) values ('scno1009','erf2',2104003,'반차신청','보통','5년',to_date('2021/11/01','YYYY/MM/DD'),to_date('2021/11/02','YYYY/MM/DD'),'H001','G005',to_date('2021/11/11','YYYY/MM/DD'),to_date('2021/11/11','YYYY/MM/DD'),null,'안병준');
Insert into TEAM4_202104F.ECCST_SANCTN_MNGT (SANCTN_NO,FORM_NO,EMPNO,SJ,SCRTY_GRAD,PRSRV_PD,RGSDE,SANCTN_TMLMT,IPCR_CODE,STTUS_CODE,BGNDE,ENDDE,RETURN_REASON,NM) values ('scno10010','erf2',2104003,'반차신청','보통','5년',to_date('2021/11/01','YYYY/MM/DD'),to_date('2021/11/02','YYYY/MM/DD'),'H001','G005',to_date('2021/11/11','YYYY/MM/DD'),to_date('2021/11/11','YYYY/MM/DD'),null,'안병준');
Insert into TEAM4_202104F.ECCST_SANCTN_MNGT (SANCTN_NO,FORM_NO,EMPNO,SJ,SCRTY_GRAD,PRSRV_PD,RGSDE,SANCTN_TMLMT,IPCR_CODE,STTUS_CODE,BGNDE,ENDDE,RETURN_REASON,NM) values ('scno181','erf1',8,'결재 대기 test','보통','5년',to_date('2021/11/20','YYYY/MM/DD'),to_date('2021/11/26','YYYY/MM/DD'),'H001','G003',null,null,'반려합니다','김더미');
Insert into TEAM4_202104F.ECCST_SANCTN_MNGT (SANCTN_NO,FORM_NO,EMPNO,SJ,SCRTY_GRAD,PRSRV_PD,RGSDE,SANCTN_TMLMT,IPCR_CODE,STTUS_CODE,BGNDE,ENDDE,RETURN_REASON,NM) values ('scno182','erf1',123,'asd','보통','5년',to_date('2021/11/22','YYYY/MM/DD'),null,'H001','G003',null,null,'아쉬워','임원근');
Insert into TEAM4_202104F.ECCST_SANCTN_MNGT (SANCTN_NO,FORM_NO,EMPNO,SJ,SCRTY_GRAD,PRSRV_PD,RGSDE,SANCTN_TMLMT,IPCR_CODE,STTUS_CODE,BGNDE,ENDDE,RETURN_REASON,NM) values ('scno126999','erf2',2104003,'연차신청','보통','5년',to_date('2021/11/20','YYYY/MM/DD'),to_date('2021/11/20','YYYY/MM/DD'),'H001','G005',to_date('2021/11/11','YYYY/MM/DD'),to_date('2021/11/11','YYYY/MM/DD'),null,'안병준');
Insert into TEAM4_202104F.ECCST_SANCTN_MNGT (SANCTN_NO,FORM_NO,EMPNO,SJ,SCRTY_GRAD,PRSRV_PD,RGSDE,SANCTN_TMLMT,IPCR_CODE,STTUS_CODE,BGNDE,ENDDE,RETURN_REASON,NM) values ('scno121','erf5',123,'이의신청합니다','보통','5년',to_date('2021/11/19','YYYY/MM/DD'),null,'H001','G005',null,null,null,'임원근');
Insert into TEAM4_202104F.ECCST_SANCTN_MNGT (SANCTN_NO,FORM_NO,EMPNO,SJ,SCRTY_GRAD,PRSRV_PD,RGSDE,SANCTN_TMLMT,IPCR_CODE,STTUS_CODE,BGNDE,ENDDE,RETURN_REASON,NM) values ('scno122','erf1',2104006,'근태시청올립니다','보통','5년',to_date('2021/11/23','YYYY/MM/DD'),to_date('2021/11/20','YYYY/MM/DD'),'H001','G004',null,null,null,'정재헌');
Insert into TEAM4_202104F.ECCST_SANCTN_MNGT (SANCTN_NO,FORM_NO,EMPNO,SJ,SCRTY_GRAD,PRSRV_PD,RGSDE,SANCTN_TMLMT,IPCR_CODE,STTUS_CODE,BGNDE,ENDDE,RETURN_REASON,NM) values ('scno124','erf1',2104006,'근태신청합니다','보통','5년',to_date('2021/11/19','YYYY/MM/DD'),null,'H001','G005',null,null,null,'정재헌');
Insert into TEAM4_202104F.ECCST_SANCTN_MNGT (SANCTN_NO,FORM_NO,EMPNO,SJ,SCRTY_GRAD,PRSRV_PD,RGSDE,SANCTN_TMLMT,IPCR_CODE,STTUS_CODE,BGNDE,ENDDE,RETURN_REASON,NM) values ('scno85','erf1',123,'123','보통','5년',to_date('2021/11/16','YYYY/MM/DD'),null,'H001','G004',null,null,null,'임원근');
Insert into TEAM4_202104F.ECCST_SANCTN_MNGT (SANCTN_NO,FORM_NO,EMPNO,SJ,SCRTY_GRAD,PRSRV_PD,RGSDE,SANCTN_TMLMT,IPCR_CODE,STTUS_CODE,BGNDE,ENDDE,RETURN_REASON,NM) values ('scno128','erf5',123,'123123123123123123','보통','5년',to_date('2021/11/22','YYYY/MM/DD'),null,'H001','G005',null,null,null,'임원근');
Insert into TEAM4_202104F.ECCST_SANCTN_MNGT (SANCTN_NO,FORM_NO,EMPNO,SJ,SCRTY_GRAD,PRSRV_PD,RGSDE,SANCTN_TMLMT,IPCR_CODE,STTUS_CODE,BGNDE,ENDDE,RETURN_REASON,NM) values ('scno201','erf1',123,'쉬는것도일','보통','5년',to_date('2021/11/22','YYYY/MM/DD'),to_date('2021/11/25','YYYY/MM/DD'),'H002','G003',null,null,'반려 ㅋㅋㅋ','임원근');
Insert into TEAM4_202104F.ECCST_SANCTN_MNGT (SANCTN_NO,FORM_NO,EMPNO,SJ,SCRTY_GRAD,PRSRV_PD,RGSDE,SANCTN_TMLMT,IPCR_CODE,STTUS_CODE,BGNDE,ENDDE,RETURN_REASON,NM) values ('scno202','erf1',123,'임저테','보통','5년',to_date('2021/11/22','YYYY/MM/DD'),null,'H001','G001',null,null,null,'임원근');
Insert into TEAM4_202104F.ECCST_SANCTN_MNGT (SANCTN_NO,FORM_NO,EMPNO,SJ,SCRTY_GRAD,PRSRV_PD,RGSDE,SANCTN_TMLMT,IPCR_CODE,STTUS_CODE,BGNDE,ENDDE,RETURN_REASON,NM) values ('scno203','erf1',123,'asdf123','보통','5년',to_date('2021/11/22','YYYY/MM/DD'),null,'H001','G001',null,null,null,'임원근');
Insert into TEAM4_202104F.ECCST_SANCTN_MNGT (SANCTN_NO,FORM_NO,EMPNO,SJ,SCRTY_GRAD,PRSRV_PD,RGSDE,SANCTN_TMLMT,IPCR_CODE,STTUS_CODE,BGNDE,ENDDE,RETURN_REASON,NM) values ('scno228','erf1',2104006,'근태신청','보통','5년',to_date('2021/11/22','YYYY/MM/DD'),to_date('2021/11/24','YYYY/MM/DD'),'H002','G004',null,null,null,'정재헌');
Insert into TEAM4_202104F.ECCST_SANCTN_MNGT (SANCTN_NO,FORM_NO,EMPNO,SJ,SCRTY_GRAD,PRSRV_PD,RGSDE,SANCTN_TMLMT,IPCR_CODE,STTUS_CODE,BGNDE,ENDDE,RETURN_REASON,NM) values ('scno237','erf4',2104006,'일반품의신청합니다.','보통','5년',to_date('2021/11/23','YYYY/MM/DD'),null,'H001','G004',null,null,null,'정재헌');
Insert into TEAM4_202104F.ECCST_SANCTN_MNGT (SANCTN_NO,FORM_NO,EMPNO,SJ,SCRTY_GRAD,PRSRV_PD,RGSDE,SANCTN_TMLMT,IPCR_CODE,STTUS_CODE,BGNDE,ENDDE,RETURN_REASON,NM) values ('scno234','erf5',2104006,'이신','보통','5년',to_date('2021/11/23','YYYY/MM/DD'),null,'H001','G005',to_date('2021/11/14','YYYY/MM/DD'),to_date('2021/11/14','YYYY/MM/DD'),null,'정재헌');
Insert into TEAM4_202104F.ECCST_SANCTN_MNGT (SANCTN_NO,FORM_NO,EMPNO,SJ,SCRTY_GRAD,PRSRV_PD,RGSDE,SANCTN_TMLMT,IPCR_CODE,STTUS_CODE,BGNDE,ENDDE,RETURN_REASON,NM) values ('scno222','erf1',123,'2014','보통','5년',to_date('2021/11/22','YYYY/MM/DD'),null,'H001','G001',null,null,null,'임원근');
Insert into TEAM4_202104F.ECCST_SANCTN_MNGT (SANCTN_NO,FORM_NO,EMPNO,SJ,SCRTY_GRAD,PRSRV_PD,RGSDE,SANCTN_TMLMT,IPCR_CODE,STTUS_CODE,BGNDE,ENDDE,RETURN_REASON,NM) values ('scno235','erf5',2104006,'asdf','보통','5년',to_date('2021/11/23','YYYY/MM/DD'),null,'H001','G005',to_date('2021/11/13','YYYY/MM/DD'),to_date('2021/11/13','YYYY/MM/DD'),null,'정재헌');
Insert into TEAM4_202104F.ECCST_SANCTN_MNGT (SANCTN_NO,FORM_NO,EMPNO,SJ,SCRTY_GRAD,PRSRV_PD,RGSDE,SANCTN_TMLMT,IPCR_CODE,STTUS_CODE,BGNDE,ENDDE,RETURN_REASON,NM) values ('scno238','erf2',2104006,'휴가신청합니다.','보통','5년',to_date('2021/11/23','YYYY/MM/DD'),null,'H001','G005',to_date('2021/11/24','YYYY/MM/DD'),to_date('2021/11/26','YYYY/MM/DD'),null,'정재헌');
Insert into TEAM4_202104F.ECCST_SANCTN_MNGT (SANCTN_NO,FORM_NO,EMPNO,SJ,SCRTY_GRAD,PRSRV_PD,RGSDE,SANCTN_TMLMT,IPCR_CODE,STTUS_CODE,BGNDE,ENDDE,RETURN_REASON,NM) values ('scno223','erf1',123,'대결승인테스트','보통','5년',to_date('2021/11/22','YYYY/MM/DD'),null,'H001','G004',null,null,null,'임원근');
Insert into TEAM4_202104F.ECCST_SANCTN_MNGT (SANCTN_NO,FORM_NO,EMPNO,SJ,SCRTY_GRAD,PRSRV_PD,RGSDE,SANCTN_TMLMT,IPCR_CODE,STTUS_CODE,BGNDE,ENDDE,RETURN_REASON,NM) values ('scno224','erf1',123,'결재승인테스트','보통','5년',to_date('2021/11/22','YYYY/MM/DD'),null,'H001','G005',null,null,null,'임원근');
Insert into TEAM4_202104F.ECCST_SANCTN_MNGT (SANCTN_NO,FORM_NO,EMPNO,SJ,SCRTY_GRAD,PRSRV_PD,RGSDE,SANCTN_TMLMT,IPCR_CODE,STTUS_CODE,BGNDE,ENDDE,RETURN_REASON,NM) values ('scno221','erf1',123,'asdfzxc','보통','5년',to_date('2021/11/22','YYYY/MM/DD'),null,'H001','G001',null,null,null,'임원근');
Insert into TEAM4_202104F.ECCST_SANCTN_MNGT (SANCTN_NO,FORM_NO,EMPNO,SJ,SCRTY_GRAD,PRSRV_PD,RGSDE,SANCTN_TMLMT,IPCR_CODE,STTUS_CODE,BGNDE,ENDDE,RETURN_REASON,NM) values ('scno227','erf4',2104006,'결재품의;','보통','5년',to_date('2021/11/22','YYYY/MM/DD'),to_date('2021/11/24','YYYY/MM/DD'),'H002','G001',null,null,null,'정재헌');
Insert into TEAM4_202104F.ECCST_SANCTN_MNGT (SANCTN_NO,FORM_NO,EMPNO,SJ,SCRTY_GRAD,PRSRV_PD,RGSDE,SANCTN_TMLMT,IPCR_CODE,STTUS_CODE,BGNDE,ENDDE,RETURN_REASON,NM) values ('scno236','erf5',2104006,'근태이의신청합니다.','보통','5년',to_date('2021/11/23','YYYY/MM/DD'),null,'H001','G005',to_date('2021/11/15','YYYY/MM/DD'),to_date('2021/11/15','YYYY/MM/DD'),null,'정재헌');
Insert into TEAM4_202104F.ECCST_SANCTN_MNGT (SANCTN_NO,FORM_NO,EMPNO,SJ,SCRTY_GRAD,PRSRV_PD,RGSDE,SANCTN_TMLMT,IPCR_CODE,STTUS_CODE,BGNDE,ENDDE,RETURN_REASON,NM) values ('scno225','erf1',123,'결재반려테스트','보통','5년',to_date('2021/11/22','YYYY/MM/DD'),null,'H001','G003',null,null,'절대안대','임원근');
Insert into TEAM4_202104F.ECCST_SANCTN_MNGT (SANCTN_NO,FORM_NO,EMPNO,SJ,SCRTY_GRAD,PRSRV_PD,RGSDE,SANCTN_TMLMT,IPCR_CODE,STTUS_CODE,BGNDE,ENDDE,RETURN_REASON,NM) values ('scno226','erf1',2104006,'시차출퇴근제 변경신청합니다','보통','5년',to_date('2021/11/22','YYYY/MM/DD'),to_date('2021/11/25','YYYY/MM/DD'),'H002','G004',null,null,null,'정재헌');
Insert into TEAM4_202104F.ECCST_SANCTN_MNGT (SANCTN_NO,FORM_NO,EMPNO,SJ,SCRTY_GRAD,PRSRV_PD,RGSDE,SANCTN_TMLMT,IPCR_CODE,STTUS_CODE,BGNDE,ENDDE,RETURN_REASON,NM) values ('scno229','erf4',2104006,'업무','보통','5년',to_date('2021/11/22','YYYY/MM/DD'),to_date('2021/11/24','YYYY/MM/DD'),'H002','G005',null,null,null,'정재헌');
Insert into TEAM4_202104F.ECCST_SANCTN_MNGT (SANCTN_NO,FORM_NO,EMPNO,SJ,SCRTY_GRAD,PRSRV_PD,RGSDE,SANCTN_TMLMT,IPCR_CODE,STTUS_CODE,BGNDE,ENDDE,RETURN_REASON,NM) values ('scno230','erf4',2104006,'품의서','보통','5년',to_date('2021/11/22','YYYY/MM/DD'),null,'H002','G005',null,null,null,'정재헌');
Insert into TEAM4_202104F.ECCST_SANCTN_MNGT (SANCTN_NO,FORM_NO,EMPNO,SJ,SCRTY_GRAD,PRSRV_PD,RGSDE,SANCTN_TMLMT,IPCR_CODE,STTUS_CODE,BGNDE,ENDDE,RETURN_REASON,NM) values ('scno239','erf2',2104006,'신청합니다','보통','5년',to_date('2021/11/23','YYYY/MM/DD'),null,'H001','G005',to_date('2021/11/24','YYYY/MM/DD'),to_date('2021/11/26','YYYY/MM/DD'),null,'정재헌');
Insert into TEAM4_202104F.ECCST_SANCTN_MNGT (SANCTN_NO,FORM_NO,EMPNO,SJ,SCRTY_GRAD,PRSRV_PD,RGSDE,SANCTN_TMLMT,IPCR_CODE,STTUS_CODE,BGNDE,ENDDE,RETURN_REASON,NM) values ('scno240','erf2',2104006,'휴가신청합니다.','보통','5년',to_date('2021/11/23','YYYY/MM/DD'),null,'H001','G005',to_date('2021/11/26','YYYY/MM/DD'),to_date('2021/11/30','YYYY/MM/DD'),null,'정재헌');
Insert into TEAM4_202104F.ECCST_SANCTN_MNGT (SANCTN_NO,FORM_NO,EMPNO,SJ,SCRTY_GRAD,PRSRV_PD,RGSDE,SANCTN_TMLMT,IPCR_CODE,STTUS_CODE,BGNDE,ENDDE,RETURN_REASON,NM) values ('scno241','erf2',2104006,'결재신청합니다.','보통','5년',to_date('2021/11/23','YYYY/MM/DD'),null,'H001','G005',to_date('2021/11/25','YYYY/MM/DD'),to_date('2021/11/27','YYYY/MM/DD'),null,'정재헌');
Insert into TEAM4_202104F.ECCST_SANCTN_MNGT (SANCTN_NO,FORM_NO,EMPNO,SJ,SCRTY_GRAD,PRSRV_PD,RGSDE,SANCTN_TMLMT,IPCR_CODE,STTUS_CODE,BGNDE,ENDDE,RETURN_REASON,NM) values ('scno242','erf2',2104006,'결재신청합니다.','보통','5년',to_date('2021/11/23','YYYY/MM/DD'),null,'H001','G005',to_date('2021/11/25','YYYY/MM/DD'),to_date('2021/11/27','YYYY/MM/DD'),null,'정재헌');
Insert into TEAM4_202104F.ECCST_SANCTN_MNGT (SANCTN_NO,FORM_NO,EMPNO,SJ,SCRTY_GRAD,PRSRV_PD,RGSDE,SANCTN_TMLMT,IPCR_CODE,STTUS_CODE,BGNDE,ENDDE,RETURN_REASON,NM) values ('scno274','erf5',2104006,'결재신청 올립니다.','보통','5년',to_date('2021/11/23','YYYY/MM/DD'),null,'H001','G005',to_date('2021/11/17','YYYY/MM/DD'),to_date('2021/11/17','YYYY/MM/DD'),null,'정재헌');
Insert into TEAM4_202104F.ECCST_SANCTN_MNGT (SANCTN_NO,FORM_NO,EMPNO,SJ,SCRTY_GRAD,PRSRV_PD,RGSDE,SANCTN_TMLMT,IPCR_CODE,STTUS_CODE,BGNDE,ENDDE,RETURN_REASON,NM) values ('scno243','erf2',2104006,'휴가신청합니다.','보통','5년',to_date('2021/11/23','YYYY/MM/DD'),null,'H001','G005',to_date('2021/11/25','YYYY/MM/DD'),to_date('2021/11/27','YYYY/MM/DD'),null,'정재헌');
Insert into TEAM4_202104F.ECCST_SANCTN_MNGT (SANCTN_NO,FORM_NO,EMPNO,SJ,SCRTY_GRAD,PRSRV_PD,RGSDE,SANCTN_TMLMT,IPCR_CODE,STTUS_CODE,BGNDE,ENDDE,RETURN_REASON,NM) values ('scno263','erf1',2104006,'근태신청합니다','보통','5년',to_date('2021/11/23','YYYY/MM/DD'),null,'H001','G004',null,null,null,'정재헌');
Insert into TEAM4_202104F.ECCST_SANCTN_MNGT (SANCTN_NO,FORM_NO,EMPNO,SJ,SCRTY_GRAD,PRSRV_PD,RGSDE,SANCTN_TMLMT,IPCR_CODE,STTUS_CODE,BGNDE,ENDDE,RETURN_REASON,NM) values ('scno244','erf2',1,'휴가신청합니다.','보통','5년',to_date('2021/11/23','YYYY/MM/DD'),null,'H001','G005',to_date('2021/11/24','YYYY/MM/DD'),to_date('2021/11/26','YYYY/MM/DD'),null,'성윤모');
Insert into TEAM4_202104F.ECCST_SANCTN_MNGT (SANCTN_NO,FORM_NO,EMPNO,SJ,SCRTY_GRAD,PRSRV_PD,RGSDE,SANCTN_TMLMT,IPCR_CODE,STTUS_CODE,BGNDE,ENDDE,RETURN_REASON,NM) values ('scno245','erf2',1,'휴가신청합니다.','보통','5년',to_date('2021/11/23','YYYY/MM/DD'),null,'H001','G005',to_date('2021/11/02','YYYY/MM/DD'),to_date('2021/11/10','YYYY/MM/DD'),null,'성윤모');
Insert into TEAM4_202104F.ECCST_SANCTN_MNGT (SANCTN_NO,FORM_NO,EMPNO,SJ,SCRTY_GRAD,PRSRV_PD,RGSDE,SANCTN_TMLMT,IPCR_CODE,STTUS_CODE,BGNDE,ENDDE,RETURN_REASON,NM) values ('scno264','erf2',2104006,'휴가신청합니다.','보통','5년',to_date('2021/11/23','YYYY/MM/DD'),null,'H001','G005',to_date('2021/11/24','YYYY/MM/DD'),to_date('2021/11/25','YYYY/MM/DD'),null,'정재헌');
Insert into TEAM4_202104F.ECCST_SANCTN_MNGT (SANCTN_NO,FORM_NO,EMPNO,SJ,SCRTY_GRAD,PRSRV_PD,RGSDE,SANCTN_TMLMT,IPCR_CODE,STTUS_CODE,BGNDE,ENDDE,RETURN_REASON,NM) values ('scno265','erf5',2104006,'이의신청합니다.','보통','5년',to_date('2021/11/23','YYYY/MM/DD'),null,'H001','G005',to_date('2021/11/16','YYYY/MM/DD'),to_date('2021/11/16','YYYY/MM/DD'),null,'정재헌');
Insert into TEAM4_202104F.ECCST_SANCTN_MNGT (SANCTN_NO,FORM_NO,EMPNO,SJ,SCRTY_GRAD,PRSRV_PD,RGSDE,SANCTN_TMLMT,IPCR_CODE,STTUS_CODE,BGNDE,ENDDE,RETURN_REASON,NM) values ('scno267','erf5',2104006,'이의신청합니다.','보통','5년',to_date('2021/11/23','YYYY/MM/DD'),null,'H001','G005',to_date('2021/11/17','YYYY/MM/DD'),to_date('2021/11/17','YYYY/MM/DD'),null,'정재헌');
Insert into TEAM4_202104F.ECCST_SANCTN_MNGT (SANCTN_NO,FORM_NO,EMPNO,SJ,SCRTY_GRAD,PRSRV_PD,RGSDE,SANCTN_TMLMT,IPCR_CODE,STTUS_CODE,BGNDE,ENDDE,RETURN_REASON,NM) values ('scno268','erf1',2104006,'오전1 타임으로 근태신청합니다.','보통','5년',to_date('2021/11/23','YYYY/MM/DD'),to_date('2021/11/30','YYYY/MM/DD'),'H001','G003',null,null,'반려합니다','정재헌');
Insert into TEAM4_202104F.ECCST_SANCTN_MNGT (SANCTN_NO,FORM_NO,EMPNO,SJ,SCRTY_GRAD,PRSRV_PD,RGSDE,SANCTN_TMLMT,IPCR_CODE,STTUS_CODE,BGNDE,ENDDE,RETURN_REASON,NM) values ('scno269','erf1',2104006,'오전2 타임으로  결재신청합니다','보통','5년',to_date('2021/11/24','YYYY/MM/DD'),null,'H001','G004',null,null,'반려합니다.','정재헌');
Insert into TEAM4_202104F.ECCST_SANCTN_MNGT (SANCTN_NO,FORM_NO,EMPNO,SJ,SCRTY_GRAD,PRSRV_PD,RGSDE,SANCTN_TMLMT,IPCR_CODE,STTUS_CODE,BGNDE,ENDDE,RETURN_REASON,NM) values ('scno270','erf1',2104006,'오후1타임으로 결재신청합니다.','보통','5년',to_date('2021/11/23','YYYY/MM/DD'),to_date('2021/11/24','YYYY/MM/DD'),'H001','G004',null,null,null,'정재헌');
Insert into TEAM4_202104F.ECCST_SANCTN_MNGT (SANCTN_NO,FORM_NO,EMPNO,SJ,SCRTY_GRAD,PRSRV_PD,RGSDE,SANCTN_TMLMT,IPCR_CODE,STTUS_CODE,BGNDE,ENDDE,RETURN_REASON,NM) values ('scno271','erf5',2104006,'이의신청합니다.','보통','5년',to_date('2021/11/23','YYYY/MM/DD'),null,'H001','G005',to_date('2021/11/23','YYYY/MM/DD'),to_date('2021/11/20','YYYY/MM/DD'),null,'정재헌');
Insert into TEAM4_202104F.ECCST_SANCTN_MNGT (SANCTN_NO,FORM_NO,EMPNO,SJ,SCRTY_GRAD,PRSRV_PD,RGSDE,SANCTN_TMLMT,IPCR_CODE,STTUS_CODE,BGNDE,ENDDE,RETURN_REASON,NM) values ('scno272','erf2',2104006,'11/4~11-6  휴가신청합니다.','보통','5년',to_date('2021/11/23','YYYY/MM/DD'),null,'H001','G005',to_date('2021/11/04','YYYY/MM/DD'),to_date('2021/11/06','YYYY/MM/DD'),null,'정재헌');
Insert into TEAM4_202104F.ECCST_SANCTN_MNGT (SANCTN_NO,FORM_NO,EMPNO,SJ,SCRTY_GRAD,PRSRV_PD,RGSDE,SANCTN_TMLMT,IPCR_CODE,STTUS_CODE,BGNDE,ENDDE,RETURN_REASON,NM) values ('scno273','erf5',2104006,'11/20 근태이의신청합니다.','보통','5년',to_date('2021/11/23','YYYY/MM/DD'),null,'H001','G005',to_date('2021/11/20','YYYY/MM/DD'),to_date('2021/11/20','YYYY/MM/DD'),null,'정재헌');
Insert into TEAM4_202104F.ECCST_SANCTN_MNGT (SANCTN_NO,FORM_NO,EMPNO,SJ,SCRTY_GRAD,PRSRV_PD,RGSDE,SANCTN_TMLMT,IPCR_CODE,STTUS_CODE,BGNDE,ENDDE,RETURN_REASON,NM) values ('scno266','erf1',2104006,'근태신청합니다','보통','5년',to_date('2021/11/23','YYYY/MM/DD'),null,'H001','G004',null,null,null,'정재헌');
Insert into TEAM4_202104F.ECCST_SANCTN_MNGT (SANCTN_NO,FORM_NO,EMPNO,SJ,SCRTY_GRAD,PRSRV_PD,RGSDE,SANCTN_TMLMT,IPCR_CODE,STTUS_CODE,BGNDE,ENDDE,RETURN_REASON,NM) values ('scno275','erf2',2104006,'휴가신청 올립니다.','보통','5년',to_date('2021/11/23','YYYY/MM/DD'),null,'H001','G005',to_date('2021/10/05','YYYY/MM/DD'),to_date('2021/10/06','YYYY/MM/DD'),null,'정재헌');
Insert into TEAM4_202104F.ECCST_SANCTN_MNGT (SANCTN_NO,FORM_NO,EMPNO,SJ,SCRTY_GRAD,PRSRV_PD,RGSDE,SANCTN_TMLMT,IPCR_CODE,STTUS_CODE,BGNDE,ENDDE,RETURN_REASON,NM) values ('scno281','erf1',2104006,'근태신청합니다.','보통','5년',to_date('2021/11/24','YYYY/MM/DD'),null,'H001','G004',null,null,null,'정재헌');
Insert into TEAM4_202104F.ECCST_SANCTN_MNGT (SANCTN_NO,FORM_NO,EMPNO,SJ,SCRTY_GRAD,PRSRV_PD,RGSDE,SANCTN_TMLMT,IPCR_CODE,STTUS_CODE,BGNDE,ENDDE,RETURN_REASON,NM) values ('scno282','erf2',2104006,'10월 휴가신청합니다.','보통','5년',to_date('2021/11/24','YYYY/MM/DD'),null,'H001','G005',to_date('2021/10/28','YYYY/MM/DD'),to_date('2021/10/29','YYYY/MM/DD'),null,'정재헌');
Insert into TEAM4_202104F.ECCST_SANCTN_MNGT (SANCTN_NO,FORM_NO,EMPNO,SJ,SCRTY_GRAD,PRSRV_PD,RGSDE,SANCTN_TMLMT,IPCR_CODE,STTUS_CODE,BGNDE,ENDDE,RETURN_REASON,NM) values ('scno283','erf5',2104006,'11/18 이의신청합니다.','보통','5년',to_date('2021/11/24','YYYY/MM/DD'),null,'H001','G005',to_date('2021/11/18','YYYY/MM/DD'),to_date('2021/11/18','YYYY/MM/DD'),null,'정재헌');
Insert into TEAM4_202104F.ECCST_SANCTN_MNGT (SANCTN_NO,FORM_NO,EMPNO,SJ,SCRTY_GRAD,PRSRV_PD,RGSDE,SANCTN_TMLMT,IPCR_CODE,STTUS_CODE,BGNDE,ENDDE,RETURN_REASON,NM) values ('scno289','erf2',2104006,'11월 휴가신청합니다','보통','5년',to_date('2021/11/24','YYYY/MM/DD'),null,'H001','G005',to_date('2021/11/24','YYYY/MM/DD'),to_date('2021/11/25','YYYY/MM/DD'),null,'정재헌');
Insert into TEAM4_202104F.ECCST_SANCTN_MNGT (SANCTN_NO,FORM_NO,EMPNO,SJ,SCRTY_GRAD,PRSRV_PD,RGSDE,SANCTN_TMLMT,IPCR_CODE,STTUS_CODE,BGNDE,ENDDE,RETURN_REASON,NM) values ('scno290','erf5',2104006,'11/21 이의신청합니다.','보통','5년',to_date('2021/11/24','YYYY/MM/DD'),null,'H001','G005',to_date('2021/11/21','YYYY/MM/DD'),to_date('2021/11/21','YYYY/MM/DD'),null,'정재헌');
Insert into TEAM4_202104F.ECCST_SANCTN_MNGT (SANCTN_NO,FORM_NO,EMPNO,SJ,SCRTY_GRAD,PRSRV_PD,RGSDE,SANCTN_TMLMT,IPCR_CODE,STTUS_CODE,BGNDE,ENDDE,RETURN_REASON,NM) values ('scno288','erf1',2104006,'근태신청합니다','보통','5년',to_date('2021/11/24','YYYY/MM/DD'),null,'H001','G004',null,null,null,'정재헌');
Insert into TEAM4_202104F.ECCST_SANCTN_MNGT (SANCTN_NO,FORM_NO,EMPNO,SJ,SCRTY_GRAD,PRSRV_PD,RGSDE,SANCTN_TMLMT,IPCR_CODE,STTUS_CODE,BGNDE,ENDDE,RETURN_REASON,NM) values ('scno276','erf1',2104006,'첫타임 근태신청합니다.','보통','5년',to_date('2021/11/24','YYYY/MM/DD'),null,'H001','G004',null,null,'반려합니다.','정재헌');
Insert into TEAM4_202104F.ECCST_SANCTN_MNGT (SANCTN_NO,FORM_NO,EMPNO,SJ,SCRTY_GRAD,PRSRV_PD,RGSDE,SANCTN_TMLMT,IPCR_CODE,STTUS_CODE,BGNDE,ENDDE,RETURN_REASON,NM) values ('scno284','erf1',2104006,'근태신청하겠습니다.','보통','5년',to_date('2021/11/24','YYYY/MM/DD'),null,'H001','G004',null,null,null,'정재헌');
Insert into TEAM4_202104F.ECCST_SANCTN_MNGT (SANCTN_NO,FORM_NO,EMPNO,SJ,SCRTY_GRAD,PRSRV_PD,RGSDE,SANCTN_TMLMT,IPCR_CODE,STTUS_CODE,BGNDE,ENDDE,RETURN_REASON,NM) values ('scno285','erf2',2104006,'10월 후반 휴가신청합니다.','보통','5년',to_date('2021/11/24','YYYY/MM/DD'),null,'H001','G005',to_date('2021/10/20','YYYY/MM/DD'),to_date('2021/10/21','YYYY/MM/DD'),null,'정재헌');
Insert into TEAM4_202104F.ECCST_SANCTN_MNGT (SANCTN_NO,FORM_NO,EMPNO,SJ,SCRTY_GRAD,PRSRV_PD,RGSDE,SANCTN_TMLMT,IPCR_CODE,STTUS_CODE,BGNDE,ENDDE,RETURN_REASON,NM) values ('scno286','erf5',2104006,'11/19 이의신청합니다.','보통','5년',to_date('2021/11/24','YYYY/MM/DD'),null,'H001','G005',to_date('2021/11/19','YYYY/MM/DD'),to_date('2021/11/19','YYYY/MM/DD'),null,'정재헌');
Insert into TEAM4_202104F.ECCST_SANCTN_MNGT (SANCTN_NO,FORM_NO,EMPNO,SJ,SCRTY_GRAD,PRSRV_PD,RGSDE,SANCTN_TMLMT,IPCR_CODE,STTUS_CODE,BGNDE,ENDDE,RETURN_REASON,NM) values ('scno287','erf4',1515,'asfdafsdafsd','보통','5년',to_date('2021/11/24','YYYY/MM/DD'),null,'H001','G001',null,null,null,'박히윤');
REM INSERTING into TEAM4_202104F.JOB_ANSWER
SET DEFINE OFF;
Insert into TEAM4_202104F.JOB_ANSWER (ANSWER_NO,JOB_NO,EMPNO,ACN,REGIST_DE,EMPNM) values ('jans345','work437',2104003,'안녕하세요.',to_date('2021/11/22','YYYY/MM/DD'),'안병준');
Insert into TEAM4_202104F.JOB_ANSWER (ANSWER_NO,JOB_NO,EMPNO,ACN,REGIST_DE,EMPNM) values ('jans363','work436',2104006,'dfdfd',to_date('2021/11/23','YYYY/MM/DD'),'정재헌');
Insert into TEAM4_202104F.JOB_ANSWER (ANSWER_NO,JOB_NO,EMPNO,ACN,REGIST_DE,EMPNM) values ('jans362','work442',2104006,'업무 완료했습니다.',to_date('2021/11/23','YYYY/MM/DD'),'정재헌');
Insert into TEAM4_202104F.JOB_ANSWER (ANSWER_NO,JOB_NO,EMPNO,ACN,REGIST_DE,EMPNM) values ('jans341','work432',2104006,'어려워요',to_date('2021/11/22','YYYY/MM/DD'),'정재헌');
Insert into TEAM4_202104F.JOB_ANSWER (ANSWER_NO,JOB_NO,EMPNO,ACN,REGIST_DE,EMPNM) values ('jans342','work438',2104006,'어렵습니다.',to_date('2021/11/22','YYYY/MM/DD'),'정재헌');
Insert into TEAM4_202104F.JOB_ANSWER (ANSWER_NO,JOB_NO,EMPNO,ACN,REGIST_DE,EMPNM) values ('jans383','work464',2104006,'업무 완료하였습니다.',to_date('2021/11/24','YYYY/MM/DD'),'정재헌');
REM INSERTING into TEAM4_202104F.JOB_CNFIRM
SET DEFINE OFF;
REM INSERTING into TEAM4_202104F.JOB_MNGT
SET DEFINE OFF;
Insert into TEAM4_202104F.JOB_MNGT (JOB_NO,DRCTR_EMPNO,SJ,CN,REGIST_DE,STTUS_CODE,IM_CODE,END_DE,EMP_NM) values ('work427',3,'11/25 기한 업무입니다. (파일 정리)','<p>파일 정리해주세요.</p>',to_date('2021/11/22','YYYY/MM/DD'),null,'H002',to_date('2021/11/25','YYYY/MM/DD'),'홍길동');
Insert into TEAM4_202104F.JOB_MNGT (JOB_NO,DRCTR_EMPNO,SJ,CN,REGIST_DE,STTUS_CODE,IM_CODE,END_DE,EMP_NM) values ('work423',2104006,'다음 주 기한 업무입니다.','<p>Car.pdf 첨부</p>',to_date('2021/11/22','YYYY/MM/DD'),'J002','H002',to_date('2021/11/29','YYYY/MM/DD'),'정재헌');
Insert into TEAM4_202104F.JOB_MNGT (JOB_NO,DRCTR_EMPNO,SJ,CN,REGIST_DE,STTUS_CODE,IM_CODE,END_DE,EMP_NM) values ('work425',3214,'11/30 기한 업무입니다.','콜라.png',to_date('2021/11/22','YYYY/MM/DD'),'J001','H002',to_date('2021/11/30','YYYY/MM/DD'),'윤진명');
Insert into TEAM4_202104F.JOB_MNGT (JOB_NO,DRCTR_EMPNO,SJ,CN,REGIST_DE,STTUS_CODE,IM_CODE,END_DE,EMP_NM) values ('work430',2104006,'11/25 까지 프로젝트 마무리해주세요.','<p>화이팅</p>',to_date('2021/11/22','YYYY/MM/DD'),null,'H002',to_date('2021/11/25','YYYY/MM/DD'),'정재헌');
Insert into TEAM4_202104F.JOB_MNGT (JOB_NO,DRCTR_EMPNO,SJ,CN,REGIST_DE,STTUS_CODE,IM_CODE,END_DE,EMP_NM) values ('work431',2104006,'12/08 까지 할일입니다.','<p>12/08</p>',to_date('2021/11/22','YYYY/MM/DD'),null,'H001',to_date('2021/12/08','YYYY/MM/DD'),'정재헌');
Insert into TEAM4_202104F.JOB_MNGT (JOB_NO,DRCTR_EMPNO,SJ,CN,REGIST_DE,STTUS_CODE,IM_CODE,END_DE,EMP_NM) values ('work432',2104003,'업무','<p>업무지시합니다.</p><p>업무지시한번더합니다</p>',to_date('2021/11/22','YYYY/MM/DD'),'J003','H004',to_date('2021/11/26','YYYY/MM/DD'),'안병준');
Insert into TEAM4_202104F.JOB_MNGT (JOB_NO,DRCTR_EMPNO,SJ,CN,REGIST_DE,STTUS_CODE,IM_CODE,END_DE,EMP_NM) values ('work422',2104006,'26일까지 완료해주세요.','<p>ㅁ</p>',to_date('2021/11/22','YYYY/MM/DD'),'J001','H002',to_date('2021/11/26','YYYY/MM/DD'),'정재헌');
Insert into TEAM4_202104F.JOB_MNGT (JOB_NO,DRCTR_EMPNO,SJ,CN,REGIST_DE,STTUS_CODE,IM_CODE,END_DE,EMP_NM) values ('work424',2104006,'[긴급] 내일까지 완료해주세요.','<p>커피사주세요.</p>',to_date('2021/11/22','YYYY/MM/DD'),'J001','H004',to_date('2021/11/23','YYYY/MM/DD'),'정재헌');
Insert into TEAM4_202104F.JOB_MNGT (JOB_NO,DRCTR_EMPNO,SJ,CN,REGIST_DE,STTUS_CODE,IM_CODE,END_DE,EMP_NM) values ('work426',3,'11/24 까지 사진 올려주세요.','<p>사진</p>',to_date('2021/11/22','YYYY/MM/DD'),'J001','H002',to_date('2021/11/24','YYYY/MM/DD'),'홍길동');
Insert into TEAM4_202104F.JOB_MNGT (JOB_NO,DRCTR_EMPNO,SJ,CN,REGIST_DE,STTUS_CODE,IM_CODE,END_DE,EMP_NM) values ('work433',3,'11/26 금요일까지 할일입니다.','<p>꼭 완료해주세요.</p>',to_date('2021/11/22','YYYY/MM/DD'),'J001','H002',to_date('2021/11/26','YYYY/MM/DD'),'홍길동');
Insert into TEAM4_202104F.JOB_MNGT (JOB_NO,DRCTR_EMPNO,SJ,CN,REGIST_DE,STTUS_CODE,IM_CODE,END_DE,EMP_NM) values ('work434',3,'인사부에서 지시받은 업무 전달합니다.','<p>하지말까요</p>',to_date('2021/11/22','YYYY/MM/DD'),null,'H001',to_date('2021/11/24','YYYY/MM/DD'),'홍길동');
Insert into TEAM4_202104F.JOB_MNGT (JOB_NO,DRCTR_EMPNO,SJ,CN,REGIST_DE,STTUS_CODE,IM_CODE,END_DE,EMP_NM) values ('work435',3214,'홍보부서와 협업하여 진행할 프로젝트 기한입니다.','<p>조직도</p>',to_date('2021/11/22','YYYY/MM/DD'),null,'H002',to_date('2021/11/30','YYYY/MM/DD'),'윤진명');
Insert into TEAM4_202104F.JOB_MNGT (JOB_NO,DRCTR_EMPNO,SJ,CN,REGIST_DE,STTUS_CODE,IM_CODE,END_DE,EMP_NM) values ('work436',1,'시설관리부서에 협업 요청합니다.','<p>11/24 까지입니다.</p>',to_date('2021/11/23','YYYY/MM/DD'),'J002','H002',to_date('2021/11/24','YYYY/MM/DD'),'성윤모');
Insert into TEAM4_202104F.JOB_MNGT (JOB_NO,DRCTR_EMPNO,SJ,CN,REGIST_DE,STTUS_CODE,IM_CODE,END_DE,EMP_NM) values ('work437',2104003,'재헌씨, 이 자료 먼저 처리해주세요.','<p>내일까지입니다.</p>',to_date('2021/11/22','YYYY/MM/DD'),'J001','H004',to_date('2021/11/23','YYYY/MM/DD'),'안병준');
Insert into TEAM4_202104F.JOB_MNGT (JOB_NO,DRCTR_EMPNO,SJ,CN,REGIST_DE,STTUS_CODE,IM_CODE,END_DE,EMP_NM) values ('work442',2104003,'업무지시합니다','<p>업무지시합니다.</p><p>업무</p>',to_date('2021/11/23','YYYY/MM/DD'),'J002','H001',to_date('2021/11/26','YYYY/MM/DD'),'안병준');
Insert into TEAM4_202104F.JOB_MNGT (JOB_NO,DRCTR_EMPNO,SJ,CN,REGIST_DE,STTUS_CODE,IM_CODE,END_DE,EMP_NM) values ('work401',2104003,'결재처리 완료하세요','<p>결재 완료하세요</p>',to_date('2021/11/22','YYYY/MM/DD'),'J001','H001',to_date('2021/11/24','YYYY/MM/DD'),'안병준');
Insert into TEAM4_202104F.JOB_MNGT (JOB_NO,DRCTR_EMPNO,SJ,CN,REGIST_DE,STTUS_CODE,IM_CODE,END_DE,EMP_NM) values ('work438',2104003,'지시','지시문서',to_date('2021/11/22','YYYY/MM/DD'),'J003','H002',to_date('2021/11/26','YYYY/MM/DD'),'안병준');
Insert into TEAM4_202104F.JOB_MNGT (JOB_NO,DRCTR_EMPNO,SJ,CN,REGIST_DE,STTUS_CODE,IM_CODE,END_DE,EMP_NM) values ('work464',2104003,'프로젝트 게시판','<p>프로젝트 게시판입니다.확인했습니다</p>',to_date('2021/11/24','YYYY/MM/DD'),'J003','H001',to_date('2021/11/25','YYYY/MM/DD'),'안병준');
Insert into TEAM4_202104F.JOB_MNGT (JOB_NO,DRCTR_EMPNO,SJ,CN,REGIST_DE,STTUS_CODE,IM_CODE,END_DE,EMP_NM) values ('work421',2104003,'11/22 업무 목록입니다.','<p>목록</p>',to_date('2021/11/22','YYYY/MM/DD'),'J002','H002',to_date('2021/11/26','YYYY/MM/DD'),'안병준');
REM INSERTING into TEAM4_202104F.JOB_RCV
SET DEFINE OFF;
Insert into TEAM4_202104F.JOB_RCV (JOB_INDEX,JOB_NO,RCVER_EMPNO,RCVER_PROGRS,RCVER_NM,RCVER_ORDER) values ('jrcv287','work423',3,0,'홍길동',2);
Insert into TEAM4_202104F.JOB_RCV (JOB_INDEX,JOB_NO,RCVER_EMPNO,RCVER_PROGRS,RCVER_NM,RCVER_ORDER) values ('jrcv288','work423',3214,0,'윤진명',3);
Insert into TEAM4_202104F.JOB_RCV (JOB_INDEX,JOB_NO,RCVER_EMPNO,RCVER_PROGRS,RCVER_NM,RCVER_ORDER) values ('jrcv290','work425',2104003,10,'안병준',1);
Insert into TEAM4_202104F.JOB_RCV (JOB_INDEX,JOB_NO,RCVER_EMPNO,RCVER_PROGRS,RCVER_NM,RCVER_ORDER) values ('jrcv292','work427',2104003,0,'안병준',1);
Insert into TEAM4_202104F.JOB_RCV (JOB_INDEX,JOB_NO,RCVER_EMPNO,RCVER_PROGRS,RCVER_NM,RCVER_ORDER) values ('jrcv286','work423',2104003,90,'안병준',1);
Insert into TEAM4_202104F.JOB_RCV (JOB_INDEX,JOB_NO,RCVER_EMPNO,RCVER_PROGRS,RCVER_NM,RCVER_ORDER) values ('jrcv297','work430',1,0,'성윤모',3);
Insert into TEAM4_202104F.JOB_RCV (JOB_INDEX,JOB_NO,RCVER_EMPNO,RCVER_PROGRS,RCVER_NM,RCVER_ORDER) values ('jrcv295','work430',2104003,0,'안병준',1);
Insert into TEAM4_202104F.JOB_RCV (JOB_INDEX,JOB_NO,RCVER_EMPNO,RCVER_PROGRS,RCVER_NM,RCVER_ORDER) values ('jrcv296','work430',2104002,0,'송지수',2);
Insert into TEAM4_202104F.JOB_RCV (JOB_INDEX,JOB_NO,RCVER_EMPNO,RCVER_PROGRS,RCVER_NM,RCVER_ORDER) values ('jrcv298','work431',2104003,0,'안병준',0);
Insert into TEAM4_202104F.JOB_RCV (JOB_INDEX,JOB_NO,RCVER_EMPNO,RCVER_PROGRS,RCVER_NM,RCVER_ORDER) values ('jrcv299','work431',3214,0,'윤진명',1);
Insert into TEAM4_202104F.JOB_RCV (JOB_INDEX,JOB_NO,RCVER_EMPNO,RCVER_PROGRS,RCVER_NM,RCVER_ORDER) values ('jrcv300','work432',2104006,100,'정재헌',1);
Insert into TEAM4_202104F.JOB_RCV (JOB_INDEX,JOB_NO,RCVER_EMPNO,RCVER_PROGRS,RCVER_NM,RCVER_ORDER) values ('jrcv283','work422',3,0,'홍길동',1);
Insert into TEAM4_202104F.JOB_RCV (JOB_INDEX,JOB_NO,RCVER_EMPNO,RCVER_PROGRS,RCVER_NM,RCVER_ORDER) values ('jrcv284','work422',3214,0,'윤진명',2);
Insert into TEAM4_202104F.JOB_RCV (JOB_INDEX,JOB_NO,RCVER_EMPNO,RCVER_PROGRS,RCVER_NM,RCVER_ORDER) values ('jrcv285','work422',2104003,50,'안병준',3);
Insert into TEAM4_202104F.JOB_RCV (JOB_INDEX,JOB_NO,RCVER_EMPNO,RCVER_PROGRS,RCVER_NM,RCVER_ORDER) values ('jrcv289','work424',2104003,100,'안병준',1);
Insert into TEAM4_202104F.JOB_RCV (JOB_INDEX,JOB_NO,RCVER_EMPNO,RCVER_PROGRS,RCVER_NM,RCVER_ORDER) values ('jrcv291','work426',2104003,70,'안병준',1);
Insert into TEAM4_202104F.JOB_RCV (JOB_INDEX,JOB_NO,RCVER_EMPNO,RCVER_PROGRS,RCVER_NM,RCVER_ORDER) values ('jrcv301','work433',3214,0,'윤진명',0);
Insert into TEAM4_202104F.JOB_RCV (JOB_INDEX,JOB_NO,RCVER_EMPNO,RCVER_PROGRS,RCVER_NM,RCVER_ORDER) values ('jrcv302','work433',2104006,50,'정재헌',1);
Insert into TEAM4_202104F.JOB_RCV (JOB_INDEX,JOB_NO,RCVER_EMPNO,RCVER_PROGRS,RCVER_NM,RCVER_ORDER) values ('jrcv303','work433',2104003,0,'안병준',2);
Insert into TEAM4_202104F.JOB_RCV (JOB_INDEX,JOB_NO,RCVER_EMPNO,RCVER_PROGRS,RCVER_NM,RCVER_ORDER) values ('jrcv304','work434',2104003,0,'안병준',0);
Insert into TEAM4_202104F.JOB_RCV (JOB_INDEX,JOB_NO,RCVER_EMPNO,RCVER_PROGRS,RCVER_NM,RCVER_ORDER) values ('jrcv305','work434',2104006,0,'정재헌',1);
Insert into TEAM4_202104F.JOB_RCV (JOB_INDEX,JOB_NO,RCVER_EMPNO,RCVER_PROGRS,RCVER_NM,RCVER_ORDER) values ('jrcv306','work435',2104003,0,'안병준',1);
Insert into TEAM4_202104F.JOB_RCV (JOB_INDEX,JOB_NO,RCVER_EMPNO,RCVER_PROGRS,RCVER_NM,RCVER_ORDER) values ('jrcv307','work435',2104006,0,'정재헌',2);
Insert into TEAM4_202104F.JOB_RCV (JOB_INDEX,JOB_NO,RCVER_EMPNO,RCVER_PROGRS,RCVER_NM,RCVER_ORDER) values ('jrcv308','work435',3,0,'홍길동',3);
Insert into TEAM4_202104F.JOB_RCV (JOB_INDEX,JOB_NO,RCVER_EMPNO,RCVER_PROGRS,RCVER_NM,RCVER_ORDER) values ('jrcv309','work436',2104003,0,'안병준',1);
Insert into TEAM4_202104F.JOB_RCV (JOB_INDEX,JOB_NO,RCVER_EMPNO,RCVER_PROGRS,RCVER_NM,RCVER_ORDER) values ('jrcv310','work436',3,0,'홍길동',2);
Insert into TEAM4_202104F.JOB_RCV (JOB_INDEX,JOB_NO,RCVER_EMPNO,RCVER_PROGRS,RCVER_NM,RCVER_ORDER) values ('jrcv311','work436',2104006,90,'정재헌',3);
Insert into TEAM4_202104F.JOB_RCV (JOB_INDEX,JOB_NO,RCVER_EMPNO,RCVER_PROGRS,RCVER_NM,RCVER_ORDER) values ('jrcv312','work437',2104006,0,'정재헌',1);
Insert into TEAM4_202104F.JOB_RCV (JOB_INDEX,JOB_NO,RCVER_EMPNO,RCVER_PROGRS,RCVER_NM,RCVER_ORDER) values ('jrcv324','work442',2104006,100,'정재헌',1);
Insert into TEAM4_202104F.JOB_RCV (JOB_INDEX,JOB_NO,RCVER_EMPNO,RCVER_PROGRS,RCVER_NM,RCVER_ORDER) values ('jrcv325','work442',3,0,'홍길동',2);
Insert into TEAM4_202104F.JOB_RCV (JOB_INDEX,JOB_NO,RCVER_EMPNO,RCVER_PROGRS,RCVER_NM,RCVER_ORDER) values ('jrcv326','work442',321,0,'강시후',3);
Insert into TEAM4_202104F.JOB_RCV (JOB_INDEX,JOB_NO,RCVER_EMPNO,RCVER_PROGRS,RCVER_NM,RCVER_ORDER) values ('jrcv261','work401',2104006,70,'정재헌',0);
Insert into TEAM4_202104F.JOB_RCV (JOB_INDEX,JOB_NO,RCVER_EMPNO,RCVER_PROGRS,RCVER_NM,RCVER_ORDER) values ('jrcv313','work438',2104006,100,'정재헌',1);
Insert into TEAM4_202104F.JOB_RCV (JOB_INDEX,JOB_NO,RCVER_EMPNO,RCVER_PROGRS,RCVER_NM,RCVER_ORDER) values ('jrcv345','work464',2104006,100,'정재헌',1);
Insert into TEAM4_202104F.JOB_RCV (JOB_INDEX,JOB_NO,RCVER_EMPNO,RCVER_PROGRS,RCVER_NM,RCVER_ORDER) values ('jrcv281','work421',2104006,100,'정재헌',1);
Insert into TEAM4_202104F.JOB_RCV (JOB_INDEX,JOB_NO,RCVER_EMPNO,RCVER_PROGRS,RCVER_NM,RCVER_ORDER) values ('jrcv282','work421',3,100,'홍길동',2);
REM INSERTING into TEAM4_202104F.MENU
SET DEFINE OFF;
Insert into TEAM4_202104F.MENU (MENU_CODE,MENU_NM,URL,UPPER_MENU_CODE,MENU_LEVEL,IS_NAV,SSMENU_EX) values ('M000000','HOME','/main',null,0,1,0);
Insert into TEAM4_202104F.MENU (MENU_CODE,MENU_NM,URL,UPPER_MENU_CODE,MENU_LEVEL,IS_NAV,SSMENU_EX) values ('M010000','근태','/attendance/individual/commute','M000000',1,1,0);
Insert into TEAM4_202104F.MENU (MENU_CODE,MENU_NM,URL,UPPER_MENU_CODE,MENU_LEVEL,IS_NAV,SSMENU_EX) values ('M010100','개인근태','/attendance/individual/commute','M010000',2,1,1);
Insert into TEAM4_202104F.MENU (MENU_CODE,MENU_NM,URL,UPPER_MENU_CODE,MENU_LEVEL,IS_NAV,SSMENU_EX) values ('M010101','출/퇴근현황','/attendance/individual/commute','M010100',3,1,0);
Insert into TEAM4_202104F.MENU (MENU_CODE,MENU_NM,URL,UPPER_MENU_CODE,MENU_LEVEL,IS_NAV,SSMENU_EX) values ('M010102','휴가 관리','/attendance/individual/vacation','M010100',3,1,0);
Insert into TEAM4_202104F.MENU (MENU_CODE,MENU_NM,URL,UPPER_MENU_CODE,MENU_LEVEL,IS_NAV,SSMENU_EX) values ('M010200','부서근태','/attendance/department/dcommute','M010000',2,1,1);
Insert into TEAM4_202104F.MENU (MENU_CODE,MENU_NM,URL,UPPER_MENU_CODE,MENU_LEVEL,IS_NAV,SSMENU_EX) values ('M010201','부서 출/퇴근현황','/attendance/department/dcommute','M010200',3,1,0);
Insert into TEAM4_202104F.MENU (MENU_CODE,MENU_NM,URL,UPPER_MENU_CODE,MENU_LEVEL,IS_NAV,SSMENU_EX) values ('M010202','개인 출/퇴근현황','/attendance/department/icommute','M010200',3,1,0);
Insert into TEAM4_202104F.MENU (MENU_CODE,MENU_NM,URL,UPPER_MENU_CODE,MENU_LEVEL,IS_NAV,SSMENU_EX) values ('M010300','전사근태','/attendance/company','M010000',2,1,0);
Insert into TEAM4_202104F.MENU (MENU_CODE,MENU_NM,URL,UPPER_MENU_CODE,MENU_LEVEL,IS_NAV,SSMENU_EX) values ('M020000','결재','/approval/ddbox/form','M000000',1,1,0);
Insert into TEAM4_202104F.MENU (MENU_CODE,MENU_NM,URL,UPPER_MENU_CODE,MENU_LEVEL,IS_NAV,SSMENU_EX) values ('M020200','기안함','/approval/ddbox/form','M020000',2,1,1);
Insert into TEAM4_202104F.MENU (MENU_CODE,MENU_NM,URL,UPPER_MENU_CODE,MENU_LEVEL,IS_NAV,SSMENU_EX) values ('M020201','기안문 작성','/approval/ddbox/form','M020200',3,1,0);
Insert into TEAM4_202104F.MENU (MENU_CODE,MENU_NM,URL,UPPER_MENU_CODE,MENU_LEVEL,IS_NAV,SSMENU_EX) values ('M020202','임시보관함','/approval/ddbox/tempstorage','M020200',3,1,0);
Insert into TEAM4_202104F.MENU (MENU_CODE,MENU_NM,URL,UPPER_MENU_CODE,MENU_LEVEL,IS_NAV,SSMENU_EX) values ('M020300','결재함','/approval/adbox/request','M020000',2,1,1);
Insert into TEAM4_202104F.MENU (MENU_CODE,MENU_NM,URL,UPPER_MENU_CODE,MENU_LEVEL,IS_NAV,SSMENU_EX) values ('M020301','기안문서함','/approval/adbox/request','M020300',3,1,0);
Insert into TEAM4_202104F.MENU (MENU_CODE,MENU_NM,URL,UPPER_MENU_CODE,MENU_LEVEL,IS_NAV,SSMENU_EX) values ('M020302','결재대기함','/approval/adbox/wait','M020300',3,1,0);
Insert into TEAM4_202104F.MENU (MENU_CODE,MENU_NM,URL,UPPER_MENU_CODE,MENU_LEVEL,IS_NAV,SSMENU_EX) values ('M020303','반려문서함','/approval/adbox/reject','M020300',3,1,0);
Insert into TEAM4_202104F.MENU (MENU_CODE,MENU_NM,URL,UPPER_MENU_CODE,MENU_LEVEL,IS_NAV,SSMENU_EX) values ('M020304','결재완료함','/approval/adbox/completion','M020300',3,1,0);
Insert into TEAM4_202104F.MENU (MENU_CODE,MENU_NM,URL,UPPER_MENU_CODE,MENU_LEVEL,IS_NAV,SSMENU_EX) values ('M020400','참조함','/approval/rdbox/receive','M020000',2,1,1);
Insert into TEAM4_202104F.MENU (MENU_CODE,MENU_NM,URL,UPPER_MENU_CODE,MENU_LEVEL,IS_NAV,SSMENU_EX) values ('M020401','수신문서함','/approval/rdbox/receive','M020400',3,1,0);
Insert into TEAM4_202104F.MENU (MENU_CODE,MENU_NM,URL,UPPER_MENU_CODE,MENU_LEVEL,IS_NAV,SSMENU_EX) values ('M020402','발신문서함','/approval/rdbox/send','M020400',3,1,0);
Insert into TEAM4_202104F.MENU (MENU_CODE,MENU_NM,URL,UPPER_MENU_CODE,MENU_LEVEL,IS_NAV,SSMENU_EX) values ('M020500','문서보관함','/approval/docstorage','M020000',2,1,0);
Insert into TEAM4_202104F.MENU (MENU_CODE,MENU_NM,URL,UPPER_MENU_CODE,MENU_LEVEL,IS_NAV,SSMENU_EX) values ('M030000','업무','/work/main','M000000',1,1,0);
Insert into TEAM4_202104F.MENU (MENU_CODE,MENU_NM,URL,UPPER_MENU_CODE,MENU_LEVEL,IS_NAV,SSMENU_EX) values ('M030100','업무 홈','/work/main','M030000',2,1,0);
Insert into TEAM4_202104F.MENU (MENU_CODE,MENU_NM,URL,UPPER_MENU_CODE,MENU_LEVEL,IS_NAV,SSMENU_EX) values ('M030200','전체 업무','/work/allwork','M030000',2,1,0);
Insert into TEAM4_202104F.MENU (MENU_CODE,MENU_NM,URL,UPPER_MENU_CODE,MENU_LEVEL,IS_NAV,SSMENU_EX) values ('M030300','받은 업무','/work/receive','M030000',2,1,0);
Insert into TEAM4_202104F.MENU (MENU_CODE,MENU_NM,URL,UPPER_MENU_CODE,MENU_LEVEL,IS_NAV,SSMENU_EX) values ('M030400','대기 업무','/work/waitwork','M030000',2,1,0);
Insert into TEAM4_202104F.MENU (MENU_CODE,MENU_NM,URL,UPPER_MENU_CODE,MENU_LEVEL,IS_NAV,SSMENU_EX) values ('M030500','지시 업무','/work/send','M030000',2,1,0);
Insert into TEAM4_202104F.MENU (MENU_CODE,MENU_NM,URL,UPPER_MENU_CODE,MENU_LEVEL,IS_NAV,SSMENU_EX) values ('M030600','완료 업무','/work/completion','M030000',2,1,0);
Insert into TEAM4_202104F.MENU (MENU_CODE,MENU_NM,URL,UPPER_MENU_CODE,MENU_LEVEL,IS_NAV,SSMENU_EX) values ('M040000','일정','/schedule','M000000',1,1,0);
Insert into TEAM4_202104F.MENU (MENU_CODE,MENU_NM,URL,UPPER_MENU_CODE,MENU_LEVEL,IS_NAV,SSMENU_EX) values ('M040100','일정조회','/schedule','M040000',2,1,0);
Insert into TEAM4_202104F.MENU (MENU_CODE,MENU_NM,URL,UPPER_MENU_CODE,MENU_LEVEL,IS_NAV,SSMENU_EX) values ('M050000','게시판','/board/main','M000000',1,1,0);
Insert into TEAM4_202104F.MENU (MENU_CODE,MENU_NM,URL,UPPER_MENU_CODE,MENU_LEVEL,IS_NAV,SSMENU_EX) values ('M050100','통합검색','/board/main','M050000',2,1,0);
Insert into TEAM4_202104F.MENU (MENU_CODE,MENU_NM,URL,UPPER_MENU_CODE,MENU_LEVEL,IS_NAV,SSMENU_EX) values ('M050200','공지사항','/board/notice','M050000',2,1,0);
Insert into TEAM4_202104F.MENU (MENU_CODE,MENU_NM,URL,UPPER_MENU_CODE,MENU_LEVEL,IS_NAV,SSMENU_EX) values ('M050300','경조사게시판','/board/ctsn','M050000',2,1,0);
Insert into TEAM4_202104F.MENU (MENU_CODE,MENU_NM,URL,UPPER_MENU_CODE,MENU_LEVEL,IS_NAV,SSMENU_EX) values ('M050400','관리부게시판','/board/management','M050000',2,1,0);
Insert into TEAM4_202104F.MENU (MENU_CODE,MENU_NM,URL,UPPER_MENU_CODE,MENU_LEVEL,IS_NAV,SSMENU_EX) values ('M050500','회사소식게시판','/board/news','M050000',2,1,0);
Insert into TEAM4_202104F.MENU (MENU_CODE,MENU_NM,URL,UPPER_MENU_CODE,MENU_LEVEL,IS_NAV,SSMENU_EX) values ('M050600','자유게시판','/board/free','M050000',2,1,0);
Insert into TEAM4_202104F.MENU (MENU_CODE,MENU_NM,URL,UPPER_MENU_CODE,MENU_LEVEL,IS_NAV,SSMENU_EX) values ('M060000','문서함','/document/main','M000000',1,1,0);
Insert into TEAM4_202104F.MENU (MENU_CODE,MENU_NM,URL,UPPER_MENU_CODE,MENU_LEVEL,IS_NAV,SSMENU_EX) values ('M060100','문서 홈','/document/main','M060000',2,1,0);
Insert into TEAM4_202104F.MENU (MENU_CODE,MENU_NM,URL,UPPER_MENU_CODE,MENU_LEVEL,IS_NAV,SSMENU_EX) values ('M060200','개인문서함','/document/individual','M060000',2,1,0);
Insert into TEAM4_202104F.MENU (MENU_CODE,MENU_NM,URL,UPPER_MENU_CODE,MENU_LEVEL,IS_NAV,SSMENU_EX) values ('M060300','공유문서함','/document/public','M060000',2,1,0);
Insert into TEAM4_202104F.MENU (MENU_CODE,MENU_NM,URL,UPPER_MENU_CODE,MENU_LEVEL,IS_NAV,SSMENU_EX) values ('M070000','조직도','/organogram/main','M000000',1,1,0);
Insert into TEAM4_202104F.MENU (MENU_CODE,MENU_NM,URL,UPPER_MENU_CODE,MENU_LEVEL,IS_NAV,SSMENU_EX) values ('M070100','조직도 홈','/organogram/main','M070000',2,1,0);
Insert into TEAM4_202104F.MENU (MENU_CODE,MENU_NM,URL,UPPER_MENU_CODE,MENU_LEVEL,IS_NAV,SSMENU_EX) values ('M080000','마이페이지','/mypage','M000000',1,1,0);
Insert into TEAM4_202104F.MENU (MENU_CODE,MENU_NM,URL,UPPER_MENU_CODE,MENU_LEVEL,IS_NAV,SSMENU_EX) values ('M080100','마이페이지','/mypage','M080000',2,1,0);
Insert into TEAM4_202104F.MENU (MENU_CODE,MENU_NM,URL,UPPER_MENU_CODE,MENU_LEVEL,IS_NAV,SSMENU_EX) values ('M020600','결재설정','/approval/settings','M020000',2,1,0);
REM INSERTING into TEAM4_202104F.NTCN
SET DEFINE OFF;
Insert into TEAM4_202104F.NTCN (NTCN_NO,TRNSMITER_EMPNO,NTCN_CN,URL_ADRES,CNFIRM_AT,NTCN_DE) values ('ntcn0008',3,'더미알림8','http://localhost/gw/work/send/detail.do?job_no=work211','1',to_date('2021/11/17','YYYY/MM/DD'));
Insert into TEAM4_202104F.NTCN (NTCN_NO,TRNSMITER_EMPNO,NTCN_CN,URL_ADRES,CNFIRM_AT,NTCN_DE) values ('ntcn0009',3,'더미알림9','http://localhost/gw/work/send/detail.do?job_no=work211','1',to_date('2021/11/17','YYYY/MM/DD'));
Insert into TEAM4_202104F.NTCN (NTCN_NO,TRNSMITER_EMPNO,NTCN_CN,URL_ADRES,CNFIRM_AT,NTCN_DE) values ('ntcn00010',3,'더미알림10','http://localhost/gw/work/send/detail.do?job_no=work211','1',to_date('2021/11/17','YYYY/MM/DD'));
Insert into TEAM4_202104F.NTCN (NTCN_NO,TRNSMITER_EMPNO,NTCN_CN,URL_ADRES,CNFIRM_AT,NTCN_DE) values ('ntcn00011',3,'더미알림11','http://localhost/gw/work/send/detail.do?job_no=work211','1',to_date('2021/11/17','YYYY/MM/DD'));
Insert into TEAM4_202104F.NTCN (NTCN_NO,TRNSMITER_EMPNO,NTCN_CN,URL_ADRES,CNFIRM_AT,NTCN_DE) values ('ntcn0001',3,'더미알림1','http://localhost/gw/work/send/detail.do?job_no=work211','0',to_date('2021/11/16','YYYY/MM/DD'));
Insert into TEAM4_202104F.NTCN (NTCN_NO,TRNSMITER_EMPNO,NTCN_CN,URL_ADRES,CNFIRM_AT,NTCN_DE) values ('ntcn0002',3,'더미알림2','http://localhost/gw/work/send/detail.do?job_no=work211','0',to_date('2021/11/16','YYYY/MM/DD'));
Insert into TEAM4_202104F.NTCN (NTCN_NO,TRNSMITER_EMPNO,NTCN_CN,URL_ADRES,CNFIRM_AT,NTCN_DE) values ('ntcn0003',3,'더미알림3','http://localhost/gw/work/send/detail.do?job_no=work211','0',to_date('2021/11/16','YYYY/MM/DD'));
Insert into TEAM4_202104F.NTCN (NTCN_NO,TRNSMITER_EMPNO,NTCN_CN,URL_ADRES,CNFIRM_AT,NTCN_DE) values ('ntcn0004',3,'더미알림4','http://localhost/gw/work/send/detail.do?job_no=work211','0',to_date('2021/11/16','YYYY/MM/DD'));
Insert into TEAM4_202104F.NTCN (NTCN_NO,TRNSMITER_EMPNO,NTCN_CN,URL_ADRES,CNFIRM_AT,NTCN_DE) values ('ntcn0005',3,'더미알림5','http://localhost/gw/work/send/detail.do?job_no=work211','0',to_date('2021/11/16','YYYY/MM/DD'));
Insert into TEAM4_202104F.NTCN (NTCN_NO,TRNSMITER_EMPNO,NTCN_CN,URL_ADRES,CNFIRM_AT,NTCN_DE) values ('ntcn0006',3,'더미알림6','http://localhost/gw/work/send/detail.do?job_no=work211','0',to_date('2021/11/16','YYYY/MM/DD'));
Insert into TEAM4_202104F.NTCN (NTCN_NO,TRNSMITER_EMPNO,NTCN_CN,URL_ADRES,CNFIRM_AT,NTCN_DE) values ('ntcn0007',3,'더미알림7','http://localhost/gw/work/send/detail.do?job_no=work211','0',to_date('2021/11/16','YYYY/MM/DD'));
REM INSERTING into TEAM4_202104F.NTCN_RCVER
SET DEFINE OFF;
Insert into TEAM4_202104F.NTCN_RCVER (NTCN_NO,RCVER_EMPNO) values ('ntcn0001',8);
Insert into TEAM4_202104F.NTCN_RCVER (NTCN_NO,RCVER_EMPNO) values ('ntcn0002',8);
Insert into TEAM4_202104F.NTCN_RCVER (NTCN_NO,RCVER_EMPNO) values ('ntcn0003',8);
Insert into TEAM4_202104F.NTCN_RCVER (NTCN_NO,RCVER_EMPNO) values ('ntcn0004',8);
Insert into TEAM4_202104F.NTCN_RCVER (NTCN_NO,RCVER_EMPNO) values ('ntcn0005',8);
Insert into TEAM4_202104F.NTCN_RCVER (NTCN_NO,RCVER_EMPNO) values ('ntcn0006',8);
Insert into TEAM4_202104F.NTCN_RCVER (NTCN_NO,RCVER_EMPNO) values ('ntcn0007',1);
Insert into TEAM4_202104F.NTCN_RCVER (NTCN_NO,RCVER_EMPNO) values ('ntcn0008',8);
Insert into TEAM4_202104F.NTCN_RCVER (NTCN_NO,RCVER_EMPNO) values ('ntcn0009',8);
Insert into TEAM4_202104F.NTCN_RCVER (NTCN_NO,RCVER_EMPNO) values ('ntcn00010',8);
Insert into TEAM4_202104F.NTCN_RCVER (NTCN_NO,RCVER_EMPNO) values ('ntcn00011',8);
REM INSERTING into TEAM4_202104F.ORGNZT_CHGHST
SET DEFINE OFF;
REM INSERTING into TEAM4_202104F.ORGNZT_EMP_MNGT
SET DEFINE OFF;
Insert into TEAM4_202104F.ORGNZT_EMP_MNGT (EMPNO,NM,CTTPC,FXNUM,DEPT_CODE,CLSF_CODE,RSPOFC_CODE,ENCPN,RETIRE_DE,PASSWORD,SANCTN_PASSWORD,ACTVTY_AT,IP_ADRES,EMAIL_ADRES,AUTHOR_CODE,FACE_PHOTO) values (123,'임원근','01012131213','02123123','B001','C001','D001',to_date('2021/12/02','YYYY/MM/DD'),null,'1!',null,1,'000.000.000','limwg318@naver.com','ROLE_EMPLOYEE','0ec8995f395649e78b0e61700fe01a5b$$happywon.jpg');
Insert into TEAM4_202104F.ORGNZT_EMP_MNGT (EMPNO,NM,CTTPC,FXNUM,DEPT_CODE,CLSF_CODE,RSPOFC_CODE,ENCPN,RETIRE_DE,PASSWORD,SANCTN_PASSWORD,ACTVTY_AT,IP_ADRES,EMAIL_ADRES,AUTHOR_CODE,FACE_PHOTO) values (1515,'박히윤','011-1234-4321','022-222-224','B006','C009','D017',to_date('2021/11/09','YYYY/MM/DD'),null,'1515',null,1,'405.021.1120','kkk@naver.com','ROLE_MANAGER','714a9b7ee5514568837de33aa4745fe4$$1.jpg');
Insert into TEAM4_202104F.ORGNZT_EMP_MNGT (EMPNO,NM,CTTPC,FXNUM,DEPT_CODE,CLSF_CODE,RSPOFC_CODE,ENCPN,RETIRE_DE,PASSWORD,SANCTN_PASSWORD,ACTVTY_AT,IP_ADRES,EMAIL_ADRES,AUTHOR_CODE,FACE_PHOTO) values (8,'김다미','010-3333-1111','042-123-123','B002','C008','D009',to_date('2019/12/15','YYYY/MM/DD'),null,'9',null,1,'000.000.000','dummy@naver.com','ROLE_DEPTMANAGER','76e307d6656b43eaa20a2965a60b1eda$$2.jpg');
Insert into TEAM4_202104F.ORGNZT_EMP_MNGT (EMPNO,NM,CTTPC,FXNUM,DEPT_CODE,CLSF_CODE,RSPOFC_CODE,ENCPN,RETIRE_DE,PASSWORD,SANCTN_PASSWORD,ACTVTY_AT,IP_ADRES,EMAIL_ADRES,AUTHOR_CODE,FACE_PHOTO) values (1459012,'김지연','010-5194-8983','042-123-456','B002','C002','D005',to_date('2021/11/05','YYYY/MM/DD'),null,'asdf',null,1,'405.021.1123','ksj@naver.com','ROLE_EMPLOYEE','b18b1d5861714e8dacfa41cb03d534c5$$6.jpg');
Insert into TEAM4_202104F.ORGNZT_EMP_MNGT (EMPNO,NM,CTTPC,FXNUM,DEPT_CODE,CLSF_CODE,RSPOFC_CODE,ENCPN,RETIRE_DE,PASSWORD,SANCTN_PASSWORD,ACTVTY_AT,IP_ADRES,EMAIL_ADRES,AUTHOR_CODE,FACE_PHOTO) values (12345,'임소연','010-1213-1213','031-124-1234','B004','C002','D011',to_date('2021/12/24','YYYY/MM/DD'),null,'1!',null,1,'000.000.000','limwg318@naver.com','ROLE_EMPLOYEE','f44e0e56856d46dbac64a20653a43426$$8.jpg');
Insert into TEAM4_202104F.ORGNZT_EMP_MNGT (EMPNO,NM,CTTPC,FXNUM,DEPT_CODE,CLSF_CODE,RSPOFC_CODE,ENCPN,RETIRE_DE,PASSWORD,SANCTN_PASSWORD,ACTVTY_AT,IP_ADRES,EMAIL_ADRES,AUTHOR_CODE,FACE_PHOTO) values (1234,'안지영','010-1111-1234','042-111-0000','B002','C001','D001',to_date('2021/11/20','YYYY/MM/DD'),null,'1111',null,1,'123.123.123','ctr@ccc.com','ROLE_EMPLOYEE','8dbf00eeb3cd476a9f0dc95c23bd9553$$11.jpg');
Insert into TEAM4_202104F.ORGNZT_EMP_MNGT (EMPNO,NM,CTTPC,FXNUM,DEPT_CODE,CLSF_CODE,RSPOFC_CODE,ENCPN,RETIRE_DE,PASSWORD,SANCTN_PASSWORD,ACTVTY_AT,IP_ADRES,EMAIL_ADRES,AUTHOR_CODE,FACE_PHOTO) values (54321,'임민영','010-1213-1213','062-123-1234','B001','C001','D001',to_date('2021/12/11','YYYY/MM/DD'),null,'54321!',null,1,'000.000.000','limwg318@naver.com','ROLE_TEMP','803c76835b1d4b3291a7a821997b6d8d$$7.jpg');
Insert into TEAM4_202104F.ORGNZT_EMP_MNGT (EMPNO,NM,CTTPC,FXNUM,DEPT_CODE,CLSF_CODE,RSPOFC_CODE,ENCPN,RETIRE_DE,PASSWORD,SANCTN_PASSWORD,ACTVTY_AT,IP_ADRES,EMAIL_ADRES,AUTHOR_CODE,FACE_PHOTO) values (2104004,'이인환','010-2460-3665','042-488-0235','B004','C007','D011',to_date('2021/04/12','YYYY/MM/DD'),null,'1',null,1,'405.021.130.7','llh1004@naver.com','ROLE_EMPLOYEE','41709944166249b38d55614a10ed3df6$$KakaoTalk_20211123_164740096_05.jpg');
Insert into TEAM4_202104F.ORGNZT_EMP_MNGT (EMPNO,NM,CTTPC,FXNUM,DEPT_CODE,CLSF_CODE,RSPOFC_CODE,ENCPN,RETIRE_DE,PASSWORD,SANCTN_PASSWORD,ACTVTY_AT,IP_ADRES,EMAIL_ADRES,AUTHOR_CODE,FACE_PHOTO) values (2104003,'안병준','010-3992-7306','042-488-1627','B003','C008','D009',to_date('2021/04/12','YYYY/MM/DD'),null,'1',null,1,'405.021.120.3','abj1004@naver.com','ROLE_DEPTMANAGER','4f0a4238f2db4b979ca1eedf53be6dfc$$KakaoTalk_20211123_164740096.jpg');
Insert into TEAM4_202104F.ORGNZT_EMP_MNGT (EMPNO,NM,CTTPC,FXNUM,DEPT_CODE,CLSF_CODE,RSPOFC_CODE,ENCPN,RETIRE_DE,PASSWORD,SANCTN_PASSWORD,ACTVTY_AT,IP_ADRES,EMAIL_ADRES,AUTHOR_CODE,FACE_PHOTO) values (2104005,'장하늘','010-7234-5520','042-488-1980','B006','C012','D017',to_date('2021/04/12','YYYY/MM/DD'),null,'2104005!',null,1,'405.021.140.5','jhn1004@naver.com','ROLE_EMPLOYEE','397026fdf64943bc83ca5ba36731478a$$KakaoTalk_20211123_164740096_03.jpg');
Insert into TEAM4_202104F.ORGNZT_EMP_MNGT (EMPNO,NM,CTTPC,FXNUM,DEPT_CODE,CLSF_CODE,RSPOFC_CODE,ENCPN,RETIRE_DE,PASSWORD,SANCTN_PASSWORD,ACTVTY_AT,IP_ADRES,EMAIL_ADRES,AUTHOR_CODE,FACE_PHOTO) values (2104002,'송지수','010-3811-1694','042-488-2200','B001','C004','D001',to_date('2021/04/12','YYYY/MM/DD'),null,'2104002!',null,1,'405.021.110.2','sjs1004@naver.com','ROLE_EMPLOYEE','e4ef6d32888841b5bdbbc6aed9eae87c$$KakaoTalk_20211123_164740096_04.jpg');
Insert into TEAM4_202104F.ORGNZT_EMP_MNGT (EMPNO,NM,CTTPC,FXNUM,DEPT_CODE,CLSF_CODE,RSPOFC_CODE,ENCPN,RETIRE_DE,PASSWORD,SANCTN_PASSWORD,ACTVTY_AT,IP_ADRES,EMAIL_ADRES,AUTHOR_CODE,FACE_PHOTO) values (1,'성미나','010-1111-2222','042-134-1234','B001','C001','D001',to_date('2021/10/20','YYYY/MM/DD'),null,'1!','1111',1,'11111-1111-1111','asdf@naver.com','ROLE_DEPTMANAGER','d3e75ada3a0146e1ad7a70c51c9ae7de$$ee579ae2bc9e560e68b637ff33990e7d.jpg');
Insert into TEAM4_202104F.ORGNZT_EMP_MNGT (EMPNO,NM,CTTPC,FXNUM,DEPT_CODE,CLSF_CODE,RSPOFC_CODE,ENCPN,RETIRE_DE,PASSWORD,SANCTN_PASSWORD,ACTVTY_AT,IP_ADRES,EMAIL_ADRES,AUTHOR_CODE,FACE_PHOTO) values (2,'지호진','010-1588-1588','042-188-1588','B006','C009','D017',to_date('1998/12/12','YYYY/MM/DD'),null,'1',null,1,'2222-2222-2222	','asdq@naver.com','ROLE_DEPTMANAGER','ef776cd9242a40c79b19ecbcc239ffc8$$14.jpg');
Insert into TEAM4_202104F.ORGNZT_EMP_MNGT (EMPNO,NM,CTTPC,FXNUM,DEPT_CODE,CLSF_CODE,RSPOFC_CODE,ENCPN,RETIRE_DE,PASSWORD,SANCTN_PASSWORD,ACTVTY_AT,IP_ADRES,EMAIL_ADRES,AUTHOR_CODE,FACE_PHOTO) values (3,'홍길동','010-1234-9876','042-112-1212','B003','C005','D008',to_date('1800/06/19','YYYY/MM/DD'),null,'3!','12345',1,'3333-3333-3333','qwer@naver.com','ROLE_EMPLOYEE','34572e3996304c358d0457a7e11acb5a$$10.jpg');
Insert into TEAM4_202104F.ORGNZT_EMP_MNGT (EMPNO,NM,CTTPC,FXNUM,DEPT_CODE,CLSF_CODE,RSPOFC_CODE,ENCPN,RETIRE_DE,PASSWORD,SANCTN_PASSWORD,ACTVTY_AT,IP_ADRES,EMAIL_ADRES,AUTHOR_CODE,FACE_PHOTO) values (4,'김기춘','010-4444-4444','042-444-4444','B004','C001','D010',to_date('2021/10/26','YYYY/MM/DD'),null,'qwer',null,1,'4444-4444-4444','uiop@naver.com','ROLE_EMPLOYEE','7ccb6ab5f9e1494f8173dd621358245e$$123.jpg');
Insert into TEAM4_202104F.ORGNZT_EMP_MNGT (EMPNO,NM,CTTPC,FXNUM,DEPT_CODE,CLSF_CODE,RSPOFC_CODE,ENCPN,RETIRE_DE,PASSWORD,SANCTN_PASSWORD,ACTVTY_AT,IP_ADRES,EMAIL_ADRES,AUTHOR_CODE,FACE_PHOTO) values (111,'박지민','010-1213-1213','053-124-1242','B001','C001','D001',to_date('2021/12/09','YYYY/MM/DD'),null,'111!',null,1,'000.000.000','limwg318@naver.com','ROLE_TEMP','f752998c075c4ffe9fa47e55c316d898$$17.jpg');
Insert into TEAM4_202104F.ORGNZT_EMP_MNGT (EMPNO,NM,CTTPC,FXNUM,DEPT_CODE,CLSF_CODE,RSPOFC_CODE,ENCPN,RETIRE_DE,PASSWORD,SANCTN_PASSWORD,ACTVTY_AT,IP_ADRES,EMAIL_ADRES,AUTHOR_CODE,FACE_PHOTO) values (9,'임춘기','011-1213-1234','064-124-1234','B001','C001','D001',to_date('2021/11/18','YYYY/MM/DD'),null,'9!',null,1,'000.000.000','limwg318@naver.com','ROLE_TEMP','f40a9009fe384d05ada3b41dacaede26$$rrr.jpg');
Insert into TEAM4_202104F.ORGNZT_EMP_MNGT (EMPNO,NM,CTTPC,FXNUM,DEPT_CODE,CLSF_CODE,RSPOFC_CODE,ENCPN,RETIRE_DE,PASSWORD,SANCTN_PASSWORD,ACTVTY_AT,IP_ADRES,EMAIL_ADRES,AUTHOR_CODE,FACE_PHOTO) values (8987,'김광석','010-6528-8987','031-211-21212','B006','C009','D017',to_date('1996/12/10','YYYY/MM/DD'),null,'8987',null,1,'111111111111111111111','ask8987@gmail.com','ROLE_DIRECTOR','1f80de45c6b444ebbcb2ca5854a28c80$$2.jpg');
Insert into TEAM4_202104F.ORGNZT_EMP_MNGT (EMPNO,NM,CTTPC,FXNUM,DEPT_CODE,CLSF_CODE,RSPOFC_CODE,ENCPN,RETIRE_DE,PASSWORD,SANCTN_PASSWORD,ACTVTY_AT,IP_ADRES,EMAIL_ADRES,AUTHOR_CODE,FACE_PHOTO) values (2104006,'정재헌','010-6288-8506','042-488-2400','B003','C001','D009',to_date('2021/04/12','YYYY/MM/DD'),null,'1',null,1,'405.021.150.9','jjh1004@naver.com','ROLE_EMPLOYEE','9baa52d4d80841168921de05a8da9ef2$$KakaoTalk_20211123_164740096_01.jpg');
Insert into TEAM4_202104F.ORGNZT_EMP_MNGT (EMPNO,NM,CTTPC,FXNUM,DEPT_CODE,CLSF_CODE,RSPOFC_CODE,ENCPN,RETIRE_DE,PASSWORD,SANCTN_PASSWORD,ACTVTY_AT,IP_ADRES,EMAIL_ADRES,AUTHOR_CODE,FACE_PHOTO) values (2104001,'김수정','010-8615-7433','042-488-2700','B005','C002','D014',to_date('2021/04/12','YYYY/MM/DD'),null,'2104001!',null,1,'405.021.100.8','ksj1004@naver.com','ROLE_EMPLOYEE','c70a87ad4f274bc0bd30736998a220ea$$KakaoTalk_20211123_164740096_02.jpg');
Insert into TEAM4_202104F.ORGNZT_EMP_MNGT (EMPNO,NM,CTTPC,FXNUM,DEPT_CODE,CLSF_CODE,RSPOFC_CODE,ENCPN,RETIRE_DE,PASSWORD,SANCTN_PASSWORD,ACTVTY_AT,IP_ADRES,EMAIL_ADRES,AUTHOR_CODE,FACE_PHOTO) values (54123,'장기명','018-1213-1213','052-111-1111','B002','C008','D009',to_date('2021/12/02','YYYY/MM/DD'),null,'1!',null,1,'000.000.000','limwg318@naver.com','ROLE_DEPTMANAGER','efa9bd92dbb54a85b5e22ab1b760bafe$$4.jpg');
Insert into TEAM4_202104F.ORGNZT_EMP_MNGT (EMPNO,NM,CTTPC,FXNUM,DEPT_CODE,CLSF_CODE,RSPOFC_CODE,ENCPN,RETIRE_DE,PASSWORD,SANCTN_PASSWORD,ACTVTY_AT,IP_ADRES,EMAIL_ADRES,AUTHOR_CODE,FACE_PHOTO) values (3214,'윤진명','010-9876-1234','042-987-41234','B003','C007','D003',to_date('2000/01/01','YYYY/MM/DD'),null,'1',null,1,'111.111.111','example@naver.com','ROLE_DEPTMANAGER','bc0f1d88cb434a01b679ad909c110315$$5.jpg');
Insert into TEAM4_202104F.ORGNZT_EMP_MNGT (EMPNO,NM,CTTPC,FXNUM,DEPT_CODE,CLSF_CODE,RSPOFC_CODE,ENCPN,RETIRE_DE,PASSWORD,SANCTN_PASSWORD,ACTVTY_AT,IP_ADRES,EMAIL_ADRES,AUTHOR_CODE,FACE_PHOTO) values (321,'강시후','010-9988-0001','042-123-51235','B003','C006','D007',to_date('2000/01/01','YYYY/MM/DD'),null,'1',null,1,'111.111.111','example@naver.com','ROLE_EMPLOYEE','3bac1006c0fb431e80931e371eff0219$$15.jpg');
REM INSERTING into TEAM4_202104F.SCHDUL_BKMK
SET DEFINE OFF;
REM INSERTING into TEAM4_202104F.SCHDUL_MNGT
SET DEFINE OFF;
Insert into TEAM4_202104F.SCHDUL_MNGT (SCHDUL_NO,EMPNO,SCHDUL_CODE,SCHDUL_SJ,SCHDUL_CN,RGSDE,BGNDE,ENDDE,CNRS_AT,BG_COLOR,NM,DEPT_CODE) values ('schd367',1,'I001','개인휴가','개인휴가',to_date('2021/11/23','YYYY/MM/DD'),to_date('2021/11/24','YYYY/MM/DD'),to_date('2021/11/27','YYYY/MM/DD'),null,'#ffa94d','성윤모','경리부');
Insert into TEAM4_202104F.SCHDUL_MNGT (SCHDUL_NO,EMPNO,SCHDUL_CODE,SCHDUL_SJ,SCHDUL_CN,RGSDE,BGNDE,ENDDE,CNRS_AT,BG_COLOR,NM,DEPT_CODE) values ('schd383',2104003,'I002','발표','발표',to_date('2021/11/23','YYYY/MM/DD'),to_date('2021/11/23','YYYY/MM/DD'),to_date('2021/11/23','YYYY/MM/DD'),null,'#63e6be','안병준','B003');
Insert into TEAM4_202104F.SCHDUL_MNGT (SCHDUL_NO,EMPNO,SCHDUL_CODE,SCHDUL_SJ,SCHDUL_CN,RGSDE,BGNDE,ENDDE,CNRS_AT,BG_COLOR,NM,DEPT_CODE) values ('schd401',2104006,'I001','개인휴가','개인휴가',to_date('2021/11/24','YYYY/MM/DD'),to_date('2021/10/28','YYYY/MM/DD'),to_date('2021/10/30','YYYY/MM/DD'),null,'#ffa94d','정재헌','시설관리부');
Insert into TEAM4_202104F.SCHDUL_MNGT (SCHDUL_NO,EMPNO,SCHDUL_CODE,SCHDUL_SJ,SCHDUL_CN,RGSDE,BGNDE,ENDDE,CNRS_AT,BG_COLOR,NM,DEPT_CODE) values ('schd347',3,'I002','월간 회의','11월 부서별 월간회의 ',to_date('2021/11/22','YYYY/MM/DD'),to_date('2021/11/01','YYYY/MM/DD'),to_date('2021/11/01','YYYY/MM/DD'),null,'#ffa94d','홍길동','B003');
Insert into TEAM4_202104F.SCHDUL_MNGT (SCHDUL_NO,EMPNO,SCHDUL_CODE,SCHDUL_SJ,SCHDUL_CN,RGSDE,BGNDE,ENDDE,CNRS_AT,BG_COLOR,NM,DEPT_CODE) values ('schd368',1,'I001','개인휴가','개인휴가',to_date('2021/11/23','YYYY/MM/DD'),to_date('2021/11/02','YYYY/MM/DD'),to_date('2021/11/11','YYYY/MM/DD'),null,'#ffa94d','성윤모','경리부');
Insert into TEAM4_202104F.SCHDUL_MNGT (SCHDUL_NO,EMPNO,SCHDUL_CODE,SCHDUL_SJ,SCHDUL_CN,RGSDE,BGNDE,ENDDE,CNRS_AT,BG_COLOR,NM,DEPT_CODE) values ('schd342',1,'I003','창립기념일 휴무','창립기념일 휴무',to_date('2021/11/22','YYYY/MM/DD'),to_date('2021/11/26','YYYY/MM/DD'),to_date('2021/11/26','YYYY/MM/DD'),null,'#D25565','성윤모','B001');
Insert into TEAM4_202104F.SCHDUL_MNGT (SCHDUL_NO,EMPNO,SCHDUL_CODE,SCHDUL_SJ,SCHDUL_CN,RGSDE,BGNDE,ENDDE,CNRS_AT,BG_COLOR,NM,DEPT_CODE) values ('schd343',1,'I003','21년 직장내 성희롱 교육','21년 직장내 성희롱 교육',to_date('2021/11/22','YYYY/MM/DD'),to_date('2021/11/29','YYYY/MM/DD'),to_date('2021/11/29','YYYY/MM/DD'),null,'#ffa94d','성윤모','B001');
Insert into TEAM4_202104F.SCHDUL_MNGT (SCHDUL_NO,EMPNO,SCHDUL_CODE,SCHDUL_SJ,SCHDUL_CN,RGSDE,BGNDE,ENDDE,CNRS_AT,BG_COLOR,NM,DEPT_CODE) values ('schd344',3,'I002','주간회의','부서별 주간회의  ',to_date('2021/11/22','YYYY/MM/DD'),to_date('2021/11/22','YYYY/MM/DD'),to_date('2021/11/22','YYYY/MM/DD'),null,'#9775fa','홍길동','B003');
Insert into TEAM4_202104F.SCHDUL_MNGT (SCHDUL_NO,EMPNO,SCHDUL_CODE,SCHDUL_SJ,SCHDUL_CN,RGSDE,BGNDE,ENDDE,CNRS_AT,BG_COLOR,NM,DEPT_CODE) values ('schd345',3,'I002','직무역량강화교육','직무역량강화교육 부서별로 실시합니다. ',to_date('2021/11/22','YYYY/MM/DD'),to_date('2021/11/18','YYYY/MM/DD'),to_date('2021/11/19','YYYY/MM/DD'),null,'#D25565','홍길동','B003');
Insert into TEAM4_202104F.SCHDUL_MNGT (SCHDUL_NO,EMPNO,SCHDUL_CODE,SCHDUL_SJ,SCHDUL_CN,RGSDE,BGNDE,ENDDE,CNRS_AT,BG_COLOR,NM,DEPT_CODE) values ('schd346',1,'I002','주간회의 ','주간회의 진행합니다. ',to_date('2021/11/22','YYYY/MM/DD'),to_date('2021/11/23','YYYY/MM/DD'),to_date('2021/11/23','YYYY/MM/DD'),null,'#ffa94d','성윤모','B001');
Insert into TEAM4_202104F.SCHDUL_MNGT (SCHDUL_NO,EMPNO,SCHDUL_CODE,SCHDUL_SJ,SCHDUL_CN,RGSDE,BGNDE,ENDDE,CNRS_AT,BG_COLOR,NM,DEPT_CODE) values ('schd385',2104006,'I001','개인휴가','개인휴가',to_date('2021/11/23','YYYY/MM/DD'),to_date('2021/10/05','YYYY/MM/DD'),to_date('2021/10/07','YYYY/MM/DD'),null,'#ffa94d','정재헌','시설관리부');
Insert into TEAM4_202104F.SCHDUL_MNGT (SCHDUL_NO,EMPNO,SCHDUL_CODE,SCHDUL_SJ,SCHDUL_CN,RGSDE,BGNDE,ENDDE,CNRS_AT,BG_COLOR,NM,DEPT_CODE) values ('schm354',2104003,'I002','직원교육','직원교육세미나',to_date('2021/11/22','YYYY/MM/DD'),to_date('2021/11/29','YYYY/MM/DD'),to_date('2021/12/01','YYYY/MM/DD'),'1','#ffa94d','안병준','B003');
Insert into TEAM4_202104F.SCHDUL_MNGT (SCHDUL_NO,EMPNO,SCHDUL_CODE,SCHDUL_SJ,SCHDUL_CN,RGSDE,BGNDE,ENDDE,CNRS_AT,BG_COLOR,NM,DEPT_CODE) values ('schd402',2104006,'I001','개인휴가','개인휴가',to_date('2021/11/24','YYYY/MM/DD'),to_date('2021/10/20','YYYY/MM/DD'),to_date('2021/10/22','YYYY/MM/DD'),null,'#ffa94d','정재헌','시설관리부');
Insert into TEAM4_202104F.SCHDUL_MNGT (SCHDUL_NO,EMPNO,SCHDUL_CODE,SCHDUL_SJ,SCHDUL_CN,RGSDE,BGNDE,ENDDE,CNRS_AT,BG_COLOR,NM,DEPT_CODE) values ('schd382',2104003,'I002','직원세미나','세미나',to_date('2021/11/23','YYYY/MM/DD'),to_date('2021/11/23','YYYY/MM/DD'),to_date('2021/11/23','YYYY/MM/DD'),null,'#74c0fc','안병준','B003');
Insert into TEAM4_202104F.SCHDUL_MNGT (SCHDUL_NO,EMPNO,SCHDUL_CODE,SCHDUL_SJ,SCHDUL_CN,RGSDE,BGNDE,ENDDE,CNRS_AT,BG_COLOR,NM,DEPT_CODE) values ('schd384',2104006,'I001','개인휴가','개인휴가',to_date('2021/11/23','YYYY/MM/DD'),to_date('2021/11/04','YYYY/MM/DD'),to_date('2021/11/07','YYYY/MM/DD'),null,'#ffa94d','정재헌','시설관리부');
Insert into TEAM4_202104F.SCHDUL_MNGT (SCHDUL_NO,EMPNO,SCHDUL_CODE,SCHDUL_SJ,SCHDUL_CN,RGSDE,BGNDE,ENDDE,CNRS_AT,BG_COLOR,NM,DEPT_CODE) values ('schd403',2104003,'I002','발표','발표',to_date('2021/11/24','YYYY/MM/DD'),to_date('2021/11/24','YYYY/MM/DD'),to_date('2021/11/24','YYYY/MM/DD'),null,'#f06595','안병준','B003');
Insert into TEAM4_202104F.SCHDUL_MNGT (SCHDUL_NO,EMPNO,SCHDUL_CODE,SCHDUL_SJ,SCHDUL_CN,RGSDE,BGNDE,ENDDE,CNRS_AT,BG_COLOR,NM,DEPT_CODE) values ('schd404',2104006,'I001','개인휴가','개인휴가',to_date('2021/11/24','YYYY/MM/DD'),to_date('2021/11/24','YYYY/MM/DD'),to_date('2021/11/26','YYYY/MM/DD'),null,'#ffa94d','정재헌','시설관리부');
Insert into TEAM4_202104F.SCHDUL_MNGT (SCHDUL_NO,EMPNO,SCHDUL_CODE,SCHDUL_SJ,SCHDUL_CN,RGSDE,BGNDE,ENDDE,CNRS_AT,BG_COLOR,NM,DEPT_CODE) values ('schd405',2104003,'I002','최종발표','최종발표',to_date('2021/11/24','YYYY/MM/DD'),to_date('2021/11/24','YYYY/MM/DD'),to_date('2021/11/24','YYYY/MM/DD'),null,'#74c0fc','안병준','B003');
REM INSERTING into TEAM4_202104F.SCHDUL_PRTCPNT
SET DEFINE OFF;
--------------------------------------------------------
--  DDL for Index ECCST_BKMK_SANCTN_LN_DTLS_PK
--------------------------------------------------------

  CREATE UNIQUE INDEX "TEAM4_202104F"."ECCST_BKMK_SANCTN_LN_DTLS_PK" ON "TEAM4_202104F"."ECCST_BKMK_SANCTN_LN_DTLS" ("DTLS_NO") 
  PCTFREE 10 INITRANS 2 MAXTRANS 255 COMPUTE STATISTICS 
  STORAGE(INITIAL 65536 NEXT 1048576 MINEXTENTS 1 MAXEXTENTS 2147483645
  PCTINCREASE 0 FREELISTS 1 FREELIST GROUPS 1 BUFFER_POOL DEFAULT FLASH_CACHE DEFAULT CELL_FLASH_CACHE DEFAULT)
  TABLESPACE "TS_202104F" ;
--------------------------------------------------------
--  DDL for Index JOB_RCV_PK
--------------------------------------------------------

  CREATE UNIQUE INDEX "TEAM4_202104F"."JOB_RCV_PK" ON "TEAM4_202104F"."JOB_RCV" ("JOB_INDEX") 
  PCTFREE 10 INITRANS 2 MAXTRANS 255 COMPUTE STATISTICS 
  STORAGE(INITIAL 65536 NEXT 1048576 MINEXTENTS 1 MAXEXTENTS 2147483645
  PCTINCREASE 0 FREELISTS 1 FREELIST GROUPS 1 BUFFER_POOL DEFAULT FLASH_CACHE DEFAULT CELL_FLASH_CACHE DEFAULT)
  TABLESPACE "TS_202104F" ;
--------------------------------------------------------
--  DDL for Index PK_ACT_DTLS
--------------------------------------------------------

  CREATE UNIQUE INDEX "TEAM4_202104F"."PK_ACT_DTLS" ON "TEAM4_202104F"."ACT_DTLS" ("ACT_DTLS_NO") 
  PCTFREE 10 INITRANS 2 MAXTRANS 255 COMPUTE STATISTICS 
  STORAGE(INITIAL 65536 NEXT 1048576 MINEXTENTS 1 MAXEXTENTS 2147483645
  PCTINCREASE 0 FREELISTS 1 FREELIST GROUPS 1 BUFFER_POOL DEFAULT FLASH_CACHE DEFAULT CELL_FLASH_CACHE DEFAULT)
  TABLESPACE "TS_202104F" ;
--------------------------------------------------------
--  DDL for Index PK_ATCH_MNFL
--------------------------------------------------------

  CREATE UNIQUE INDEX "TEAM4_202104F"."PK_ATCH_MNFL" ON "TEAM4_202104F"."ATCH_MNFL" ("FILE_NO") 
  PCTFREE 10 INITRANS 2 MAXTRANS 255 COMPUTE STATISTICS 
  STORAGE(INITIAL 65536 NEXT 1048576 MINEXTENTS 1 MAXEXTENTS 2147483645
  PCTINCREASE 0 FREELISTS 1 FREELIST GROUPS 1 BUFFER_POOL DEFAULT FLASH_CACHE DEFAULT CELL_FLASH_CACHE DEFAULT)
  TABLESPACE "TS_202104F" ;
--------------------------------------------------------
--  DDL for Index PK_BBS_CMPNY_DSPTCH
--------------------------------------------------------

  CREATE UNIQUE INDEX "TEAM4_202104F"."PK_BBS_CMPNY_DSPTCH" ON "TEAM4_202104F"."BBS_CMPNY_DSPTCH" ("BBSCTT_NO") 
  PCTFREE 10 INITRANS 2 MAXTRANS 255 COMPUTE STATISTICS 
  STORAGE(INITIAL 65536 NEXT 1048576 MINEXTENTS 1 MAXEXTENTS 2147483645
  PCTINCREASE 0 FREELISTS 1 FREELIST GROUPS 1 BUFFER_POOL DEFAULT FLASH_CACHE DEFAULT CELL_FLASH_CACHE DEFAULT)
  TABLESPACE "TS_202104F" ;
--------------------------------------------------------
--  DDL for Index PK_BBS_CTSNNBD
--------------------------------------------------------

  CREATE UNIQUE INDEX "TEAM4_202104F"."PK_BBS_CTSNNBD" ON "TEAM4_202104F"."BBS_CTSNNBD" ("BBSCTT_NO") 
  PCTFREE 10 INITRANS 2 MAXTRANS 255 COMPUTE STATISTICS 
  STORAGE(INITIAL 65536 NEXT 1048576 MINEXTENTS 1 MAXEXTENTS 2147483645
  PCTINCREASE 0 FREELISTS 1 FREELIST GROUPS 1 BUFFER_POOL DEFAULT FLASH_CACHE DEFAULT CELL_FLASH_CACHE DEFAULT)
  TABLESPACE "TS_202104F" ;
--------------------------------------------------------
--  DDL for Index PK_BBS_FREEBD
--------------------------------------------------------

  CREATE UNIQUE INDEX "TEAM4_202104F"."PK_BBS_FREEBD" ON "TEAM4_202104F"."BBS_FREEBD" ("BBSCTT_NO") 
  PCTFREE 10 INITRANS 2 MAXTRANS 255 COMPUTE STATISTICS 
  STORAGE(INITIAL 65536 NEXT 1048576 MINEXTENTS 1 MAXEXTENTS 2147483645
  PCTINCREASE 0 FREELISTS 1 FREELIST GROUPS 1 BUFFER_POOL DEFAULT FLASH_CACHE DEFAULT CELL_FLASH_CACHE DEFAULT)
  TABLESPACE "TS_202104F" ;
--------------------------------------------------------
--  DDL for Index PK_BBS_MNGTBD
--------------------------------------------------------

  CREATE UNIQUE INDEX "TEAM4_202104F"."PK_BBS_MNGTBD" ON "TEAM4_202104F"."BBS_MNGTBD" ("BBSCTT_NO") 
  PCTFREE 10 INITRANS 2 MAXTRANS 255 COMPUTE STATISTICS 
  STORAGE(INITIAL 65536 NEXT 1048576 MINEXTENTS 1 MAXEXTENTS 2147483645
  PCTINCREASE 0 FREELISTS 1 FREELIST GROUPS 1 BUFFER_POOL DEFAULT FLASH_CACHE DEFAULT CELL_FLASH_CACHE DEFAULT)
  TABLESPACE "TS_202104F" ;
--------------------------------------------------------
--  DDL for Index PK_BBS_NTBD
--------------------------------------------------------

  CREATE UNIQUE INDEX "TEAM4_202104F"."PK_BBS_NTBD" ON "TEAM4_202104F"."BBS_NTBD" ("BBSCTT_NO") 
  PCTFREE 10 INITRANS 2 MAXTRANS 255 COMPUTE STATISTICS 
  STORAGE(INITIAL 65536 NEXT 1048576 MINEXTENTS 1 MAXEXTENTS 2147483645
  PCTINCREASE 0 FREELISTS 1 FREELIST GROUPS 1 BUFFER_POOL DEFAULT FLASH_CACHE DEFAULT CELL_FLASH_CACHE DEFAULT)
  TABLESPACE "TS_202104F" ;
--------------------------------------------------------
--  DDL for Index PK_CODE
--------------------------------------------------------

  CREATE UNIQUE INDEX "TEAM4_202104F"."PK_CODE" ON "TEAM4_202104F"."CODE" ("CODE_NO") 
  PCTFREE 10 INITRANS 2 MAXTRANS 255 COMPUTE STATISTICS 
  STORAGE(INITIAL 65536 NEXT 1048576 MINEXTENTS 1 MAXEXTENTS 2147483645
  PCTINCREASE 0 FREELISTS 1 FREELIST GROUPS 1 BUFFER_POOL DEFAULT FLASH_CACHE DEFAULT CELL_FLASH_CACHE DEFAULT)
  TABLESPACE "TS_202104F" ;
--------------------------------------------------------
--  DDL for Index PK_DBX
--------------------------------------------------------

  CREATE UNIQUE INDEX "TEAM4_202104F"."PK_DBX" ON "TEAM4_202104F"."DBX" ("DBX_NO") 
  PCTFREE 10 INITRANS 2 MAXTRANS 255 COMPUTE STATISTICS 
  STORAGE(INITIAL 65536 NEXT 1048576 MINEXTENTS 1 MAXEXTENTS 2147483645
  PCTINCREASE 0 FREELISTS 1 FREELIST GROUPS 1 BUFFER_POOL DEFAULT FLASH_CACHE DEFAULT CELL_FLASH_CACHE DEFAULT)
  TABLESPACE "TS_202104F" ;
--------------------------------------------------------
--  DDL for Index PK_DBX_COCNR
--------------------------------------------------------

  CREATE UNIQUE INDEX "TEAM4_202104F"."PK_DBX_COCNR" ON "TEAM4_202104F"."DBX_COCNR" ("COCNR_NO") 
  PCTFREE 10 INITRANS 2 MAXTRANS 255 COMPUTE STATISTICS 
  STORAGE(INITIAL 65536 NEXT 1048576 MINEXTENTS 1 MAXEXTENTS 2147483645
  PCTINCREASE 0 FREELISTS 1 FREELIST GROUPS 1 BUFFER_POOL DEFAULT FLASH_CACHE DEFAULT CELL_FLASH_CACHE DEFAULT)
  TABLESPACE "TS_202104F" ;
--------------------------------------------------------
--  DDL for Index PK_DCLZ_COMMUTE
--------------------------------------------------------

  CREATE UNIQUE INDEX "TEAM4_202104F"."PK_DCLZ_COMMUTE" ON "TEAM4_202104F"."DCLZ_COMMUTE" ("CMTE_CODE") 
  PCTFREE 10 INITRANS 2 MAXTRANS 255 COMPUTE STATISTICS 
  STORAGE(INITIAL 65536 NEXT 1048576 MINEXTENTS 1 MAXEXTENTS 2147483645
  PCTINCREASE 0 FREELISTS 1 FREELIST GROUPS 1 BUFFER_POOL DEFAULT FLASH_CACHE DEFAULT CELL_FLASH_CACHE DEFAULT)
  TABLESPACE "TS_202104F" ;
--------------------------------------------------------
--  DDL for Index PK_DCLZ_COMMUTE_LOG
--------------------------------------------------------

  CREATE UNIQUE INDEX "TEAM4_202104F"."PK_DCLZ_COMMUTE_LOG" ON "TEAM4_202104F"."DCLZ_COMMUTE_LOG" ("CMTE_CODE", "EMPNO") 
  PCTFREE 10 INITRANS 2 MAXTRANS 255 COMPUTE STATISTICS 
  STORAGE(INITIAL 65536 NEXT 1048576 MINEXTENTS 1 MAXEXTENTS 2147483645
  PCTINCREASE 0 FREELISTS 1 FREELIST GROUPS 1 BUFFER_POOL DEFAULT FLASH_CACHE DEFAULT CELL_FLASH_CACHE DEFAULT)
  TABLESPACE "TS_202104F" ;
--------------------------------------------------------
--  DDL for Index PK_DCLZ_MNGT
--------------------------------------------------------

  CREATE UNIQUE INDEX "TEAM4_202104F"."PK_DCLZ_MNGT" ON "TEAM4_202104F"."DCLZ_MNGT" ("DCLZ_NO") 
  PCTFREE 10 INITRANS 2 MAXTRANS 255 COMPUTE STATISTICS 
  STORAGE(INITIAL 65536 NEXT 1048576 MINEXTENTS 1 MAXEXTENTS 2147483645
  PCTINCREASE 0 FREELISTS 1 FREELIST GROUPS 1 BUFFER_POOL DEFAULT FLASH_CACHE DEFAULT CELL_FLASH_CACHE DEFAULT)
  TABLESPACE "TS_202104F" ;
--------------------------------------------------------
--  DDL for Index PK_DCLZ_VCATN
--------------------------------------------------------

  CREATE UNIQUE INDEX "TEAM4_202104F"."PK_DCLZ_VCATN" ON "TEAM4_202104F"."DCLZ_VCATN" ("VCATN_NO") 
  PCTFREE 10 INITRANS 2 MAXTRANS 255 COMPUTE STATISTICS 
  STORAGE(INITIAL 65536 NEXT 1048576 MINEXTENTS 1 MAXEXTENTS 2147483645
  PCTINCREASE 0 FREELISTS 1 FREELIST GROUPS 1 BUFFER_POOL DEFAULT FLASH_CACHE DEFAULT CELL_FLASH_CACHE DEFAULT)
  TABLESPACE "TS_202104F" ;
--------------------------------------------------------
--  DDL for Index PK_DCLZ_VCATN_CODE
--------------------------------------------------------

  CREATE UNIQUE INDEX "TEAM4_202104F"."PK_DCLZ_VCATN_CODE" ON "TEAM4_202104F"."DCLZ_VCATN_CODE" ("VCATN_CODE") 
  PCTFREE 10 INITRANS 2 MAXTRANS 255 COMPUTE STATISTICS 
  STORAGE(INITIAL 65536 NEXT 1048576 MINEXTENTS 1 MAXEXTENTS 2147483645
  PCTINCREASE 0 FREELISTS 1 FREELIST GROUPS 1 BUFFER_POOL DEFAULT FLASH_CACHE DEFAULT CELL_FLASH_CACHE DEFAULT)
  TABLESPACE "TS_202104F" ;
--------------------------------------------------------
--  DDL for Index PK_ECCST_BKMK_FORM
--------------------------------------------------------

  CREATE UNIQUE INDEX "TEAM4_202104F"."PK_ECCST_BKMK_FORM" ON "TEAM4_202104F"."ECCST_BKMK_FORM" ("BKMK_NO") 
  PCTFREE 10 INITRANS 2 MAXTRANS 255 COMPUTE STATISTICS 
  STORAGE(INITIAL 65536 NEXT 1048576 MINEXTENTS 1 MAXEXTENTS 2147483645
  PCTINCREASE 0 FREELISTS 1 FREELIST GROUPS 1 BUFFER_POOL DEFAULT FLASH_CACHE DEFAULT CELL_FLASH_CACHE DEFAULT)
  TABLESPACE "TS_202104F" ;
--------------------------------------------------------
--  DDL for Index PK_ECCST_BKMK_SANCTN_LN
--------------------------------------------------------

  CREATE UNIQUE INDEX "TEAM4_202104F"."PK_ECCST_BKMK_SANCTN_LN" ON "TEAM4_202104F"."ECCST_BKMK_SANCTN_LN" ("BKMK_NO") 
  PCTFREE 10 INITRANS 2 MAXTRANS 255 COMPUTE STATISTICS 
  STORAGE(INITIAL 65536 NEXT 1048576 MINEXTENTS 1 MAXEXTENTS 2147483645
  PCTINCREASE 0 FREELISTS 1 FREELIST GROUPS 1 BUFFER_POOL DEFAULT FLASH_CACHE DEFAULT CELL_FLASH_CACHE DEFAULT)
  TABLESPACE "TS_202104F" ;
--------------------------------------------------------
--  DDL for Index PK_ECCST_ENVRN_SETUP
--------------------------------------------------------

  CREATE UNIQUE INDEX "TEAM4_202104F"."PK_ECCST_ENVRN_SETUP" ON "TEAM4_202104F"."ECCST_ENVRN_SETUP" ("EMPNO") 
  PCTFREE 10 INITRANS 2 MAXTRANS 255 COMPUTE STATISTICS 
  STORAGE(INITIAL 65536 NEXT 1048576 MINEXTENTS 1 MAXEXTENTS 2147483645
  PCTINCREASE 0 FREELISTS 1 FREELIST GROUPS 1 BUFFER_POOL DEFAULT FLASH_CACHE DEFAULT CELL_FLASH_CACHE DEFAULT)
  TABLESPACE "TS_202104F" ;
--------------------------------------------------------
--  DDL for Index PK_ECCST_REGSTR_FORM
--------------------------------------------------------

  CREATE UNIQUE INDEX "TEAM4_202104F"."PK_ECCST_REGSTR_FORM" ON "TEAM4_202104F"."ECCST_REGSTR_FORM" ("FORM_NO") 
  PCTFREE 10 INITRANS 2 MAXTRANS 255 COMPUTE STATISTICS 
  STORAGE(INITIAL 65536 NEXT 1048576 MINEXTENTS 1 MAXEXTENTS 2147483645
  PCTINCREASE 0 FREELISTS 1 FREELIST GROUPS 1 BUFFER_POOL DEFAULT FLASH_CACHE DEFAULT CELL_FLASH_CACHE DEFAULT)
  TABLESPACE "TS_202104F" ;
--------------------------------------------------------
--  DDL for Index PK_ECCST_SANCTN_MNGT
--------------------------------------------------------

  CREATE UNIQUE INDEX "TEAM4_202104F"."PK_ECCST_SANCTN_MNGT" ON "TEAM4_202104F"."ECCST_SANCTN_MNGT" ("SANCTN_NO") 
  PCTFREE 10 INITRANS 2 MAXTRANS 255 COMPUTE STATISTICS 
  STORAGE(INITIAL 65536 NEXT 1048576 MINEXTENTS 1 MAXEXTENTS 2147483645
  PCTINCREASE 0 FREELISTS 1 FREELIST GROUPS 1 BUFFER_POOL DEFAULT FLASH_CACHE DEFAULT CELL_FLASH_CACHE DEFAULT)
  TABLESPACE "TS_202104F" ;
--------------------------------------------------------
--  DDL for Index PK_JOB_ANSWER
--------------------------------------------------------

  CREATE UNIQUE INDEX "TEAM4_202104F"."PK_JOB_ANSWER" ON "TEAM4_202104F"."JOB_ANSWER" ("ANSWER_NO") 
  PCTFREE 10 INITRANS 2 MAXTRANS 255 COMPUTE STATISTICS 
  STORAGE(INITIAL 65536 NEXT 1048576 MINEXTENTS 1 MAXEXTENTS 2147483645
  PCTINCREASE 0 FREELISTS 1 FREELIST GROUPS 1 BUFFER_POOL DEFAULT FLASH_CACHE DEFAULT CELL_FLASH_CACHE DEFAULT)
  TABLESPACE "TS_202104F" ;
--------------------------------------------------------
--  DDL for Index PK_JOB_CNFIRM
--------------------------------------------------------

  CREATE UNIQUE INDEX "TEAM4_202104F"."PK_JOB_CNFIRM" ON "TEAM4_202104F"."JOB_CNFIRM" ("SN") 
  PCTFREE 10 INITRANS 2 MAXTRANS 255 COMPUTE STATISTICS 
  STORAGE(INITIAL 65536 NEXT 1048576 MINEXTENTS 1 MAXEXTENTS 2147483645
  PCTINCREASE 0 FREELISTS 1 FREELIST GROUPS 1 BUFFER_POOL DEFAULT FLASH_CACHE DEFAULT CELL_FLASH_CACHE DEFAULT)
  TABLESPACE "TS_202104F" ;
--------------------------------------------------------
--  DDL for Index PK_JOB_MNGT
--------------------------------------------------------

  CREATE UNIQUE INDEX "TEAM4_202104F"."PK_JOB_MNGT" ON "TEAM4_202104F"."JOB_MNGT" ("JOB_NO") 
  PCTFREE 10 INITRANS 2 MAXTRANS 255 COMPUTE STATISTICS 
  STORAGE(INITIAL 65536 NEXT 1048576 MINEXTENTS 1 MAXEXTENTS 2147483645
  PCTINCREASE 0 FREELISTS 1 FREELIST GROUPS 1 BUFFER_POOL DEFAULT FLASH_CACHE DEFAULT CELL_FLASH_CACHE DEFAULT)
  TABLESPACE "TS_202104F" ;
--------------------------------------------------------
--  DDL for Index PK_MENU
--------------------------------------------------------

  CREATE UNIQUE INDEX "TEAM4_202104F"."PK_MENU" ON "TEAM4_202104F"."MENU" ("MENU_CODE") 
  PCTFREE 10 INITRANS 2 MAXTRANS 255 COMPUTE STATISTICS 
  STORAGE(INITIAL 65536 NEXT 1048576 MINEXTENTS 1 MAXEXTENTS 2147483645
  PCTINCREASE 0 FREELISTS 1 FREELIST GROUPS 1 BUFFER_POOL DEFAULT FLASH_CACHE DEFAULT CELL_FLASH_CACHE DEFAULT)
  TABLESPACE "TS_202104F" ;
--------------------------------------------------------
--  DDL for Index PK_NTCN
--------------------------------------------------------

  CREATE UNIQUE INDEX "TEAM4_202104F"."PK_NTCN" ON "TEAM4_202104F"."NTCN" ("NTCN_NO") 
  PCTFREE 10 INITRANS 2 MAXTRANS 255 COMPUTE STATISTICS 
  STORAGE(INITIAL 65536 NEXT 1048576 MINEXTENTS 1 MAXEXTENTS 2147483645
  PCTINCREASE 0 FREELISTS 1 FREELIST GROUPS 1 BUFFER_POOL DEFAULT FLASH_CACHE DEFAULT CELL_FLASH_CACHE DEFAULT)
  TABLESPACE "TS_202104F" ;
--------------------------------------------------------
--  DDL for Index PK_ORGNZT_CHGHST
--------------------------------------------------------

  CREATE UNIQUE INDEX "TEAM4_202104F"."PK_ORGNZT_CHGHST" ON "TEAM4_202104F"."ORGNZT_CHGHST" ("CLSF_HIST_SN") 
  PCTFREE 10 INITRANS 2 MAXTRANS 255 COMPUTE STATISTICS 
  STORAGE(INITIAL 65536 NEXT 1048576 MINEXTENTS 1 MAXEXTENTS 2147483645
  PCTINCREASE 0 FREELISTS 1 FREELIST GROUPS 1 BUFFER_POOL DEFAULT FLASH_CACHE DEFAULT CELL_FLASH_CACHE DEFAULT)
  TABLESPACE "TS_202104F" ;
--------------------------------------------------------
--  DDL for Index PK_ORGNZT_EMP_MNGT
--------------------------------------------------------

  CREATE UNIQUE INDEX "TEAM4_202104F"."PK_ORGNZT_EMP_MNGT" ON "TEAM4_202104F"."ORGNZT_EMP_MNGT" ("EMPNO") 
  PCTFREE 10 INITRANS 2 MAXTRANS 255 COMPUTE STATISTICS 
  STORAGE(INITIAL 65536 NEXT 1048576 MINEXTENTS 1 MAXEXTENTS 2147483645
  PCTINCREASE 0 FREELISTS 1 FREELIST GROUPS 1 BUFFER_POOL DEFAULT FLASH_CACHE DEFAULT CELL_FLASH_CACHE DEFAULT)
  TABLESPACE "TS_202104F" ;
--------------------------------------------------------
--  DDL for Index PK_SCHDUL_BKMK
--------------------------------------------------------

  CREATE UNIQUE INDEX "TEAM4_202104F"."PK_SCHDUL_BKMK" ON "TEAM4_202104F"."SCHDUL_BKMK" ("FX_NO", "EMPNO") 
  PCTFREE 10 INITRANS 2 MAXTRANS 255 COMPUTE STATISTICS 
  STORAGE(INITIAL 65536 NEXT 1048576 MINEXTENTS 1 MAXEXTENTS 2147483645
  PCTINCREASE 0 FREELISTS 1 FREELIST GROUPS 1 BUFFER_POOL DEFAULT FLASH_CACHE DEFAULT CELL_FLASH_CACHE DEFAULT)
  TABLESPACE "TS_202104F" ;
--------------------------------------------------------
--  DDL for Index PK_SCHDUL_MNGT
--------------------------------------------------------

  CREATE UNIQUE INDEX "TEAM4_202104F"."PK_SCHDUL_MNGT" ON "TEAM4_202104F"."SCHDUL_MNGT" ("SCHDUL_NO") 
  PCTFREE 10 INITRANS 2 MAXTRANS 255 COMPUTE STATISTICS 
  STORAGE(INITIAL 65536 NEXT 1048576 MINEXTENTS 1 MAXEXTENTS 2147483645
  PCTINCREASE 0 FREELISTS 1 FREELIST GROUPS 1 BUFFER_POOL DEFAULT FLASH_CACHE DEFAULT CELL_FLASH_CACHE DEFAULT)
  TABLESPACE "TS_202104F" ;
--------------------------------------------------------
--  DDL for Index PK_SCHDUL_PRTCPNT
--------------------------------------------------------

  CREATE UNIQUE INDEX "TEAM4_202104F"."PK_SCHDUL_PRTCPNT" ON "TEAM4_202104F"."SCHDUL_PRTCPNT" ("PRTCPNT_EMPNO", "SCHDUL_NO") 
  PCTFREE 10 INITRANS 2 MAXTRANS 255 COMPUTE STATISTICS 
  STORAGE(INITIAL 65536 NEXT 1048576 MINEXTENTS 1 MAXEXTENTS 2147483645
  PCTINCREASE 0 FREELISTS 1 FREELIST GROUPS 1 BUFFER_POOL DEFAULT FLASH_CACHE DEFAULT CELL_FLASH_CACHE DEFAULT)
  TABLESPACE "TS_202104F" ;
--------------------------------------------------------
--  DDL for Function FN_GET_ATTENDENCE
--------------------------------------------------------

  CREATE OR REPLACE FUNCTION "TEAM4_202104F"."FN_GET_ATTENDENCE" (P_EMPNO IN VARCHAR2)
    RETURN VARCHAR2
IS
    V_EMPNO VARCHAR2(100);
BEGIN
    SELECT CASE WHEN TO_NUMBER(TO_CHAR(SYSDATE,'HH24MI')) < BGNTIME THEN 'F001'
                WHEN ENDTIME - TO_NUMBER(TO_CHAR(SYSDATE,'HH24MI')) < 500 THEN 'F002'
                WHEN ENDTIME - TO_NUMBER(TO_CHAR(SYSDATE,'HH24MI')) >= 500 THEN 'F003'
                WHEN BGNTIME IS NOT NULL AND ENDTIME IS NULL THEN 'F004'
                WHEN TO_NUMBER(TO_CHAR(SYSDATE,'HH24MI')) > BGNTIME THEN 'F005'
                ELSE
                    'F003'
            END INTO V_EMPNO
    FROM   DCLZ_COMMUTE A, DCLZ_COMMUTE_LOG B
    WHERE  A.CMTE_CODE = B.CMTE_CODE
    AND    B.EMPNO = 1;
        RETURN V_EMPNO;
    EXCEPTION 
        WHEN OTHERS THEN
            RETURN 'F009';
END;

/
--------------------------------------------------------
--  DDL for Function FN_GET_GOHOME
--------------------------------------------------------

  CREATE OR REPLACE FUNCTION "TEAM4_202104F"."FN_GET_GOHOME" (P_EMPNO IN VARCHAR2 , P_DCLZ_NO IN VARCHAR2)
    RETURN VARCHAR2
IS
     pragma autonomous_transaction;
    V_EMPNO VARCHAR2(100);
BEGIN
    SELECT CASE WHEN ATTEND_TIME IS NOT NULL AND LVFFC_TIME IS NULL THEN 'F004'
                WHEN STTUS_CODE = 'F001' AND TO_NUMBER(TO_CHAR(SYSDATE,'HH24MISS')) >= ENDTIME THEN 'F001'
                WHEN STTUS_CODE = 'F001' AND ENDTIME - TO_NUMBER(TO_CHAR(SYSDATE,'HH24MISS')) < 500 THEN 'F002'
                WHEN ATTEND_TIME IS NULL THEN 'F003'
                WHEN STTUS_CODE = 'F005' AND TO_NUMBER(TO_CHAR(SYSDATE,'HH24MISS')) > ENDTIME THEN 'F005' 
                ELSE
                    'F003'
            END INTO V_EMPNO
    FROM   DCLZ_COMMUTE A, DCLZ_COMMUTE_LOG B, dclz_mngt c
    WHERE  A.CMTE_CODE = B.CMTE_CODE
    AND    B.EMPNO = C.EMPNO
    AND    B.EMPNO = P_EMPNO
    AND    C.DCLZ_NO = P_DCLZ_NO;

        RETURN V_EMPNO;

END;

/
--------------------------------------------------------
--  DDL for Function FN_GET_GOWORK
--------------------------------------------------------

  CREATE OR REPLACE FUNCTION "TEAM4_202104F"."FN_GET_GOWORK" (P_EMPNO IN VARCHAR2)
    RETURN VARCHAR2
IS
    V_EMPNO VARCHAR2(100);
BEGIN
    SELECT CASE WHEN TO_NUMBER(TO_CHAR(SYSDATE,'HH24MISS')) < BGNTIME THEN 'F001'
                WHEN TO_NUMBER(TO_CHAR(SYSDATE,'HH24MISS')) > BGNTIME THEN 'F005'
                WHEN BGNTIME IS NOT NULL AND ENDTIME IS NULL THEN 'F004'
                ELSE
                    'F003'
            END INTO V_EMPNO
    FROM   DCLZ_COMMUTE A, DCLZ_COMMUTE_LOG B
    WHERE  A.CMTE_CODE = B.CMTE_CODE
    AND    B.EMPNO = P_EMPNO;
        RETURN V_EMPNO;
    EXCEPTION 
        WHEN OTHERS THEN
            RETURN 'F009';
END;

/
--------------------------------------------------------
--  Constraints for Table ACT_DTLS
--------------------------------------------------------

  ALTER TABLE "TEAM4_202104F"."ACT_DTLS" ADD CONSTRAINT "PK_ACT_DTLS" PRIMARY KEY ("ACT_DTLS_NO")
  USING INDEX PCTFREE 10 INITRANS 2 MAXTRANS 255 COMPUTE STATISTICS 
  STORAGE(INITIAL 65536 NEXT 1048576 MINEXTENTS 1 MAXEXTENTS 2147483645
  PCTINCREASE 0 FREELISTS 1 FREELIST GROUPS 1 BUFFER_POOL DEFAULT FLASH_CACHE DEFAULT CELL_FLASH_CACHE DEFAULT)
  TABLESPACE "TS_202104F"  ENABLE;
  ALTER TABLE "TEAM4_202104F"."ACT_DTLS" MODIFY ("ACT_CN" NOT NULL ENABLE);
  ALTER TABLE "TEAM4_202104F"."ACT_DTLS" MODIFY ("ACT_DE" NOT NULL ENABLE);
  ALTER TABLE "TEAM4_202104F"."ACT_DTLS" MODIFY ("EMPNO" NOT NULL ENABLE);
  ALTER TABLE "TEAM4_202104F"."ACT_DTLS" MODIFY ("ACT_DTLS_NO" NOT NULL ENABLE);
--------------------------------------------------------
--  Constraints for Table ATCH_MNFL
--------------------------------------------------------

  ALTER TABLE "TEAM4_202104F"."ATCH_MNFL" MODIFY ("UPLOADPATH" NOT NULL ENABLE);
  ALTER TABLE "TEAM4_202104F"."ATCH_MNFL" MODIFY ("ATCH_ORDER" NOT NULL ENABLE);
  ALTER TABLE "TEAM4_202104F"."ATCH_MNFL" MODIFY ("BBSCTT_NO" NOT NULL ENABLE);
  ALTER TABLE "TEAM4_202104F"."ATCH_MNFL" ADD CONSTRAINT "PK_ATCH_MNFL" PRIMARY KEY ("FILE_NO")
  USING INDEX PCTFREE 10 INITRANS 2 MAXTRANS 255 COMPUTE STATISTICS 
  STORAGE(INITIAL 65536 NEXT 1048576 MINEXTENTS 1 MAXEXTENTS 2147483645
  PCTINCREASE 0 FREELISTS 1 FREELIST GROUPS 1 BUFFER_POOL DEFAULT FLASH_CACHE DEFAULT CELL_FLASH_CACHE DEFAULT)
  TABLESPACE "TS_202104F"  ENABLE;
  ALTER TABLE "TEAM4_202104F"."ATCH_MNFL" MODIFY ("FILE_TYPE" NOT NULL ENABLE);
  ALTER TABLE "TEAM4_202104F"."ATCH_MNFL" MODIFY ("FILE_NM" NOT NULL ENABLE);
  ALTER TABLE "TEAM4_202104F"."ATCH_MNFL" MODIFY ("FILE_NO" NOT NULL ENABLE);
--------------------------------------------------------
--  Constraints for Table BBS_CMPNY_DSPTCH
--------------------------------------------------------

  ALTER TABLE "TEAM4_202104F"."BBS_CMPNY_DSPTCH" MODIFY ("EMP_NM" NOT NULL ENABLE);
  ALTER TABLE "TEAM4_202104F"."BBS_CMPNY_DSPTCH" MODIFY ("RDCNT" NOT NULL ENABLE);
  ALTER TABLE "TEAM4_202104F"."BBS_CMPNY_DSPTCH" MODIFY ("CN" NOT NULL ENABLE);
  ALTER TABLE "TEAM4_202104F"."BBS_CMPNY_DSPTCH" ADD CONSTRAINT "PK_BBS_CMPNY_DSPTCH" PRIMARY KEY ("BBSCTT_NO")
  USING INDEX PCTFREE 10 INITRANS 2 MAXTRANS 255 COMPUTE STATISTICS 
  STORAGE(INITIAL 65536 NEXT 1048576 MINEXTENTS 1 MAXEXTENTS 2147483645
  PCTINCREASE 0 FREELISTS 1 FREELIST GROUPS 1 BUFFER_POOL DEFAULT FLASH_CACHE DEFAULT CELL_FLASH_CACHE DEFAULT)
  TABLESPACE "TS_202104F"  ENABLE;
  ALTER TABLE "TEAM4_202104F"."BBS_CMPNY_DSPTCH" MODIFY ("EMPNO" NOT NULL ENABLE);
  ALTER TABLE "TEAM4_202104F"."BBS_CMPNY_DSPTCH" MODIFY ("RGSDE" NOT NULL ENABLE);
  ALTER TABLE "TEAM4_202104F"."BBS_CMPNY_DSPTCH" MODIFY ("SJ" NOT NULL ENABLE);
  ALTER TABLE "TEAM4_202104F"."BBS_CMPNY_DSPTCH" MODIFY ("BBSCTT_NO" NOT NULL ENABLE);
--------------------------------------------------------
--  Constraints for Table BBS_CTSNNBD
--------------------------------------------------------

  ALTER TABLE "TEAM4_202104F"."BBS_CTSNNBD" MODIFY ("EMP_NM" NOT NULL ENABLE);
  ALTER TABLE "TEAM4_202104F"."BBS_CTSNNBD" MODIFY ("RDCNT" NOT NULL ENABLE);
  ALTER TABLE "TEAM4_202104F"."BBS_CTSNNBD" MODIFY ("CN" NOT NULL ENABLE);
  ALTER TABLE "TEAM4_202104F"."BBS_CTSNNBD" ADD CONSTRAINT "PK_BBS_CTSNNBD" PRIMARY KEY ("BBSCTT_NO")
  USING INDEX PCTFREE 10 INITRANS 2 MAXTRANS 255 COMPUTE STATISTICS 
  STORAGE(INITIAL 65536 NEXT 1048576 MINEXTENTS 1 MAXEXTENTS 2147483645
  PCTINCREASE 0 FREELISTS 1 FREELIST GROUPS 1 BUFFER_POOL DEFAULT FLASH_CACHE DEFAULT CELL_FLASH_CACHE DEFAULT)
  TABLESPACE "TS_202104F"  ENABLE;
  ALTER TABLE "TEAM4_202104F"."BBS_CTSNNBD" MODIFY ("EMPNO" NOT NULL ENABLE);
  ALTER TABLE "TEAM4_202104F"."BBS_CTSNNBD" MODIFY ("RGSDE" NOT NULL ENABLE);
  ALTER TABLE "TEAM4_202104F"."BBS_CTSNNBD" MODIFY ("SJ" NOT NULL ENABLE);
  ALTER TABLE "TEAM4_202104F"."BBS_CTSNNBD" MODIFY ("BBSCTT_NO" NOT NULL ENABLE);
--------------------------------------------------------
--  Constraints for Table BBS_FREEBD
--------------------------------------------------------

  ALTER TABLE "TEAM4_202104F"."BBS_FREEBD" MODIFY ("RDCNT" NOT NULL ENABLE);
  ALTER TABLE "TEAM4_202104F"."BBS_FREEBD" MODIFY ("CN" NOT NULL ENABLE);
  ALTER TABLE "TEAM4_202104F"."BBS_FREEBD" MODIFY ("EMP_NM" NOT NULL ENABLE);
  ALTER TABLE "TEAM4_202104F"."BBS_FREEBD" ADD CONSTRAINT "PK_BBS_FREEBD" PRIMARY KEY ("BBSCTT_NO")
  USING INDEX PCTFREE 10 INITRANS 2 MAXTRANS 255 COMPUTE STATISTICS 
  STORAGE(INITIAL 65536 NEXT 1048576 MINEXTENTS 1 MAXEXTENTS 2147483645
  PCTINCREASE 0 FREELISTS 1 FREELIST GROUPS 1 BUFFER_POOL DEFAULT FLASH_CACHE DEFAULT CELL_FLASH_CACHE DEFAULT)
  TABLESPACE "TS_202104F"  ENABLE;
  ALTER TABLE "TEAM4_202104F"."BBS_FREEBD" MODIFY ("EMPNO" NOT NULL ENABLE);
  ALTER TABLE "TEAM4_202104F"."BBS_FREEBD" MODIFY ("RGSDE" NOT NULL ENABLE);
  ALTER TABLE "TEAM4_202104F"."BBS_FREEBD" MODIFY ("SJ" NOT NULL ENABLE);
  ALTER TABLE "TEAM4_202104F"."BBS_FREEBD" MODIFY ("BBSCTT_NO" NOT NULL ENABLE);
--------------------------------------------------------
--  Constraints for Table BBS_MNGTBD
--------------------------------------------------------

  ALTER TABLE "TEAM4_202104F"."BBS_MNGTBD" MODIFY ("RDCNT" NOT NULL ENABLE);
  ALTER TABLE "TEAM4_202104F"."BBS_MNGTBD" MODIFY ("CN" NOT NULL ENABLE);
  ALTER TABLE "TEAM4_202104F"."BBS_MNGTBD" MODIFY ("EMP_NM" NOT NULL ENABLE);
  ALTER TABLE "TEAM4_202104F"."BBS_MNGTBD" ADD CONSTRAINT "PK_BBS_MNGTBD" PRIMARY KEY ("BBSCTT_NO")
  USING INDEX PCTFREE 10 INITRANS 2 MAXTRANS 255 COMPUTE STATISTICS 
  STORAGE(INITIAL 65536 NEXT 1048576 MINEXTENTS 1 MAXEXTENTS 2147483645
  PCTINCREASE 0 FREELISTS 1 FREELIST GROUPS 1 BUFFER_POOL DEFAULT FLASH_CACHE DEFAULT CELL_FLASH_CACHE DEFAULT)
  TABLESPACE "TS_202104F"  ENABLE;
  ALTER TABLE "TEAM4_202104F"."BBS_MNGTBD" MODIFY ("EMPNO" NOT NULL ENABLE);
  ALTER TABLE "TEAM4_202104F"."BBS_MNGTBD" MODIFY ("RGSDE" NOT NULL ENABLE);
  ALTER TABLE "TEAM4_202104F"."BBS_MNGTBD" MODIFY ("SJ" NOT NULL ENABLE);
  ALTER TABLE "TEAM4_202104F"."BBS_MNGTBD" MODIFY ("BBSCTT_NO" NOT NULL ENABLE);
--------------------------------------------------------
--  Constraints for Table BBS_NTBD
--------------------------------------------------------

  ALTER TABLE "TEAM4_202104F"."BBS_NTBD" MODIFY ("RDCNT" NOT NULL ENABLE);
  ALTER TABLE "TEAM4_202104F"."BBS_NTBD" MODIFY ("CN" NOT NULL ENABLE);
  ALTER TABLE "TEAM4_202104F"."BBS_NTBD" MODIFY ("EMP_NM" NOT NULL ENABLE);
  ALTER TABLE "TEAM4_202104F"."BBS_NTBD" ADD CONSTRAINT "PK_BBS_NTBD" PRIMARY KEY ("BBSCTT_NO")
  USING INDEX PCTFREE 10 INITRANS 2 MAXTRANS 255 COMPUTE STATISTICS 
  STORAGE(INITIAL 65536 NEXT 1048576 MINEXTENTS 1 MAXEXTENTS 2147483645
  PCTINCREASE 0 FREELISTS 1 FREELIST GROUPS 1 BUFFER_POOL DEFAULT FLASH_CACHE DEFAULT CELL_FLASH_CACHE DEFAULT)
  TABLESPACE "TS_202104F"  ENABLE;
  ALTER TABLE "TEAM4_202104F"."BBS_NTBD" MODIFY ("EMPNO" NOT NULL ENABLE);
  ALTER TABLE "TEAM4_202104F"."BBS_NTBD" MODIFY ("RGSDE" NOT NULL ENABLE);
  ALTER TABLE "TEAM4_202104F"."BBS_NTBD" MODIFY ("SJ" NOT NULL ENABLE);
  ALTER TABLE "TEAM4_202104F"."BBS_NTBD" MODIFY ("BBSCTT_NO" NOT NULL ENABLE);
--------------------------------------------------------
--  Constraints for Table CODE
--------------------------------------------------------

  ALTER TABLE "TEAM4_202104F"."CODE" ADD CONSTRAINT "PK_CODE" PRIMARY KEY ("CODE_NO")
  USING INDEX PCTFREE 10 INITRANS 2 MAXTRANS 255 COMPUTE STATISTICS 
  STORAGE(INITIAL 65536 NEXT 1048576 MINEXTENTS 1 MAXEXTENTS 2147483645
  PCTINCREASE 0 FREELISTS 1 FREELIST GROUPS 1 BUFFER_POOL DEFAULT FLASH_CACHE DEFAULT CELL_FLASH_CACHE DEFAULT)
  TABLESPACE "TS_202104F"  ENABLE;
  ALTER TABLE "TEAM4_202104F"."CODE" MODIFY ("CODE_DC" NOT NULL ENABLE);
  ALTER TABLE "TEAM4_202104F"."CODE" MODIFY ("CODE_NO" NOT NULL ENABLE);
--------------------------------------------------------
--  Constraints for Table DBX
--------------------------------------------------------

  ALTER TABLE "TEAM4_202104F"."DBX" MODIFY ("CN" NOT NULL ENABLE);
  ALTER TABLE "TEAM4_202104F"."DBX" MODIFY ("EMP_NM" NOT NULL ENABLE);
  ALTER TABLE "TEAM4_202104F"."DBX" ADD CONSTRAINT "PK_DBX" PRIMARY KEY ("DBX_NO")
  USING INDEX PCTFREE 10 INITRANS 2 MAXTRANS 255 COMPUTE STATISTICS 
  STORAGE(INITIAL 65536 NEXT 1048576 MINEXTENTS 1 MAXEXTENTS 2147483645
  PCTINCREASE 0 FREELISTS 1 FREELIST GROUPS 1 BUFFER_POOL DEFAULT FLASH_CACHE DEFAULT CELL_FLASH_CACHE DEFAULT)
  TABLESPACE "TS_202104F"  ENABLE;
  ALTER TABLE "TEAM4_202104F"."DBX" MODIFY ("RGSDE" NOT NULL ENABLE);
  ALTER TABLE "TEAM4_202104F"."DBX" MODIFY ("SJ" NOT NULL ENABLE);
  ALTER TABLE "TEAM4_202104F"."DBX" MODIFY ("DBX_SE" NOT NULL ENABLE);
  ALTER TABLE "TEAM4_202104F"."DBX" MODIFY ("EMPNO" NOT NULL ENABLE);
  ALTER TABLE "TEAM4_202104F"."DBX" MODIFY ("DBX_NO" NOT NULL ENABLE);
--------------------------------------------------------
--  Constraints for Table DBX_COCNR
--------------------------------------------------------

  ALTER TABLE "TEAM4_202104F"."DBX_COCNR" MODIFY ("RCVR_EMPNO" NOT NULL ENABLE);
  ALTER TABLE "TEAM4_202104F"."DBX_COCNR" MODIFY ("COCNR_NM" NOT NULL ENABLE);
  ALTER TABLE "TEAM4_202104F"."DBX_COCNR" ADD CONSTRAINT "PK_DBX_COCNR" PRIMARY KEY ("COCNR_NO")
  USING INDEX PCTFREE 10 INITRANS 2 MAXTRANS 255 COMPUTE STATISTICS 
  STORAGE(INITIAL 65536 NEXT 1048576 MINEXTENTS 1 MAXEXTENTS 2147483645
  PCTINCREASE 0 FREELISTS 1 FREELIST GROUPS 1 BUFFER_POOL DEFAULT FLASH_CACHE DEFAULT CELL_FLASH_CACHE DEFAULT)
  TABLESPACE "TS_202104F"  ENABLE;
  ALTER TABLE "TEAM4_202104F"."DBX_COCNR" MODIFY ("COCNR_EMPNO" NOT NULL ENABLE);
  ALTER TABLE "TEAM4_202104F"."DBX_COCNR" MODIFY ("DBX_NO" NOT NULL ENABLE);
  ALTER TABLE "TEAM4_202104F"."DBX_COCNR" MODIFY ("COCNR_NO" NOT NULL ENABLE);
--------------------------------------------------------
--  Constraints for Table DCLZ_COMMUTE
--------------------------------------------------------

  ALTER TABLE "TEAM4_202104F"."DCLZ_COMMUTE" MODIFY ("ENDTIME" NOT NULL ENABLE);
  ALTER TABLE "TEAM4_202104F"."DCLZ_COMMUTE" MODIFY ("BGNTIME" NOT NULL ENABLE);
  ALTER TABLE "TEAM4_202104F"."DCLZ_COMMUTE" ADD CONSTRAINT "PK_DCLZ_COMMUTE" PRIMARY KEY ("CMTE_CODE")
  USING INDEX PCTFREE 10 INITRANS 2 MAXTRANS 255 COMPUTE STATISTICS 
  STORAGE(INITIAL 65536 NEXT 1048576 MINEXTENTS 1 MAXEXTENTS 2147483645
  PCTINCREASE 0 FREELISTS 1 FREELIST GROUPS 1 BUFFER_POOL DEFAULT FLASH_CACHE DEFAULT CELL_FLASH_CACHE DEFAULT)
  TABLESPACE "TS_202104F"  ENABLE;
  ALTER TABLE "TEAM4_202104F"."DCLZ_COMMUTE" MODIFY ("CMTE_CODE" NOT NULL ENABLE);
--------------------------------------------------------
--  Constraints for Table DCLZ_COMMUTE_LOG
--------------------------------------------------------

  ALTER TABLE "TEAM4_202104F"."DCLZ_COMMUTE_LOG" MODIFY ("ENDDE" NOT NULL ENABLE);
  ALTER TABLE "TEAM4_202104F"."DCLZ_COMMUTE_LOG" MODIFY ("BGNDE" NOT NULL ENABLE);
  ALTER TABLE "TEAM4_202104F"."DCLZ_COMMUTE_LOG" ADD CONSTRAINT "PK_DCLZ_COMMUTE_LOG" PRIMARY KEY ("CMTE_CODE", "EMPNO")
  USING INDEX PCTFREE 10 INITRANS 2 MAXTRANS 255 COMPUTE STATISTICS 
  STORAGE(INITIAL 65536 NEXT 1048576 MINEXTENTS 1 MAXEXTENTS 2147483645
  PCTINCREASE 0 FREELISTS 1 FREELIST GROUPS 1 BUFFER_POOL DEFAULT FLASH_CACHE DEFAULT CELL_FLASH_CACHE DEFAULT)
  TABLESPACE "TS_202104F"  ENABLE;
  ALTER TABLE "TEAM4_202104F"."DCLZ_COMMUTE_LOG" MODIFY ("EMPNO" NOT NULL ENABLE);
  ALTER TABLE "TEAM4_202104F"."DCLZ_COMMUTE_LOG" MODIFY ("CMTE_CODE" NOT NULL ENABLE);
--------------------------------------------------------
--  Constraints for Table DCLZ_MNGT
--------------------------------------------------------

  ALTER TABLE "TEAM4_202104F"."DCLZ_MNGT" MODIFY ("STTUS_CODE" NOT NULL ENABLE);
  ALTER TABLE "TEAM4_202104F"."DCLZ_MNGT" ADD CONSTRAINT "PK_DCLZ_MNGT" PRIMARY KEY ("DCLZ_NO")
  USING INDEX PCTFREE 10 INITRANS 2 MAXTRANS 255 COMPUTE STATISTICS 
  STORAGE(INITIAL 65536 NEXT 1048576 MINEXTENTS 1 MAXEXTENTS 2147483645
  PCTINCREASE 0 FREELISTS 1 FREELIST GROUPS 1 BUFFER_POOL DEFAULT FLASH_CACHE DEFAULT CELL_FLASH_CACHE DEFAULT)
  TABLESPACE "TS_202104F"  ENABLE;
  ALTER TABLE "TEAM4_202104F"."DCLZ_MNGT" MODIFY ("EMPNO" NOT NULL ENABLE);
  ALTER TABLE "TEAM4_202104F"."DCLZ_MNGT" MODIFY ("DCLZ_NO" NOT NULL ENABLE);
--------------------------------------------------------
--  Constraints for Table DCLZ_VCATN
--------------------------------------------------------

  ALTER TABLE "TEAM4_202104F"."DCLZ_VCATN" MODIFY ("EMPNM" NOT NULL ENABLE);
  ALTER TABLE "TEAM4_202104F"."DCLZ_VCATN" ADD CONSTRAINT "DCLZ_VCATN_PK" PRIMARY KEY ("VCATN_NO")
  USING INDEX PCTFREE 10 INITRANS 2 MAXTRANS 255 COMPUTE STATISTICS 
  STORAGE(INITIAL 65536 NEXT 1048576 MINEXTENTS 1 MAXEXTENTS 2147483645
  PCTINCREASE 0 FREELISTS 1 FREELIST GROUPS 1 BUFFER_POOL DEFAULT FLASH_CACHE DEFAULT CELL_FLASH_CACHE DEFAULT)
  TABLESPACE "TS_202104F"  ENABLE;
  ALTER TABLE "TEAM4_202104F"."DCLZ_VCATN" MODIFY ("USE_VCATN_DAYCNT" NOT NULL ENABLE);
  ALTER TABLE "TEAM4_202104F"."DCLZ_VCATN" MODIFY ("TOT_VCATN_DAYCNT" NOT NULL ENABLE);
  ALTER TABLE "TEAM4_202104F"."DCLZ_VCATN" MODIFY ("EMPNO" NOT NULL ENABLE);
  ALTER TABLE "TEAM4_202104F"."DCLZ_VCATN" MODIFY ("VCATN_CODE" NOT NULL ENABLE);
  ALTER TABLE "TEAM4_202104F"."DCLZ_VCATN" MODIFY ("VCATN_NO" NOT NULL ENABLE);
--------------------------------------------------------
--  Constraints for Table DCLZ_VCATN_CODE
--------------------------------------------------------

  ALTER TABLE "TEAM4_202104F"."DCLZ_VCATN_CODE" MODIFY ("VCATN_DAYCNT" NOT NULL ENABLE);
  ALTER TABLE "TEAM4_202104F"."DCLZ_VCATN_CODE" MODIFY ("VCATN_NM" NOT NULL ENABLE);
  ALTER TABLE "TEAM4_202104F"."DCLZ_VCATN_CODE" ADD CONSTRAINT "DCLZ_VCATN_CODE_PK" PRIMARY KEY ("VCATN_CODE")
  USING INDEX PCTFREE 10 INITRANS 2 MAXTRANS 255 COMPUTE STATISTICS 
  STORAGE(INITIAL 65536 NEXT 1048576 MINEXTENTS 1 MAXEXTENTS 2147483645
  PCTINCREASE 0 FREELISTS 1 FREELIST GROUPS 1 BUFFER_POOL DEFAULT FLASH_CACHE DEFAULT CELL_FLASH_CACHE DEFAULT)
  TABLESPACE "TS_202104F"  ENABLE;
  ALTER TABLE "TEAM4_202104F"."DCLZ_VCATN_CODE" MODIFY ("VCATN_CODE" NOT NULL ENABLE);
--------------------------------------------------------
--  Constraints for Table ECCST_BKMK_FORM
--------------------------------------------------------

  ALTER TABLE "TEAM4_202104F"."ECCST_BKMK_FORM" ADD CONSTRAINT "PK_ECCST_BKMK_FORM" PRIMARY KEY ("BKMK_NO")
  USING INDEX PCTFREE 10 INITRANS 2 MAXTRANS 255 COMPUTE STATISTICS 
  STORAGE(INITIAL 65536 NEXT 1048576 MINEXTENTS 1 MAXEXTENTS 2147483645
  PCTINCREASE 0 FREELISTS 1 FREELIST GROUPS 1 BUFFER_POOL DEFAULT FLASH_CACHE DEFAULT CELL_FLASH_CACHE DEFAULT)
  TABLESPACE "TS_202104F"  ENABLE;
  ALTER TABLE "TEAM4_202104F"."ECCST_BKMK_FORM" MODIFY ("FORM_NO" NOT NULL ENABLE);
  ALTER TABLE "TEAM4_202104F"."ECCST_BKMK_FORM" MODIFY ("EMPNO" NOT NULL ENABLE);
  ALTER TABLE "TEAM4_202104F"."ECCST_BKMK_FORM" MODIFY ("BKMK_NO" NOT NULL ENABLE);
--------------------------------------------------------
--  Constraints for Table ECCST_BKMK_SANCTN_LN
--------------------------------------------------------

  ALTER TABLE "TEAM4_202104F"."ECCST_BKMK_SANCTN_LN" ADD CONSTRAINT "PK_ECCST_BKMK_SANCTN_LN" PRIMARY KEY ("BKMK_NO")
  USING INDEX PCTFREE 10 INITRANS 2 MAXTRANS 255 COMPUTE STATISTICS 
  STORAGE(INITIAL 65536 NEXT 1048576 MINEXTENTS 1 MAXEXTENTS 2147483645
  PCTINCREASE 0 FREELISTS 1 FREELIST GROUPS 1 BUFFER_POOL DEFAULT FLASH_CACHE DEFAULT CELL_FLASH_CACHE DEFAULT)
  TABLESPACE "TS_202104F"  ENABLE;
  ALTER TABLE "TEAM4_202104F"."ECCST_BKMK_SANCTN_LN" MODIFY ("BKMK_NO" NOT NULL ENABLE);
--------------------------------------------------------
--  Constraints for Table ECCST_BKMK_SANCTN_LN_DTLS
--------------------------------------------------------

  ALTER TABLE "TEAM4_202104F"."ECCST_BKMK_SANCTN_LN_DTLS" ADD CONSTRAINT "ECCST_BKMK_SANCTN_LN_DTLS_PK" PRIMARY KEY ("DTLS_NO")
  USING INDEX PCTFREE 10 INITRANS 2 MAXTRANS 255 COMPUTE STATISTICS 
  STORAGE(INITIAL 65536 NEXT 1048576 MINEXTENTS 1 MAXEXTENTS 2147483645
  PCTINCREASE 0 FREELISTS 1 FREELIST GROUPS 1 BUFFER_POOL DEFAULT FLASH_CACHE DEFAULT CELL_FLASH_CACHE DEFAULT)
  TABLESPACE "TS_202104F"  ENABLE;
  ALTER TABLE "TEAM4_202104F"."ECCST_BKMK_SANCTN_LN_DTLS" MODIFY ("DTLS_NO" NOT NULL ENABLE);
--------------------------------------------------------
--  Constraints for Table ECCST_DBX
--------------------------------------------------------

  ALTER TABLE "TEAM4_202104F"."ECCST_DBX" MODIFY ("REC_EMPNO" NOT NULL ENABLE);
  ALTER TABLE "TEAM4_202104F"."ECCST_DBX" MODIFY ("SANCTN_NO" NOT NULL ENABLE);
  ALTER TABLE "TEAM4_202104F"."ECCST_DBX" MODIFY ("EMPNO" NOT NULL ENABLE);
  ALTER TABLE "TEAM4_202104F"."ECCST_DBX" MODIFY ("ECCDBX_NO" NOT NULL ENABLE);
--------------------------------------------------------
--  Constraints for Table ECCST_ENVRN_SETUP
--------------------------------------------------------

  ALTER TABLE "TEAM4_202104F"."ECCST_ENVRN_SETUP" ADD CONSTRAINT "PK_ECCST_ENVRN_SETUP" PRIMARY KEY ("EMPNO")
  USING INDEX PCTFREE 10 INITRANS 2 MAXTRANS 255 COMPUTE STATISTICS 
  STORAGE(INITIAL 65536 NEXT 1048576 MINEXTENTS 1 MAXEXTENTS 2147483645
  PCTINCREASE 0 FREELISTS 1 FREELIST GROUPS 1 BUFFER_POOL DEFAULT FLASH_CACHE DEFAULT CELL_FLASH_CACHE DEFAULT)
  TABLESPACE "TS_202104F"  ENABLE;
  ALTER TABLE "TEAM4_202104F"."ECCST_ENVRN_SETUP" MODIFY ("EMPNO" NOT NULL ENABLE);
--------------------------------------------------------
--  Constraints for Table ECCST_REGSTR_FORM
--------------------------------------------------------

  ALTER TABLE "TEAM4_202104F"."ECCST_REGSTR_FORM" MODIFY ("FILEATC_AT" NOT NULL ENABLE);
  ALTER TABLE "TEAM4_202104F"."ECCST_REGSTR_FORM" ADD CONSTRAINT "PK_ECCST_REGSTR_FORM" PRIMARY KEY ("FORM_NO")
  USING INDEX PCTFREE 10 INITRANS 2 MAXTRANS 255 COMPUTE STATISTICS 
  STORAGE(INITIAL 65536 NEXT 1048576 MINEXTENTS 1 MAXEXTENTS 2147483645
  PCTINCREASE 0 FREELISTS 1 FREELIST GROUPS 1 BUFFER_POOL DEFAULT FLASH_CACHE DEFAULT CELL_FLASH_CACHE DEFAULT)
  TABLESPACE "TS_202104F"  ENABLE;
  ALTER TABLE "TEAM4_202104F"."ECCST_REGSTR_FORM" MODIFY ("SE" NOT NULL ENABLE);
  ALTER TABLE "TEAM4_202104F"."ECCST_REGSTR_FORM" MODIFY ("FORM_CN" NOT NULL ENABLE);
  ALTER TABLE "TEAM4_202104F"."ECCST_REGSTR_FORM" MODIFY ("FORM_NM" NOT NULL ENABLE);
  ALTER TABLE "TEAM4_202104F"."ECCST_REGSTR_FORM" MODIFY ("FORM_NO" NOT NULL ENABLE);
--------------------------------------------------------
--  Constraints for Table ECCST_SANCTNER
--------------------------------------------------------

  ALTER TABLE "TEAM4_202104F"."ECCST_SANCTNER" MODIFY ("SANCTNER_NO" NOT NULL ENABLE);
--------------------------------------------------------
--  Constraints for Table ECCST_SANCTN_MNGT
--------------------------------------------------------

  ALTER TABLE "TEAM4_202104F"."ECCST_SANCTN_MNGT" MODIFY ("SJ" NOT NULL ENABLE);
  ALTER TABLE "TEAM4_202104F"."ECCST_SANCTN_MNGT" ADD CONSTRAINT "PK_ECCST_SANCTN_MNGT" PRIMARY KEY ("SANCTN_NO")
  USING INDEX PCTFREE 10 INITRANS 2 MAXTRANS 255 COMPUTE STATISTICS 
  STORAGE(INITIAL 65536 NEXT 1048576 MINEXTENTS 1 MAXEXTENTS 2147483645
  PCTINCREASE 0 FREELISTS 1 FREELIST GROUPS 1 BUFFER_POOL DEFAULT FLASH_CACHE DEFAULT CELL_FLASH_CACHE DEFAULT)
  TABLESPACE "TS_202104F"  ENABLE;
  ALTER TABLE "TEAM4_202104F"."ECCST_SANCTN_MNGT" MODIFY ("IPCR_CODE" NOT NULL ENABLE);
  ALTER TABLE "TEAM4_202104F"."ECCST_SANCTN_MNGT" MODIFY ("RGSDE" NOT NULL ENABLE);
  ALTER TABLE "TEAM4_202104F"."ECCST_SANCTN_MNGT" MODIFY ("EMPNO" NOT NULL ENABLE);
  ALTER TABLE "TEAM4_202104F"."ECCST_SANCTN_MNGT" MODIFY ("FORM_NO" NOT NULL ENABLE);
  ALTER TABLE "TEAM4_202104F"."ECCST_SANCTN_MNGT" MODIFY ("SANCTN_NO" NOT NULL ENABLE);
--------------------------------------------------------
--  Constraints for Table JOB_ANSWER
--------------------------------------------------------

  ALTER TABLE "TEAM4_202104F"."JOB_ANSWER" ADD CONSTRAINT "PK_JOB_ANSWER" PRIMARY KEY ("ANSWER_NO")
  USING INDEX PCTFREE 10 INITRANS 2 MAXTRANS 255 COMPUTE STATISTICS 
  STORAGE(INITIAL 65536 NEXT 1048576 MINEXTENTS 1 MAXEXTENTS 2147483645
  PCTINCREASE 0 FREELISTS 1 FREELIST GROUPS 1 BUFFER_POOL DEFAULT FLASH_CACHE DEFAULT CELL_FLASH_CACHE DEFAULT)
  TABLESPACE "TS_202104F"  ENABLE;
  ALTER TABLE "TEAM4_202104F"."JOB_ANSWER" MODIFY ("ANSWER_NO" NOT NULL ENABLE);
--------------------------------------------------------
--  Constraints for Table JOB_CNFIRM
--------------------------------------------------------

  ALTER TABLE "TEAM4_202104F"."JOB_CNFIRM" ADD CONSTRAINT "PK_JOB_CNFIRM" PRIMARY KEY ("SN")
  USING INDEX PCTFREE 10 INITRANS 2 MAXTRANS 255 COMPUTE STATISTICS 
  STORAGE(INITIAL 65536 NEXT 1048576 MINEXTENTS 1 MAXEXTENTS 2147483645
  PCTINCREASE 0 FREELISTS 1 FREELIST GROUPS 1 BUFFER_POOL DEFAULT FLASH_CACHE DEFAULT CELL_FLASH_CACHE DEFAULT)
  TABLESPACE "TS_202104F"  ENABLE;
  ALTER TABLE "TEAM4_202104F"."JOB_CNFIRM" MODIFY ("JOB_CNFIRM_CYCLE" NOT NULL ENABLE);
  ALTER TABLE "TEAM4_202104F"."JOB_CNFIRM" MODIFY ("JOB_CNFIRM_CO" NOT NULL ENABLE);
  ALTER TABLE "TEAM4_202104F"."JOB_CNFIRM" MODIFY ("SN" NOT NULL ENABLE);
--------------------------------------------------------
--  Constraints for Table JOB_MNGT
--------------------------------------------------------

  ALTER TABLE "TEAM4_202104F"."JOB_MNGT" MODIFY ("REGIST_DE" NOT NULL ENABLE);
  ALTER TABLE "TEAM4_202104F"."JOB_MNGT" MODIFY ("CN" NOT NULL ENABLE);
  ALTER TABLE "TEAM4_202104F"."JOB_MNGT" MODIFY ("SJ" NOT NULL ENABLE);
  ALTER TABLE "TEAM4_202104F"."JOB_MNGT" MODIFY ("DRCTR_EMPNO" NOT NULL ENABLE);
  ALTER TABLE "TEAM4_202104F"."JOB_MNGT" MODIFY ("EMP_NM" NOT NULL ENABLE);
  ALTER TABLE "TEAM4_202104F"."JOB_MNGT" MODIFY ("END_DE" NOT NULL ENABLE);
  ALTER TABLE "TEAM4_202104F"."JOB_MNGT" MODIFY ("IM_CODE" NOT NULL ENABLE);
  ALTER TABLE "TEAM4_202104F"."JOB_MNGT" ADD CONSTRAINT "PK_JOB_MNGT" PRIMARY KEY ("JOB_NO")
  USING INDEX PCTFREE 10 INITRANS 2 MAXTRANS 255 COMPUTE STATISTICS 
  STORAGE(INITIAL 65536 NEXT 1048576 MINEXTENTS 1 MAXEXTENTS 2147483645
  PCTINCREASE 0 FREELISTS 1 FREELIST GROUPS 1 BUFFER_POOL DEFAULT FLASH_CACHE DEFAULT CELL_FLASH_CACHE DEFAULT)
  TABLESPACE "TS_202104F"  ENABLE;
  ALTER TABLE "TEAM4_202104F"."JOB_MNGT" MODIFY ("JOB_NO" NOT NULL ENABLE);
--------------------------------------------------------
--  Constraints for Table JOB_RCV
--------------------------------------------------------

  ALTER TABLE "TEAM4_202104F"."JOB_RCV" MODIFY ("RCVER_ORDER" NOT NULL ENABLE);
  ALTER TABLE "TEAM4_202104F"."JOB_RCV" MODIFY ("RCVER_NM" NOT NULL ENABLE);
  ALTER TABLE "TEAM4_202104F"."JOB_RCV" ADD CONSTRAINT "JOB_RCV_PK" PRIMARY KEY ("JOB_INDEX")
  USING INDEX PCTFREE 10 INITRANS 2 MAXTRANS 255 COMPUTE STATISTICS 
  STORAGE(INITIAL 65536 NEXT 1048576 MINEXTENTS 1 MAXEXTENTS 2147483645
  PCTINCREASE 0 FREELISTS 1 FREELIST GROUPS 1 BUFFER_POOL DEFAULT FLASH_CACHE DEFAULT CELL_FLASH_CACHE DEFAULT)
  TABLESPACE "TS_202104F"  ENABLE;
  ALTER TABLE "TEAM4_202104F"."JOB_RCV" MODIFY ("RCVER_PROGRS" NOT NULL ENABLE);
  ALTER TABLE "TEAM4_202104F"."JOB_RCV" MODIFY ("RCVER_EMPNO" NOT NULL ENABLE);
  ALTER TABLE "TEAM4_202104F"."JOB_RCV" MODIFY ("JOB_NO" NOT NULL ENABLE);
  ALTER TABLE "TEAM4_202104F"."JOB_RCV" MODIFY ("JOB_INDEX" NOT NULL ENABLE);
--------------------------------------------------------
--  Constraints for Table MENU
--------------------------------------------------------

  ALTER TABLE "TEAM4_202104F"."MENU" ADD CONSTRAINT "PK_MENU" PRIMARY KEY ("MENU_CODE")
  USING INDEX PCTFREE 10 INITRANS 2 MAXTRANS 255 COMPUTE STATISTICS 
  STORAGE(INITIAL 65536 NEXT 1048576 MINEXTENTS 1 MAXEXTENTS 2147483645
  PCTINCREASE 0 FREELISTS 1 FREELIST GROUPS 1 BUFFER_POOL DEFAULT FLASH_CACHE DEFAULT CELL_FLASH_CACHE DEFAULT)
  TABLESPACE "TS_202104F"  ENABLE;
  ALTER TABLE "TEAM4_202104F"."MENU" MODIFY ("IS_NAV" NOT NULL ENABLE);
  ALTER TABLE "TEAM4_202104F"."MENU" MODIFY ("URL" NOT NULL ENABLE);
  ALTER TABLE "TEAM4_202104F"."MENU" MODIFY ("MENU_NM" NOT NULL ENABLE);
  ALTER TABLE "TEAM4_202104F"."MENU" MODIFY ("MENU_CODE" NOT NULL ENABLE);
--------------------------------------------------------
--  Constraints for Table NTCN
--------------------------------------------------------

  ALTER TABLE "TEAM4_202104F"."NTCN" MODIFY ("NTCN_DE" NOT NULL ENABLE);
  ALTER TABLE "TEAM4_202104F"."NTCN" MODIFY ("CNFIRM_AT" NOT NULL ENABLE);
  ALTER TABLE "TEAM4_202104F"."NTCN" MODIFY ("URL_ADRES" NOT NULL ENABLE);
  ALTER TABLE "TEAM4_202104F"."NTCN" MODIFY ("NTCN_CN" NOT NULL ENABLE);
  ALTER TABLE "TEAM4_202104F"."NTCN" MODIFY ("TRNSMITER_EMPNO" NOT NULL ENABLE);
  ALTER TABLE "TEAM4_202104F"."NTCN" ADD CONSTRAINT "PK_NTCN" PRIMARY KEY ("NTCN_NO")
  USING INDEX PCTFREE 10 INITRANS 2 MAXTRANS 255 COMPUTE STATISTICS 
  STORAGE(INITIAL 65536 NEXT 1048576 MINEXTENTS 1 MAXEXTENTS 2147483645
  PCTINCREASE 0 FREELISTS 1 FREELIST GROUPS 1 BUFFER_POOL DEFAULT FLASH_CACHE DEFAULT CELL_FLASH_CACHE DEFAULT)
  TABLESPACE "TS_202104F"  ENABLE;
  ALTER TABLE "TEAM4_202104F"."NTCN" MODIFY ("NTCN_NO" NOT NULL ENABLE);
--------------------------------------------------------
--  Constraints for Table NTCN_RCVER
--------------------------------------------------------

  ALTER TABLE "TEAM4_202104F"."NTCN_RCVER" MODIFY ("RCVER_EMPNO" NOT NULL ENABLE);
  ALTER TABLE "TEAM4_202104F"."NTCN_RCVER" MODIFY ("NTCN_NO" NOT NULL ENABLE);
--------------------------------------------------------
--  Constraints for Table ORGNZT_CHGHST
--------------------------------------------------------

  ALTER TABLE "TEAM4_202104F"."ORGNZT_CHGHST" ADD CONSTRAINT "PK_ORGNZT_CHGHST" PRIMARY KEY ("CLSF_HIST_SN")
  USING INDEX PCTFREE 10 INITRANS 2 MAXTRANS 255 COMPUTE STATISTICS 
  STORAGE(INITIAL 65536 NEXT 1048576 MINEXTENTS 1 MAXEXTENTS 2147483645
  PCTINCREASE 0 FREELISTS 1 FREELIST GROUPS 1 BUFFER_POOL DEFAULT FLASH_CACHE DEFAULT CELL_FLASH_CACHE DEFAULT)
  TABLESPACE "TS_202104F"  ENABLE;
  ALTER TABLE "TEAM4_202104F"."ORGNZT_CHGHST" MODIFY ("CHANGE_DE" NOT NULL ENABLE);
  ALTER TABLE "TEAM4_202104F"."ORGNZT_CHGHST" MODIFY ("CHANGE_CLSF" NOT NULL ENABLE);
  ALTER TABLE "TEAM4_202104F"."ORGNZT_CHGHST" MODIFY ("EMPNO" NOT NULL ENABLE);
  ALTER TABLE "TEAM4_202104F"."ORGNZT_CHGHST" MODIFY ("CLSF_HIST_SN" NOT NULL ENABLE);
--------------------------------------------------------
--  Constraints for Table ORGNZT_EMP_MNGT
--------------------------------------------------------

  ALTER TABLE "TEAM4_202104F"."ORGNZT_EMP_MNGT" ADD CONSTRAINT "PK_ORGNZT_EMP_MNGT" PRIMARY KEY ("EMPNO")
  USING INDEX PCTFREE 10 INITRANS 2 MAXTRANS 255 COMPUTE STATISTICS 
  STORAGE(INITIAL 65536 NEXT 1048576 MINEXTENTS 1 MAXEXTENTS 2147483645
  PCTINCREASE 0 FREELISTS 1 FREELIST GROUPS 1 BUFFER_POOL DEFAULT FLASH_CACHE DEFAULT CELL_FLASH_CACHE DEFAULT)
  TABLESPACE "TS_202104F"  ENABLE;
  ALTER TABLE "TEAM4_202104F"."ORGNZT_EMP_MNGT" MODIFY ("AUTHOR_CODE" NOT NULL ENABLE);
  ALTER TABLE "TEAM4_202104F"."ORGNZT_EMP_MNGT" MODIFY ("EMAIL_ADRES" NOT NULL ENABLE);
  ALTER TABLE "TEAM4_202104F"."ORGNZT_EMP_MNGT" MODIFY ("IP_ADRES" NOT NULL ENABLE);
  ALTER TABLE "TEAM4_202104F"."ORGNZT_EMP_MNGT" MODIFY ("ACTVTY_AT" NOT NULL ENABLE);
  ALTER TABLE "TEAM4_202104F"."ORGNZT_EMP_MNGT" MODIFY ("PASSWORD" NOT NULL ENABLE);
  ALTER TABLE "TEAM4_202104F"."ORGNZT_EMP_MNGT" MODIFY ("ENCPN" NOT NULL ENABLE);
  ALTER TABLE "TEAM4_202104F"."ORGNZT_EMP_MNGT" MODIFY ("RSPOFC_CODE" NOT NULL ENABLE);
  ALTER TABLE "TEAM4_202104F"."ORGNZT_EMP_MNGT" MODIFY ("CLSF_CODE" NOT NULL ENABLE);
  ALTER TABLE "TEAM4_202104F"."ORGNZT_EMP_MNGT" MODIFY ("FXNUM" NOT NULL ENABLE);
  ALTER TABLE "TEAM4_202104F"."ORGNZT_EMP_MNGT" MODIFY ("CTTPC" NOT NULL ENABLE);
  ALTER TABLE "TEAM4_202104F"."ORGNZT_EMP_MNGT" MODIFY ("NM" NOT NULL ENABLE);
  ALTER TABLE "TEAM4_202104F"."ORGNZT_EMP_MNGT" MODIFY ("EMPNO" NOT NULL ENABLE);
  ALTER TABLE "TEAM4_202104F"."ORGNZT_EMP_MNGT" MODIFY ("FACE_PHOTO" NOT NULL ENABLE);
  ALTER TABLE "TEAM4_202104F"."ORGNZT_EMP_MNGT" MODIFY ("DEPT_CODE" NOT NULL ENABLE);
--------------------------------------------------------
--  Constraints for Table SCHDUL_BKMK
--------------------------------------------------------

  ALTER TABLE "TEAM4_202104F"."SCHDUL_BKMK" ADD CONSTRAINT "PK_SCHDUL_BKMK" PRIMARY KEY ("FX_NO", "EMPNO")
  USING INDEX PCTFREE 10 INITRANS 2 MAXTRANS 255 COMPUTE STATISTICS 
  STORAGE(INITIAL 65536 NEXT 1048576 MINEXTENTS 1 MAXEXTENTS 2147483645
  PCTINCREASE 0 FREELISTS 1 FREELIST GROUPS 1 BUFFER_POOL DEFAULT FLASH_CACHE DEFAULT CELL_FLASH_CACHE DEFAULT)
  TABLESPACE "TS_202104F"  ENABLE;
  ALTER TABLE "TEAM4_202104F"."SCHDUL_BKMK" MODIFY ("EMPNO" NOT NULL ENABLE);
  ALTER TABLE "TEAM4_202104F"."SCHDUL_BKMK" MODIFY ("FX_NO" NOT NULL ENABLE);
--------------------------------------------------------
--  Constraints for Table SCHDUL_MNGT
--------------------------------------------------------

  ALTER TABLE "TEAM4_202104F"."SCHDUL_MNGT" MODIFY ("SCHDUL_CODE" NOT NULL ENABLE);
  ALTER TABLE "TEAM4_202104F"."SCHDUL_MNGT" MODIFY ("BG_COLOR" NOT NULL ENABLE);
  ALTER TABLE "TEAM4_202104F"."SCHDUL_MNGT" ADD CONSTRAINT "PK_SCHDUL_MNGT" PRIMARY KEY ("SCHDUL_NO")
  USING INDEX PCTFREE 10 INITRANS 2 MAXTRANS 255 COMPUTE STATISTICS 
  STORAGE(INITIAL 65536 NEXT 1048576 MINEXTENTS 1 MAXEXTENTS 2147483645
  PCTINCREASE 0 FREELISTS 1 FREELIST GROUPS 1 BUFFER_POOL DEFAULT FLASH_CACHE DEFAULT CELL_FLASH_CACHE DEFAULT)
  TABLESPACE "TS_202104F"  ENABLE;
  ALTER TABLE "TEAM4_202104F"."SCHDUL_MNGT" MODIFY ("ENDDE" NOT NULL ENABLE);
  ALTER TABLE "TEAM4_202104F"."SCHDUL_MNGT" MODIFY ("BGNDE" NOT NULL ENABLE);
  ALTER TABLE "TEAM4_202104F"."SCHDUL_MNGT" MODIFY ("RGSDE" NOT NULL ENABLE);
  ALTER TABLE "TEAM4_202104F"."SCHDUL_MNGT" MODIFY ("SCHDUL_CN" NOT NULL ENABLE);
  ALTER TABLE "TEAM4_202104F"."SCHDUL_MNGT" MODIFY ("SCHDUL_SJ" NOT NULL ENABLE);
  ALTER TABLE "TEAM4_202104F"."SCHDUL_MNGT" MODIFY ("EMPNO" NOT NULL ENABLE);
  ALTER TABLE "TEAM4_202104F"."SCHDUL_MNGT" MODIFY ("SCHDUL_NO" NOT NULL ENABLE);
--------------------------------------------------------
--  Constraints for Table SCHDUL_PRTCPNT
--------------------------------------------------------

  ALTER TABLE "TEAM4_202104F"."SCHDUL_PRTCPNT" ADD CONSTRAINT "PK_SCHDUL_PRTCPNT" PRIMARY KEY ("PRTCPNT_EMPNO", "SCHDUL_NO")
  USING INDEX PCTFREE 10 INITRANS 2 MAXTRANS 255 COMPUTE STATISTICS 
  STORAGE(INITIAL 65536 NEXT 1048576 MINEXTENTS 1 MAXEXTENTS 2147483645
  PCTINCREASE 0 FREELISTS 1 FREELIST GROUPS 1 BUFFER_POOL DEFAULT FLASH_CACHE DEFAULT CELL_FLASH_CACHE DEFAULT)
  TABLESPACE "TS_202104F"  ENABLE;
  ALTER TABLE "TEAM4_202104F"."SCHDUL_PRTCPNT" MODIFY ("SCHDUL_NO" NOT NULL ENABLE);
  ALTER TABLE "TEAM4_202104F"."SCHDUL_PRTCPNT" MODIFY ("PRTCPNT_EMPNO" NOT NULL ENABLE);
--------------------------------------------------------
--  Ref Constraints for Table ACT_DTLS
--------------------------------------------------------

  ALTER TABLE "TEAM4_202104F"."ACT_DTLS" ADD CONSTRAINT "FK_ORGNZT_EMP_MNGT_TO_ACT_DTLS" FOREIGN KEY ("EMPNO")
	  REFERENCES "TEAM4_202104F"."ORGNZT_EMP_MNGT" ("EMPNO") ENABLE;
--------------------------------------------------------
--  Ref Constraints for Table BBS_CMPNY_DSPTCH
--------------------------------------------------------

  ALTER TABLE "TEAM4_202104F"."BBS_CMPNY_DSPTCH" ADD CONSTRAINT "FK_ORGNZT_MNGT_TO_BS" FOREIGN KEY ("EMPNO")
	  REFERENCES "TEAM4_202104F"."ORGNZT_EMP_MNGT" ("EMPNO") ENABLE;
--------------------------------------------------------
--  Ref Constraints for Table BBS_CTSNNBD
--------------------------------------------------------

  ALTER TABLE "TEAM4_202104F"."BBS_CTSNNBD" ADD CONSTRAINT "FK_MNGT_TO_BS_CTSNBD" FOREIGN KEY ("EMPNO")
	  REFERENCES "TEAM4_202104F"."ORGNZT_EMP_MNGT" ("EMPNO") ENABLE;
--------------------------------------------------------
--  Ref Constraints for Table BBS_FREEBD
--------------------------------------------------------

  ALTER TABLE "TEAM4_202104F"."BBS_FREEBD" ADD CONSTRAINT "FK_ORGNZT_MNGT_TO_BS_FRBD" FOREIGN KEY ("EMPNO")
	  REFERENCES "TEAM4_202104F"."ORGNZT_EMP_MNGT" ("EMPNO") ENABLE;
--------------------------------------------------------
--  Ref Constraints for Table BBS_MNGTBD
--------------------------------------------------------

  ALTER TABLE "TEAM4_202104F"."BBS_MNGTBD" ADD CONSTRAINT "FK_MNGT_TO_BS_MNGTBD" FOREIGN KEY ("EMPNO")
	  REFERENCES "TEAM4_202104F"."ORGNZT_EMP_MNGT" ("EMPNO") ENABLE;
--------------------------------------------------------
--  Ref Constraints for Table BBS_NTBD
--------------------------------------------------------

  ALTER TABLE "TEAM4_202104F"."BBS_NTBD" ADD CONSTRAINT "FK_ORGNZT_EMP_MNGT_TO_BBS_NTBD" FOREIGN KEY ("EMPNO")
	  REFERENCES "TEAM4_202104F"."ORGNZT_EMP_MNGT" ("EMPNO") ENABLE;
--------------------------------------------------------
--  Ref Constraints for Table DBX
--------------------------------------------------------

  ALTER TABLE "TEAM4_202104F"."DBX" ADD CONSTRAINT "FK_ORGNZT_EMP_MNGT_TO_DBX" FOREIGN KEY ("EMPNO")
	  REFERENCES "TEAM4_202104F"."ORGNZT_EMP_MNGT" ("EMPNO") ENABLE;
--------------------------------------------------------
--  Ref Constraints for Table DCLZ_COMMUTE_LOG
--------------------------------------------------------

  ALTER TABLE "TEAM4_202104F"."DCLZ_COMMUTE_LOG" ADD CONSTRAINT "FK_DCLZ_CMT_TO_DCLZ_CMT_LG" FOREIGN KEY ("CMTE_CODE")
	  REFERENCES "TEAM4_202104F"."DCLZ_COMMUTE" ("CMTE_CODE") ENABLE;
  ALTER TABLE "TEAM4_202104F"."DCLZ_COMMUTE_LOG" ADD CONSTRAINT "FK_ORGNZT_MNGT_TO_DCLZ_LG" FOREIGN KEY ("EMPNO")
	  REFERENCES "TEAM4_202104F"."ORGNZT_EMP_MNGT" ("EMPNO") ENABLE;
--------------------------------------------------------
--  Ref Constraints for Table DCLZ_MNGT
--------------------------------------------------------

  ALTER TABLE "TEAM4_202104F"."DCLZ_MNGT" ADD CONSTRAINT "FK_MNGT_TO_DCLZ_MNGT" FOREIGN KEY ("EMPNO")
	  REFERENCES "TEAM4_202104F"."ORGNZT_EMP_MNGT" ("EMPNO") ENABLE;
--------------------------------------------------------
--  Ref Constraints for Table DCLZ_VCATN
--------------------------------------------------------

  ALTER TABLE "TEAM4_202104F"."DCLZ_VCATN" ADD CONSTRAINT "DCLZ_VCATN_FK1" FOREIGN KEY ("VCATN_CODE")
	  REFERENCES "TEAM4_202104F"."DCLZ_VCATN_CODE" ("VCATN_CODE") ENABLE;
  ALTER TABLE "TEAM4_202104F"."DCLZ_VCATN" ADD CONSTRAINT "DCLZ_VCATN_FK2" FOREIGN KEY ("EMPNO")
	  REFERENCES "TEAM4_202104F"."ORGNZT_EMP_MNGT" ("EMPNO") ENABLE;
--------------------------------------------------------
--  Ref Constraints for Table ECCST_BKMK_FORM
--------------------------------------------------------

  ALTER TABLE "TEAM4_202104F"."ECCST_BKMK_FORM" ADD CONSTRAINT "FK_ECST_FRM_TO_ECST_FRM" FOREIGN KEY ("FORM_NO")
	  REFERENCES "TEAM4_202104F"."ECCST_REGSTR_FORM" ("FORM_NO") ENABLE;
--------------------------------------------------------
--  Ref Constraints for Table ECCST_BKMK_SANCTN_LN_DTLS
--------------------------------------------------------

  ALTER TABLE "TEAM4_202104F"."ECCST_BKMK_SANCTN_LN_DTLS" ADD CONSTRAINT "ECCST_BKMK_SANCTN_LN_DTLS_FK1" FOREIGN KEY ("BKMK_NO")
	  REFERENCES "TEAM4_202104F"."ECCST_BKMK_SANCTN_LN" ("BKMK_NO") ENABLE;
--------------------------------------------------------
--  Ref Constraints for Table ECCST_DBX
--------------------------------------------------------

  ALTER TABLE "TEAM4_202104F"."ECCST_DBX" ADD CONSTRAINT "ECCST_DBX_FK1" FOREIGN KEY ("SANCTN_NO")
	  REFERENCES "TEAM4_202104F"."ECCST_SANCTN_MNGT" ("SANCTN_NO") ENABLE;
--------------------------------------------------------
--  Ref Constraints for Table ECCST_ENVRN_SETUP
--------------------------------------------------------

  ALTER TABLE "TEAM4_202104F"."ECCST_ENVRN_SETUP" ADD CONSTRAINT "FK_ORGNZT_MNGT_TO_ECST2" FOREIGN KEY ("EMPNO")
	  REFERENCES "TEAM4_202104F"."ORGNZT_EMP_MNGT" ("EMPNO") ENABLE;
--------------------------------------------------------
--  Ref Constraints for Table ECCST_SANCTN_MNGT
--------------------------------------------------------

  ALTER TABLE "TEAM4_202104F"."ECCST_SANCTN_MNGT" ADD CONSTRAINT "FK_ECST_FRM_TO_ECST_MNGT" FOREIGN KEY ("FORM_NO")
	  REFERENCES "TEAM4_202104F"."ECCST_REGSTR_FORM" ("FORM_NO") ENABLE;
  ALTER TABLE "TEAM4_202104F"."ECCST_SANCTN_MNGT" ADD CONSTRAINT "FK_ORGNZT_MNGT_TO_ECST" FOREIGN KEY ("EMPNO")
	  REFERENCES "TEAM4_202104F"."ORGNZT_EMP_MNGT" ("EMPNO") ENABLE;
--------------------------------------------------------
--  Ref Constraints for Table JOB_ANSWER
--------------------------------------------------------

  ALTER TABLE "TEAM4_202104F"."JOB_ANSWER" ADD CONSTRAINT "FK_JOB_MNGT_TO_JOB_ANSWER" FOREIGN KEY ("JOB_NO")
	  REFERENCES "TEAM4_202104F"."JOB_MNGT" ("JOB_NO") ENABLE;
--------------------------------------------------------
--  Ref Constraints for Table JOB_RCV
--------------------------------------------------------

  ALTER TABLE "TEAM4_202104F"."JOB_RCV" ADD CONSTRAINT "JOB_RCV_FK1" FOREIGN KEY ("JOB_NO")
	  REFERENCES "TEAM4_202104F"."JOB_MNGT" ("JOB_NO") ENABLE;
--------------------------------------------------------
--  Ref Constraints for Table NTCN_RCVER
--------------------------------------------------------

  ALTER TABLE "TEAM4_202104F"."NTCN_RCVER" ADD CONSTRAINT "NTCN_RCVER_FK1" FOREIGN KEY ("NTCN_NO")
	  REFERENCES "TEAM4_202104F"."NTCN" ("NTCN_NO") ENABLE;
--------------------------------------------------------
--  Ref Constraints for Table ORGNZT_CHGHST
--------------------------------------------------------

  ALTER TABLE "TEAM4_202104F"."ORGNZT_CHGHST" ADD CONSTRAINT "FK_MNGT_TO_ORGNZT_CHGHST" FOREIGN KEY ("EMPNO")
	  REFERENCES "TEAM4_202104F"."ORGNZT_EMP_MNGT" ("EMPNO") ENABLE;
--------------------------------------------------------
--  Ref Constraints for Table SCHDUL_BKMK
--------------------------------------------------------

  ALTER TABLE "TEAM4_202104F"."SCHDUL_BKMK" ADD CONSTRAINT "FK_MNGT_TO_SCHDL_BKMK" FOREIGN KEY ("EMPNO")
	  REFERENCES "TEAM4_202104F"."ORGNZT_EMP_MNGT" ("EMPNO") ENABLE;
  ALTER TABLE "TEAM4_202104F"."SCHDUL_BKMK" ADD CONSTRAINT "FK_SCHDUL_MNGT_TO_SCHDUL_BKMK" FOREIGN KEY ("FX_NO")
	  REFERENCES "TEAM4_202104F"."SCHDUL_MNGT" ("SCHDUL_NO") ENABLE;
--------------------------------------------------------
--  Ref Constraints for Table SCHDUL_MNGT
--------------------------------------------------------

  ALTER TABLE "TEAM4_202104F"."SCHDUL_MNGT" ADD CONSTRAINT "FK_MNGT_TO_SCHDL_MNGT" FOREIGN KEY ("EMPNO")
	  REFERENCES "TEAM4_202104F"."ORGNZT_EMP_MNGT" ("EMPNO") ENABLE;
--------------------------------------------------------
--  Ref Constraints for Table SCHDUL_PRTCPNT
--------------------------------------------------------

  ALTER TABLE "TEAM4_202104F"."SCHDUL_PRTCPNT" ADD CONSTRAINT "FK_SCHDL_MNGT_TO_SCHDL" FOREIGN KEY ("SCHDUL_NO")
	  REFERENCES "TEAM4_202104F"."SCHDUL_MNGT" ("SCHDUL_NO") ENABLE;
